:020000040800F2
:10400000C83000208541000805490008FD48000827
:1040100001490008F54800089D78000800000000EC
:10402000000000000000000000000000B56800086B
:10403000F948000800000000E5490008B9680008D8
:104040009F4100089F4100089F4100089F410008D0
:104050009F4100089F4100089F4100089F410008C0
:104060009F4100089F4100089F4100089F410008B0
:104070009F4100089F4100089F4100089F410008A0
:104080009F4100089F4100089F4100089F41000890
:104090009F4100089F4100089F4100089F41000880
:1040A0009F4100089F4100089F4100089F41000870
:1040B000557000082D7500089F4100089F410008B9
:1040C0009F4100089F4100089F4100089F41000850
:1040D0009F410008AD76000851770008F577000889
:1040E0009F4100089F4100089F4100080000000018
:1040F00000000000000000000000000000000000C0
:10410000000000009F4100089F41000800000000DF
:104110005D75000805760008000000000000000042
:104120009F4100089F4100089F4100089F410008EF
:10413000000000000000000000000000000000007F
:104140000000000000000000000000009F41000887
:1041500000000000000000009F4100089F4100088F
:104160000000000000000000000000009F41000867
:10417000DFF80CD000F032F9004800478D07010845
:10418000C83000200648804706480047FEE7FEE7A3
:10419000FEE7FEE7FEE7FEE7FEE7FEE7FEE7FEE7F7
:1041A000AD6F0008714100082DE9FE4F804681EA9D
:1041B0000300C00F0C46009021F0004123F00045A1
:1041C000B8EB0200A94105D24046214690461C4664
:1041D0000B46024623F00040104347D0270DC7F39B
:1041E0000A00C3F30A510290401A019040286BDA8A
:1041F000C3F3130040F4801B0098924620B10023C3
:10420000D2EB030A63EB0B0B01985946C0F1400255
:10421000504600F0FBF806460D4650465946019AB6
:1042200000F013F910EB08006141002487EA1152F5
:1042300084EAE7731A4340D0009A62B3019A012AD4
:104240004FEA075215DC001B61EB02014FF0004200
:1042500002EA0752CDE90042001C41F580113246C6
:104260002B4600F013F903B0BDE8F08F404621461D
:10427000F9E7001B61EB0201001C41F580130018F7
:104280005B412018A2F5001747EB030140EAD57007
:10429000B6196D4111E06D084FEA360645EAC07562
:1042A0004FEA0752001B61EB0201001C41F580112F
:1042B00049084FEA30000019514132462B4603B0FD
:1042C000BDE8F04F00F0D3B8009801224000002371
:1042D000D0EB020263EBE073009821464FEAE074F2
:1042E000B8EB000061EB0401E9E783F000435BE712
:1042F00081F0004158E72DE9FE4F81EA030404F004
:10430000004421F0004100944FF0000B23F00043E3
:1043100050EA01045ED052EA03045BD0C3F30A54AE
:10432000C1F30A552C44A4F2F3340194A0FB0254C7
:10433000C1F3130141F48011C3F3130343F4801359
:1043400001FB024400FB034E840A970A44EA8154AD
:1043500047EA8357A4FB076802958D0A05FB07858A
:104360004FEA932C04FB0C542705029D4FEA065894
:1043700047EA1637B5EB08056EEB070C870E920E71
:1043800047EA811742EA8312A7FB0201B6EB0B0151
:1043900064EB00042B0D43EA0C335E1844EB1C5015
:1043A000DA465146E7FB0201C5F313044FEA0B332B
:1043B00043EA14534FEA0432019C43EA0603A4F192
:1043C0000C040294009CCDE900B400F05FF803B047
:1043D000BDE8F08F00200146F9E700001CB5094850
:1043E0000090094801900546009C06E0E06840F016
:1043F000010394E8070098471034AC42F6D3FFF766
:10440000BBFE0000B04D0108D04D0108202A04DB9E
:10441000203A00FA02F1002070479140C2F12003D7
:1044200020FA03F3194390407047202A04DB203A16
:1044300021FA02F00021704721FA02F3D040C2F1C4
:1044400020029140084319467047202A06DBCB170B
:10445000203A41FA02F043EAE07306E041FA02F33F
:10446000D040C2F12002914008431946704710B570
:10447000141E73F1000408DA401C41F10001921887
:104480005B411A4301D120F0010010BD2DE9F04D30
:1044900092469B4611B1B1FA81F202E0B0FA80F285
:1044A00020329046FFF7B2FF04460F4640EA0A006A
:1044B00041EA0B0153465A46084313D0114653EACA
:1044C000010019D0C8F140025046FFF7AEFF054683
:1044D0000E46504659464246FFF798FF084305D01E
:1044E000012004E020463946BDE8F08D0020054358
:1044F00046EAE0762C4337430A986305E40AA0EBCA
:1045000008000022FD0A44EA47540A3002D5002080
:104510000146E9E7010510196941DDE9084500197F
:104520006941BDE8F04DA2E7D2B201E000F8012BED
:10453000491EFBD270470022F6E710B513460A4623
:1045400004461946FFF7F0FF204610BDF0B480EA9C
:104550000102D40F4200B2EB410F02D202460846DC
:1045600011464A0042D0C30DDDB2C1F3C752AD1AA5
:10457000202D35DAC1F3160141F4000204B1524294
:10458000C5F1200602FA06F12A411044B3EBD05FD0
:1045900023D0C4B1012DA0EBC35009DCF0BC4FF017
:1045A000004202EAC352DBB200F5000000F074B929
:1045B000400000F1807000EBC350A0F1807040EA31
:1045C000D170490009E0490841EAC071A0EBC3502D
:1045D00000F50000400800EBC350F0BC00F053B9F8
:1045E0006142012202EB4101001BF6E7F0BC70477B
:1045F00081F00041AAE780F00040A7E780EA0102CD
:1046000010B502F00043400022D04A001FD0010E36
:1046100001EB1261C0F35600C2F3560240F40000F1
:1046200042F40002A0FB022000047F39140400D0F1
:10463000401C50EA124001D44000491EC2B20C0690
:1046400004EBD010401C4008802A02D003E0002078
:1046500010BD20F00100002900DA0020184310BD31
:10466000002801DBC0F10040002901DBC1F100415D
:10467000814201D80120704700207047002801DBEB
:10468000C0F10040002901DBC1F10041814201D2AB
:104690000120704700207047002801DBC0F1004076
:1046A000002901DBC1F10041814201D301207047A3
:1046B00000207047002801DBC0F10040002901DB29
:1046C000C1F10041814201D90120704700207047AB
:1046D00030B5041E71F1000404DB4FF00044404289
:1046E00064EB0101141E73F1000405DB1C464FF05E
:1046F0000043524263EB0403801A994101D2012026
:1047000030BD002030BDC10F80EAE0700844CA0708
:104710009623002100F0C0B896230022114600F035
:10472000BBB80EB5C10F80EAE0700844CA0700218B
:1047300040F233438DE80E000A460B46FFF7A6FE13
:1047400003B000BD0EB540F2334102910021CDE926
:1047500000110A460B46FFF799FE03B000BD00F0BA
:10476000004220F00040C10DC0F3160040F40000EC
:104770007F2901DA00207047962903DCC1F19601F8
:10478000C84001E096398840002AF4D04042704782
:1047900020F00040C10DC0F3160040F400007F2956
:1047A00001DA00207047962903DCC1F19601C84068
:1047B000704796398840704770B5C1F30A5201F0CE
:1047C00000450024C1F3130140F2FF3341F480118E
:1047D0009A4201DA002070BD40F233439A42A2F2BD
:1047E000334203DC5242FFF720FE00E090402C43AE
:1047F000F1D0404270BDC1F30A5210B5C1F31301AC
:1048000040F2FF3341F480119A4201DA002010BDDA
:1048100040F233439A42A2F2334203DC5242FFF7A2
:1048200004FE10BD904010BD00F0004230F000408A
:104830000AD0C10D01F56071C0F3160042EA0151C2
:10484000C20840071143704700200146704701F03D
:10485000004330B421F0004150EA010206D00A0DB5
:10486000A2F56072C1F31301002A02DC30BC002003
:104870007047440F44EAC104C100E01830BC00EBAB
:10488000C250AFF300800029A8BF7047401C490008
:1048900008BF20F00100704710B4B0FA80FC00FAA5
:1048A0000CF050EA010404BF10BC704749B1CCF1D0
:1048B000200421FA04F411FA0CF118BF012121435C
:1048C0000843A3EB0C01CB1D4FEA00614FEA102017
:1048D00042BF002010BC704700EBC35010440029B9
:1048E000A4BF10BC7047401C490008BF20F0010065
:1048F00010BC7047FEE7000070470000FEE70000B4
:10490000FEE7000070470000F0B583B0FFF770FECF
:1049100042F21026C2F2000670617169F069FFF779
:1049200015FEF0614CF60004F069C4F22F742146C4
:10493000FFF7A4FE002808BFF461F06900210024FD
:10494000FFF7B8FE002808BFF461D6E9004570699A
:10495000776A3169FFF74CFEB06170692146FFF755
:104960004DFEF169044608462946FFF747FE0290CE
:10497000019702980199FFF773FE002804BF019880
:1049800002900298019981F00041FFF785FE18B965
:10499000019880F00040029002982146FFF7D6FD72
:1049A000B269B168044675691046FFF727FE0146F3
:1049B0002046FFF7CBFD30623561306AB16AFFF700
:1049C0004FFE002804BFB06A3062306AB16A81F0DD
:1049D0000041FFF761FE002804BF00203062306A0A
:1049E00003B0F0BD704700002DE9F04381B042F6FE
:1049F0008042C2F20002517B022914D1461C578822
:104A0000002331461588BD4210D095680133EF5D13
:104A100001F8017B578895880137B7FBF5F404FB53
:104A200015775780EEE700F1810760E000215173B0
:104A30000746D9B2092907F8813F40F094803178C0
:104A40005A2940F054808178A52940F0508081791E
:104A50000B39482900F24B80DFE811F04C00A2032B
:104A600077034E033A044900490049006F03570297
:104A700070021A03E4024E04F501E30199042B03CA
:104A80003C036F0409045C059202C30475013A02F9
:104A9000AE01F6029101DA05BD0506029A02C203D3
:104AA000C7023D06DB0190042D066501E8035401B1
:104AB000D80023021203BA04490049005D064900E8
:104AC0006D01DF03490049004900240449004606FE
:104AD0001B04060149004900490088002807080610
:104AE000B5004404F104AB006F053F0552070020F8
:104AF000387038E042F64015C2F2000595F83F10D4
:104B00000229F4D00122A5F85A20A5F85520002248
:104B10000029EA8385F84720E9D1017A447A08021E
:104B2000FFF7FFFD804620460E46FFF70BFE0023F1
:104B3000C4F204030022FFF7DEFB42463346FFF7D0
:104B400033FBFFF739FE43F23432642898BF642008
:104B500000EBC001C3F23332A1FB0212A88302F1C1
:104B600020006884C3E701B0BDE8F08342F640113D
:104B7000C2F2000191F83F20002AB8D10122A1F829
:104B80005A20A1F855200022CA83407A012801F05A
:104B90001B830028ABD191F84100012801F0F48477
:104BA0000028A4D1888B6422642888BF421E00F0AC
:104BB000A1BE42F64010C2F2000090F83F1000295A
:104BC00095D100F093BC407A012800F0EE860028D1
:104BD0008DD142F64010C2F2000090F83F10032938
:104BE00001F0E68300297FF482AF0121A0F85A107A
:104BF000A0F8571090F8241000220A2980F82520E8
:104C000040F25485053980F8241070E742F64011CF
:104C1000C2F2000191F83F20002A7FF468AF91F8BA
:104C20004130427A012B0ED1007A42EA002000EB9B
:104C3000800048F63962A038C3F6E30250FB02F068
:104C4000421002EBD072087F91F83830801A184475
:104C500040B26428A8BF642010F1640FD8BF6FF081
:104C6000630081F8380042E742F64014C2F20004C3
:104C700094F83F1000297FF43AAF407A012801F000
:104C8000B38200287FF433AF40F2B110C2F20000CB
:104C900001780131CAB20A2A0170FFF428AF40F24C
:104CA000B011C2F200010A78002A7FF420AF00227E
:104CB00002700120087042F6C020C2F200000221FA
:104CC000017094F8410094F82430B4F88A10012857
:104CD000A4F89430A4F8961001F05085002841F013
:104CE0006A85A38B43F2343103EBC300C3F2333143
:104CF000A0FB010101F12000A4F89230A4F8AA0061
:104D000001F04DBD008940F2E73200BA010C91423A
:104D100038BF020C42F64010C2F20000012A98BFD0
:104D200001228286E3E6407A42F64011C2F2000197
:104D300081F84600DBE6407A42F64011C2F20001FB
:104D400081F84800D3E642F64011C2F2000191F822
:104D50008820032A3FF6CBAEDFE812F004007E077E
:104D6000530770070089C82300BA020CC82A38BF4D
:104D7000030C052B98BF0523A1F8B630B7E642F621
:104D80004011C2F2000191F88820032A3FF6AFAE2D
:104D9000DFE812F004009E0745078F07008940F204
:104DA000E73300BA020C9A4238BF030C012B98BFBC
:104DB0000123A1F8C0309AE642F64011C2F2000188
:104DC00091F88820032A3FF692AEDFE812F0040043
:104DD000AF0753079007008991F8412040BA012A94
:104DE000A1F8BA000ED100EB800048F63962A03875
:104DF000C3F6E30250FB02F0421002EBD07290B215
:104E0000A1F8BA20642801F20C836420A1F8BA004A
:104E10006DE6407A42F64011C2F2000181F842008C
:104E200065E6008940F2E73200BA010C914238BFD2
:104E3000020C42F64010C2F20000012A98BF012283
:104E4000A0F89C2053E60089C82200BA010CC829AA
:104E500038BF020C42F64010C2F20000052A98BF8B
:104E60000522A0F89A2042E642F64011C2F2000163
:104E700091F88820032A3FF63AAEDFE812F00400EA
:104E8000A30776078507008940F2E73300BA020CD2
:104E90009A4238BF030C012B98BF0123A1F8C830F8
:104EA00025E6008940F2E73200BA010C914238BF92
:104EB000020C42F640100029C2F200004FF000013F
:104EC00008BF0122A0F88A20028580F854100EE65F
:104ED00042F64011C2F2000191F88820032A3FF601
:104EE00006AEDFE812F00400BB076007AC070089DC
:104EF00040F2E73300BA020C9A4238BF030C012B90
:104F000098BF0123A1F8B830F1E5008900BA000C80
:104F1000022800F06A86012800F0598600287FF4F4
:104F2000E6AD42F64010C2F20000012180F84D10BB
:104F300080F840100021A0F84F10D8E542F640114B
:104F4000C2F2000191F84120002A00F04C85012AAC
:104F500040F05C85008948F6396200BA000CA1F87F
:104F6000AA0000EB8000A038C3F6E30250FB02F079
:104F7000421002EBD07290B2A1F8922000F048BD2E
:104F8000407A42F64011C2F2000181F88800AEE595
:104F900042F64011C2F2000191F88820032A3FF640
:104FA000A6ADDFE812F0040098071E076A07008923
:104FB00091F8412040BA012AA1F8CA000ED100EBB5
:104FC000800048F63962A038C3F6E30250FB02F0D5
:104FD000421002EBD07290B2A1F8CA20642801F20C
:104FE00044826420A1F8CA0081E542F64011C2F271
:104FF000000191F88820032A3FF679ADDFE812F02E
:1050000004008A0710075C07008940F2E73300BA02
:10501000020C9A4238BF030C012B98BF0123A1F860
:10502000D03064E5008940F2E73200BA010C9142C9
:1050300038BF020C42F64010C2F20000012A98BFAD
:105040000122A0F8962052E542F64011C2F200017A
:1050500091F88820032A3FF64AADDFE812F00400F9
:1050600086076A0778070089C82300BA020CC82A95
:1050700038BF030C052B98BF0523A1F8BE3036E5D9
:10508000407A42F64011C2F2000181F849002EE553
:105090000089C82200BA010CC82938BF020C42F6A8
:1050A0004010C2F20000052A98BF0522A0F8942003
:1050B0001DE50089C82200BA010CC82938BF020CBE
:1050C00042F64010C2F20000052A98BF0522A0F85F
:1050D000A0200CE5008940F2E73200BA010C9142B1
:1050E00038BF020C42F64010C2F20000012A98BFFD
:1050F0000122A0F8A220FAE442F64011C2F2000117
:1051000091F83F30022B3FF4F2AC01220026032B32
:10511000A1F85A20A1F8572081F8256001F04180BC
:10512000002B7FF4E4AC407A052898BF0520C828FE
:1051300028BFC82081F82400D9E4407A42F6401103
:10514000C2F2000181F84E00D1E442F64011C2F2F1
:10515000000191F83F20022A3FF4C9AC0123A1F8D5
:105160005A30A1F855300023002ACB837FF4BFAC1E
:10517000008991F8412000BA012A4FEA104241F01B
:10518000CE8102EB820048F63963A038C3F6E30310
:1051900050FB03F35E10104606EBD37201F0C9B961
:1051A00042F64011C2F2000191F83F20022A3FF47A
:1051B0009EAC01230026032AA1F85A30A1F85730EB
:1051C00081F8256081F8473000F0F687002A7FF4E7
:1051D0008EAC407A052898BF052081F8240086E42B
:1051E00042F64011C2F2000191F88820032A3FF6EE
:1051F0007EACDFE812F00400E406C806D60600899B
:10520000C82300BA020CC82A38BF030C052B98BF6C
:105210000523A1F8CE30FFF76ABC407A42F6401170
:10522000C2F2000181F84D00FFF761BC008901BAAC
:1052300042F64010C2F2000090F84120090C002A0A
:10524000018600F00284012A7FF451ACD42928BFE2
:10525000D421212998BF212101EB8101A03989B2F4
:105260004EF28F325143C90C0186FFF740BC0089D2
:10527000C82200BA010CC82938BF020C42F64010FF
:10528000C2F20000052A98BF0522A0F8A620FFF769
:105290002EBC407A42F64011C2F2000181F84A0069
:1052A000FFF725BC417A42F64010C2F20000002907
:1052B00080F8501000F0D28301297FF418ACB0F8C8
:1052C000B810A0F88E10012180F84F10FFF70FBC26
:1052D00042F64010C2F2000090F83F1000297FF41F
:1052E00006AC03E142F64010C2F2000090F83F1015
:1052F00000297FF4FCABF9E042F64011C2F2000154
:1053000091F84120002A00F0AE83012A40F0E483A6
:10531000008948F6396200BA000CA1F8AC0000EB35
:105320008000A038C3F6E30250FB02F0421002EB0B
:10533000D07290B2A1F89820D0E342F64011C2F2A8
:10534000000191F84120002A00F0A083012A40F0DA
:10535000E283008948F6396200BA000CA1F8B00077
:1053600000EB8000A038C3F6E30250FB02F04210CD
:1053700002EBD07290B2A1F8A420CEE3407A42F6BC
:105380004011C2F2000181F84300FFF7B0BB42F6C2
:105390004011C2F2000191F84120002A00F08983F7
:1053A000012A40F0D783008948F6396200BA000C20
:1053B000A1F8AE0000EB8000A038C3F6E30250FB7A
:1053C00002F0421002EBD07290B2A1F89E20C3E32B
:1053D000407A42F64011C2F2000181F84C00FFF71A
:1053E00086BB42F64011C2F2000191F88820032AE0
:1053F0003FF67DABDFE812F004002F06F105100642
:10540000008991F8412040BA012AA1F8B2000ED1DA
:1054100000EB800048F63962A038C3F6E30250FB87
:1054200002F0421002EBD07290B2A1F8B2206428D0
:1054300001F23F806420A1F8B200FFF758BB42F6AA
:105440004014C2F2000494F83F1000297FF44FABDF
:10545000407A012800F0FC8600287FF448AB40F237
:10546000B310C2F2000001780131CAB20A2A0170F9
:10547000FFF43DAB40F2B211C2F200010A78002AFB
:105480007FF435AB002202700120087042F6C02084
:10549000C2F200000221017094F8410094F8243017
:1054A000B4F88A100128A4F89A30A4F89C1001F0EE
:1054B0008B81002841F0A581A38B43F2343103EBAB
:1054C000C300C3F23331A0FB010101F12000A4F8B5
:1054D0009830A4F8AC0001F088B942F64010C2F24E
:1054E000000090F83F1000297FF401AB90F83C10C9
:1054F0000022012980F8542000F0548200297FF412
:10550000F6AA90F84E1002291CBF012180F83C1029
:10551000FFF7EDBA008940F2E73200BA010C914280
:1055200038BF020C42F64010C2F20000012A98BFB8
:105530000122A0F8A820FFF7DABA42F64014C2F21E
:10554000000494F83F1000297FF4D1AA407A012882
:1055500000F0AF8600287FF4CAAA40F2B510C2F26C
:10556000000001780131CAB20A2A0170FFF4BFAA13
:1055700040F2B411C2F200010A78002A7FF4B7AAFF
:10558000002202700120087042F6C020C2F2000022
:105590000221017094F8410094F82430B4F88A1084
:1055A0000128A4F8A030A4F8A21001F0338100284B
:1055B00041F04D81A38B43F2343103EBC300C3F2BE
:1055C0003331A0FB010101F12000A4F89E30A4F8C2
:1055D000AE0001F030B942F64011C2F2000191F87C
:1055E0008820032A3FF683AADFE812F00400AE0504
:1055F000540581050089C82300BA020CC82A38BFA7
:10560000030C052B98BF0523A1F8C630FFF76FBA2E
:1056100042F64011C2F2000191F88820032A3FF6B9
:1056200066AADFE812F004009F05450572050089AF
:1056300091F8412040BA012AA1F8C2000ED100EB36
:10564000800048F63962A038C3F6E30250FB02F04E
:10565000421002EBD07290B2A1F8C220642800F28E
:105660004C876420A1F8C200FFF741BA407A0128B4
:1056700000F08F8200287FF43AAA42F64010C2F26E
:10568000000090F83F10032900F0A58600297FF460
:105690002EAA0121A0F85A10A0F8571090F8241053
:1056A0000022052980F8252000F25F87052180F877
:1056B0002410FFF71CBA40F2B811C2F20001407A80
:1056C0000B7842F64012C2F20002834282F8440094
:1056D0003FF40DAA17E0407A42F64011C2F20001F1
:1056E00081F84100FFF703BA40F2B911C2F200019C
:1056F000407A0B7842F64012C2F20002834282F8EE
:1057000045003FF4F4A9002382F8543082F83F307A
:105710000870FFF7ECB9417A42F640100029C2F256
:10572000000018BF012180F852103FF4E0A94FF4A7
:105730008C714FF433720A264FF00135A0F8C21075
:10574000142142843C220685C0F842500125A0F86D
:105750008A604FF4AF76C0F2040180F82420322230
:1057600080F84650A0F84C50A0F8926040F296267F
:1057700040F2F025C0F8C610142102861E22C0F2A5
:10578000CC26C0F24A352823C0F205018286C0F833
:10579000AA601426C0F8AE5028259622C0F20A034B
:1057A000C0F8CE10C0F8F610C0F81C114FF4FA7112
:1057B000C0F20A06C0F21405A0F8B220C0F8B63054
:1057C000A0F8DA202822C0F8EE302823A0F82E1105
:1057D0001E214FF48034C0F894601E26C0F8A050FB
:1057E0003C25C0F20302C0F20803C0F20601846443
:1057F000C0F20F06C0F21E051424C0F8DE201E22DF
:10580000C0F80C312823C0F8321128214FF4BE799A
:105810004FF0640E4FF0000CC0F89A604FF4C87659
:105820004FF4E178C0F8A6504FF48275C0F203043B
:10583000C0F20402C0F20403C0F20501A0F81C90FB
:1058400080F826E080F838C080F841C0A0F8989031
:10585000A0F89E60A0F8A480A0F8BA50C0F8BE409E
:10586000A0F8CAE0A0F8E250C0F8E640A0F8EA903C
:10587000A0F8F250A0F80061C0F80421A0F8088157
:10588000A0F81091C0F81431A0F81851A0F82661C2
:10589000C0F82A21A0F83691C0F83A31A0F83E515C
:1058A000C0F8421180F889C0FFF721B942F64011D3
:1058B000C2F2000191F83F20002A7FF418A90122CA
:1058C000A1F85A20A1F855200022CA83407A012865
:1058D00000F0208500287FF40AA991F841000128F2
:1058E00000F0638600287FF402A9888B421F6A2893
:1058F00038BF642290B2C00010FA82F000F01BBDE5
:1059000042F64015C2F2000595F83F1000297FF4D9
:10591000EEA8407A012800F01A8500287FF4E7A855
:1059200040F2B710C2F2000001780131CAB20A2A6F
:105930000170FFF4DCA840F2B611C2F200010A784F
:10594000002A7FF4D4A8002202700120087042F6D9
:10595000C020C2F200000221017095F8410095F8C4
:105960002430B5F88A1042F6C4240128C2F200049B
:10597000A5F8A630A5F8A81000F07287002840F01E
:105980008987AB8B43F2343103EBC300C3F233316D
:10599000A0FB010101F12000A5F8A430A5F8B0009A
:1059A00000F06FBF4285FFF7A2B842F64010C2F286
:1059B000000090F83F10032900F0048500297FF4CF
:1059C00096A80121A0F85A10A0F8571090F82410BA
:1059D0000022C32980F8252080F0F480053180F86A
:1059E0002410FFF784B8B1F8AA2043F234330089B9
:1059F00002EBC202C3F23333A2FB032340BA03F12A
:105A00002002A1F89200A1F8AA2001E0B1F89200CA
:105A1000652801D2642004E0B0F5FA7F03D34FF487
:105A2000FA70A1F89200B1F8AA00D42804D8D420C2
:105A3000A1F8AA00FFF75BB8B0F5697F24BF4FF467
:105A40006970A1F8AA00FFF752B8002900F0FC83A2
:105A5000642924BF64210186FFF749B8002180F83A
:105A60004F10FFF744B8B1F8AC2043F2343300894B
:105A700002EBC202C3F23333A2FB032340BA03F1A9
:105A80002002A1F89800A1F8AC2027E0B1F8B020DE
:105A900043F23433008902EBC202C3F23333A2FB78
:105AA000032340BA03F12002A1F8A400A1F8B0201A
:105AB00033E0B1F8AE2043F23433008902EBC20286
:105AC000C3F23333A2FB032340BA03F12002A1F84F
:105AD0009E00A1F8AE203FE0B1F89800652801D201
:105AE000642004E0B0F5FA7F03D34FF4FA70A1F814
:105AF0009800B1F8AC00D42804D8D420A1F8AC00A8
:105B0000FEF7F5BFB0F5697F24BF4FF46970A1F8C7
:105B1000AC00FEF7ECBFB1F8A400652801D2642008
:105B200004E0B0F5FA7F03D34FF4FA70A1F8A400B3
:105B3000B1F8B000D42804D8D420A1F8B000FEF702
:105B4000D6BFB0F5697F24BF4FF46970A1F8B000EB
:105B5000FEF7CDBFB1F89E00652801D2642004E0B5
:105B6000B0F5FA7F03D34FF4FA70A1F89E00B1F8B4
:105B7000AE00D42804D8D420A1F8AE00FEF7B7BFF9
:105B8000B0F5697F24BF4FF46970A1F8AE00FEF74D
:105B9000AEBF42F64010C2F2000090F83F10032959
:105BA00000F0238400297EF4A2AF0121A0F85A104E
:105BB000A0F8571090F824100022C82980F825205A
:105BC000C0F0D884C82180F82410FEF790BF42F6B8
:105BD0004010C2F20000012180F84010002180F83E
:105BE0004D10A0F84F10FEF782BF42F64010C2F2EF
:105BF0000000022180F84010002180F84D10FEF7CF
:105C000076BF0089C82300BA020CC82A38BF030C2B
:105C1000052B98BF0523A1F80431FEF768BF008962
:105C200040F2E73300BA020C9A4238BF030C012B52
:105C300098BF0123A1F80E31FEF759BF0089C82390
:105C400000BA020CC82A38BF030C052B98BF0523E5
:105C5000A1F82A31FEF74BBF0089C82300BA020C15
:105C6000C82A38BF030C052B98BF0523A1F8DE30E6
:105C7000FEF73DBF008991F8412040BA012AA1F802
:105C800008010ED100EB800048F63962A038C3F657
:105C9000E30250FB02F0421002EBD07290B2A1F886
:105CA0000821642800F2AB836420A1F80801FEF704
:105CB0001EBF008940F2E73300BA020C9A4238BF97
:105CC000030C012B98BF0123A1F83431FEF70FBF5D
:105CD000008940F2E73300BA020C9A4238BF030C45
:105CE000012B98BF0123A1F8E830FEF700BF00891F
:105CF00091F8412040BA012AA1F82E010ED100EB03
:105D0000800048F63962A038C3F6E30250FB02F087
:105D1000421002EBD07290B2A1F82E21642800F25A
:105D200077836420A1F82E01FEF7E1BE008991F887
:105D3000412040BA012AA1F8E2000ED100EB800018
:105D400048F63962A038C3F6E30250FB02F0421075
:105D500002EBD07290B2A1F8E220642800F26A83CC
:105D60006420A1F8E200FEF7C2BE008940F2E733EA
:105D700000BA020C9A4238BF030C012B98BF0123D2
:105D8000A1F81631FEF7B3BE008940F2E73300BA3E
:105D9000020C9A4238BF030C012B98BF0123A1F8D3
:105DA0003C31FEF7A4BE008940F2E73300BA020C92
:105DB0009A4238BF030C012B98BF0123A1F806318A
:105DC000FEF795BE008940F2E73300BA020C9A4212
:105DD00038BF030C012B98BF0123A1F8F030FEF768
:105DE00086BE008991F8412040BA012AA1F8180125
:105DF0000ED100EB800048F63962A038C3F6E3020A
:105E000050FB02F0421002EBD07290B2A1F81821C0
:105E1000642800F218836420A1F81801FEF767BE19
:105E2000008940F2E73300BA020C9A4238BF030CF3
:105E3000012B98BF0123A1F81E31FEF758BE00893F
:105E400040F2E73300BA020C9A4238BF030C012B30
:105E500098BF0123A1F82C31FEF749BE008940F21A
:105E6000E73300BA020C9A4238BF030C012B98BFEB
:105E70000123A1F8E030FEF73ABE008991F84120F5
:105E800040BA012AA1F83E010ED100EB800048F68D
:105E90003962A038C3F6E30250FB02F0421002EB75
:105EA000D07290B2A1F83E21642800F2D58264201D
:105EB000A1F83E01FEF71BBE008940F2E73300BAAD
:105EC000020C9A4238BF030C012B98BF0123A1F8A2
:105ED0004431FEF70CBE008991F8412040BA012AF6
:105EE000A1F8F2000ED100EB800048F63962A0382C
:105EF000C3F6E30250FB02F0421002EBD07290B204
:105F0000A1F8F220642800F2B9826420A1F8F2001E
:105F1000FEF7EDBD008940F2E73300BA020C9A4269
:105F200038BF030C012B98BF0123A1F8F830FEF70E
:105F3000DEBD0089C82300BA020CC82A38BF030C92
:105F4000052B98BF0523A1F80C31FEF7D0BD0089C1
:105F5000C82300BA020CC82A38BF030C052B98BF0F
:105F60000523A1F83231FEF7C2BD0089C82300BA6B
:105F7000020CC82A38BF030C052B98BF0523A1F8D3
:105F8000E630FEF7B4BD0089C82300BA020CC82A67
:105F900038BF030C052B98BF0523A1F81C31FEF771
:105FA000A6BD0089C82300BA020CC82A38BF030C5A
:105FB000052B98BF0523A1F84231FEF798BD008953
:105FC000C82300BA020CC82A38BF030C052B98BF9F
:105FD0000523A1F8F630FEF78ABD008991F841202B
:105FE00040BA012AA1F800010ED100EB800048F66A
:105FF0003962A038C3F6E30250FB02F0421002EB14
:10600000D07290B2A1F80021642800F2408264208E
:10601000A1F80001FEF76BBD008991F8412040BA5C
:10602000012AA1F826010ED100EB800048F6396262
:10603000A038C3F6E30250FB02F0421002EBD0722C
:1060400090B2A1F82621642800F22A826420A1F8E7
:106050002601FEF74CBD008991F8412040BA012A83
:10606000A1F8DA000ED100EB800048F63962A038C2
:10607000C3F6E30250FB02F0421002EBD07290B282
:10608000A1F8DA20642800F21D826420A1F8DA0069
:10609000FEF72DBD0089C82300BA020CC82A38BFFC
:1060A000030C052B98BF0523A1F81431FEF71FBD83
:1060B000008991F8412040BA012AA1F810010ED1BF
:1060C00000EB800048F63962A038C3F6E30250FBCB
:1060D00002F0421002EBD07290B2A1F810216428B5
:1060E00000F2F9816420A1F81001FEF700BD0089DB
:1060F000C82300BA020CC82A38BF030C052B98BF6E
:106100000523A1F83A31FEF7F2BC008991F841204D
:1061100040BA012AA1F836010ED100EB800048F602
:106120003962A038C3F6E30250FB02F0421002EBE2
:10613000D07290B2A1F83621642800F2D581642093
:10614000A1F83601FEF7D3BC0089C82300BA020CBF
:10615000C82A38BF030C052B98BF0523A1F8EE30E1
:10616000FEF7C5BC008991F8412040BA012AA1F888
:10617000EA000ED100EB800048F63962A038C3F681
:10618000E30250FB02F0421002EBD07290B2A1F891
:10619000EA20642800F2BA816420A1F8EA00FEF740
:1061A000A6BC407A012888BF0246C82A28BFC82258
:1061B00081F82620FEF79BBC407A012888BF034661
:1061C00081F82630FEF793BC91F84100012800F0D9
:1061D000E18100287EF48BAC888B4FF4FA72B0F525
:1061E000FA7F38BF421CA4E040F2B015C2F20005AD
:1061F0002878002840F02F824FF00110C4F8550095
:106200000020E08384F8250094F841000121002853
:10621000A4F85A1084F8891000F0F681012840F0A3
:106220000382B4F8AA0048F63961608400EB80006C
:10623000A038C3F6E30150FB01F0411001EBD07030
:10624000A083A4F89200EFE100210186FEF74FBC85
:1062500040F2B215C2F200052878002840F02882EA
:106260000120A4F85A004FF00110C4F85500002096
:10627000E08384F8250094F841000221002884F886
:10628000891000F0EE81012840F0FB81B4F8AC00E9
:1062900048F63961608400EB8000A038C3F6E30162
:1062A00050FB01F0411001EBD070A083A4F89800DE
:1062B000E7E140F2B415C2F200052878002840F06A
:1062C00024820120A4F85A004FF00110C4F85500B0
:1062D0000020E08384F8250094F841000321002881
:1062E00084F8891000F0EA81012840F0F781B4F8C1
:1062F000AE0048F63961608400EB8000A038C3F638
:10630000E30150FB01F0411001EBD070A083A4F831
:106310009E00E3E191F84100012800F05E81002831
:106320007EF4E5AB888B421DB0F5F77F88BF4FF454
:10633000FA7202EBC20043F23433C3F23333A0FBF0
:10634000030303F120008A834884FEF7D0BB40F2A8
:10635000B614C2F200042078002840F00682012022
:10636000A5F85A004FF00110C5F855000020E88349
:1063700085F8250095F841000421002885F889104A
:1063800000F0CC81012840F0D981B5F8B00048F682
:106390003961688400EB8000A038C3F6E30150FB4C
:1063A00001F0411001EBD070A883A5F8A400C5E16D
:1063B00090F8261001220A29A0F85A208CBF05392E
:1063C0000521DDE090F826100122C329A0F85A200B
:1063D00013D20531D4E090F8261001220529A0F847
:1063E0005A208CBF01390521CAE090F826100122FD
:1063F000C829A0F85A20C0F0C280C821C0E0B0F57A
:10640000FA7F24BF4FF4FA70A1F80801FEF76FBBC2
:10641000B0F5FA7F24BF4FF4FA70A1F82E01FEF711
:1064200066BBB0F5FA7F24BF4FF4FA70A1F8BA004A
:10643000FEF75DBBB0F5FA7F24BF4FF4FA70A1F808
:10644000E200FEF754BBB0F5FA7F24BF4FF4FA70B8
:10645000A1F81801FEF74BBBB0F5FA7F24BF4FF44B
:10646000FA70A1F83E01FEF742BBB0F5FA7F24BFF7
:106470004FF4FA70A1F8CA00FEF739BBB0F5FA7F05
:1064800024BF4FF4FA70A1F8F200FEF730BBB0F56C
:10649000FA7F24BF4FF4FA70A1F80001FEF727BB82
:1064A000B0F5FA7F24BF4FF4FA70A1F82601FEF789
:1064B0001EBBB0F5FA7F24BF4FF4FA70A1F8B2000A
:1064C000FEF715BBB0F5FA7F24BF4FF4FA70A1F8C0
:1064D000DA00FEF70CBBB0F5FA7F24BF4FF4FA7078
:1064E000A1F81001FEF703BBB0F5FA7F24BF4FF40B
:1064F000FA70A1F83601FEF7FABAB0F5FA7F24BFB8
:106500004FF4FA70A1F8C200FEF7F1BAB0F5FA7FC5
:1065100024BF4FF4FA70A1F8EA00FEF7E8BA43F29C
:10652000343302EBC200C3F23333A0FB030303F1A5
:1065300020008A8392B2652A488401D2642204E052
:10654000B2F5FA7F02D34FF4FA728A8380B2D4286C
:1065500003D8D4204884FEF7CABAB0F5697F24BFB7
:106560004FF469704884FEF7C2BA013980F82410EC
:10657000FEF7BDBA013180F82410FEF7B8BA013138
:1065800080F82610FEF7B3BA488CD422D42888BFEE
:10659000421E10E0488C4FF46972B0F5697F38BF35
:1065A000421C4A8402EB82000AE0488CA0F12602D9
:1065B000FB2838BFD42290B2800010FA82F04A84BF
:1065C00048F63962A038C3F6E30250FB02F04208F5
:1065D00002EBD0708883FEF78ABA488C40F27D3394
:1065E00000F12602984288BF4FF4697202EB8200E4
:1065F00048F63963A038C3F6E303A0FB0303580849
:106600004A848883FEF773BAB4F8920043F23432B6
:1066100000EBC001C3F23332A1FB0212A08302F1EE
:1066200020006084A4F8AA0094F89400B4F89610AE
:1066300084F8240042F6C420C2F200002185A4F8A8
:106640008A100021D0F8046184F8541045F25401F6
:1066500002220123B04740F2B1110020C2F2000132
:1066600058E0B4F8980043F2343200EBC001C3F2B2
:106670003332A1FB0212A08302F120006084A4F84F
:10668000AC0094F89A00B4F89C1084F8240042F608
:10669000C420C2F200002185A4F88A100021D0F89D
:1066A000046184F8541045F2540102220223B047D9
:1066B00040F2B3110020C2F200012BE0B4F89E00BA
:1066C00043F2343200EBC001C3F23332A1FB0212B9
:1066D000A08302F120006084A4F8AE0094F8A0002A
:1066E000B4F8A21084F8240042F6C420C2F20000DC
:1066F0002185A4F88A100021D0F8046184F8541090
:1067000045F2540102220323B04740F2B5110020A4
:10671000C2F2000128700870FEF7E9B9B5F8A400CC
:1067200043F2343200EBC001C3F23332A1FB021258
:10673000A88302F120006884A5F8B00095F8A600AF
:10674000B5F8A81085F8240042F6C420C2F2000073
:106750002985A5F88A100021D0F8046185F8541025
:1067600045F2540102220423B04740F2B711002041
:10677000C2F2000120700870FEF7B9B9638C48F6C8
:10678000396103EB8300A038C3F6E30150FB01F04D
:10679000410801EBD070A4F8AA30A4F8920042F6A8
:1067A000C420C2F20000D0F8046145F215010222B3
:1067B000B047B4F8943042F6C420C2F20000D0F8DA
:1067C000046145F216016AE0638C48F6396103EB17
:1067D0008300A038C3F6E30150FB01F0410801EB50
:1067E000D070A4F8AC30A4F8980042F6C420C2F2ED
:1067F0000000D0F8046145F218010222B047B4F855
:106800009A3042F6C420C2F20000D0F8046145F28A
:10681000190144E0638C48F6396103EB8300A0382A
:10682000C3F6E30150FB01F0410801EBD070A4F87E
:10683000AE30A4F89E0042F6C420C2F20000D0F8A8
:10684000046145F21B010222B047B4F8A03042F6C1
:10685000C420C2F20000D0F8046145F21C011EE021
:106860006B8C48F6396103EB8300A038C3F6E30173
:1068700050FB01F0410801EBD070A5F8B030A5F84D
:10688000A400D4F80461204645F21E010222B0475C
:10689000B5F8A630D4F80461204645F21F01022263
:1068A000B04742F6E530C2F2000001210170FEF768
:1068B0001EB9000070470000B0B540F20200C2F2FD
:1068C0000000018842F64014013901800904C2F237
:1068D00000040AD142F6A841C2F200010A686261CE
:1068E00000220A604FF47A71018040F2BA15C2F2B8
:1068F00000052878002869D12078012866D142F265
:106900000040C4F20100C1680A2241F00701C160E1
:10691000416B62F304014163816841F4800181604D
:106920000168890709D4016889075CBF01685FEACB
:10693000817102D401688907F2D5C16C1022C1F3BC
:106940008D016160C16841F4E011C160416B62F387
:1069500004014163816841F4800181600168890715
:1069600009D4016889075CBF01685FEA817102D4BC
:1069700001688907F2D5C06C40F2EC51C2F2000107
:1069800008800888FDF7DEFE43F6E30244F638632C
:10699000CEF28E32C3F6C873FDF7ADFC4EF636224A
:1069A0004AF6F553C1F63B32CCF27103FDF7FCFB1E
:1069B000FDF702FF411E89B23129A4F8900005D8E5
:1069C000606880087C289CBF0120287094F83F00F4
:1069D000022840F23000C2F2000018D101880139CB
:1069E0000A04018018D1E28E4FF47A710180501EA2
:1069F00001B2B1F1FF3FE0860EDC002084F83F00D9
:106A000042F6C020C2F200000221017004E0A28E12
:106A10004FF47A710180E28694F85000A0B1012809
:106A200040F0FC8142F20C20C2F20000027894F89F
:106A30008810DAB1032900F28381DFE801F00295C2
:106A4000466D94F84F1027E042F20C20C2F200008D
:106A50000021017040F21000C2F200004FF47A727F
:106A6000028084F84F10A4F88E10D7E10122032988
:106A7000027000F26581DFE801F0027A2B5294F88F
:106A80004F104A1ED2B2042A06D20FF2105353F806
:106A900022201288A4F88E20032900F0FA8002290F
:106AA00000F0BA80012940F02B8194F851100029A0
:106AB00040F0468194F84110012900F091810029AD
:106AC00040F03E81B4F8B22033E194F84F100CE06E
:106AD00094F84F104A1ED2B2042A06D20FF29C43F9
:106AE00053F822201288A4F88E20032974D002299A
:106AF00062D0012940F0A08094F85110002940F0A4
:106B00001F8194F84110012900F05581002940F0BF
:106B10001781B4F800210CE194F84F100CE094F8C0
:106B20004F104A1ED2B2042A06D20FF2404353F845
:106B300022201288A4F88E20032900F09C800229CC
:106B40005AD0012940F0B38094F85110002940F048
:106B5000F78094F84110012900F03981002940F0B4
:106B6000EF80B4F82621E4E094F84F100CE094F89C
:106B70004F104A1ED2B2042A06D20FF2104353F825
:106B800022201288A4F88E20032900F0AE8002296A
:106B900063D0012940F0C18094F85110002940F0E1
:106BA000CF8094F84110012900F01D81002940F0A8
:106BB000C780B4F8DA20BCE094F85110002940F006
:106BC000BF8094F84110012900F0EC80002940F0CA
:106BD000B780B4F80821ACE094F85110002940F0D7
:106BE000AF8094F84110012900F0DF80002940F0C7
:106BF000A780B4F810219CE094F85110002940F0CF
:106C00009F8094F84110012900F0D280002940F0C3
:106C10009780B4F82E218CE094F85110002940F0B0
:106C20008F8094F84110012900F0C880002940F0BD
:106C30008780B4F8BA207CE0042940F0818094F881
:106C4000511000297CD194F84110012900F09E8058
:106C5000002975D1B4F818216BE094F8511000297F
:106C60006ED194F84110012900F0AB80002967D162
:106C7000B4F8E2205DE094F85110002960D194F856
:106C80004110012900F0A080002959D1B4F8362123
:106C90004FE094F85110002952D194F84110012985
:106CA00000F0988000294BD1B4F8C22041E00429BB
:106CB00046D194F85110002942D194F8411001298D
:106CC00067D0E9BBB4F83E31A168A3F10A02914252
:106CD00040F21002C2F2000203DD0A339942C0F210
:106CE00090804FF47A70108098E094F8511039BB7E
:106CF00094F84110012970D011BBB4F8EA2018E0D3
:106D000004291DD194F85110D1B994F841100129EA
:106D100042D0A9B9B4F8CA200BE0042910D194F8E4
:106D2000511069B994F84110012938D041B9B4F82B
:106D3000F220A168A2F10A03994268DD0A325AE002
:106D400040F21001C2F200010988090466D140F244
:106D50001001B4F88E30C2F200014FF47A720A804A
:106D6000591E0AB2B2F1FF3FA4F88E1056DC94F817
:106D70004F2000210170501CC2B2052A84F84F0038
:106D800024BFA4F88E10A4F84F1047E0B4F81A21DD
:106D90002BE0B4F8402128E0B4F8CC2025E0B4F88A
:106DA000F42022E0B4F80A211FE0B4F812211CE01C
:106DB000B4F8302119E0B4F8022116E0B4F8BC2090
:106DC00013E0B4F8E42010E0B4F838210DE0B4F892
:106DD00028210AE0B4F8C42007E0B4F8EC2004E06D
:106DE000B4F8B42001E0B4F8DC20A168A2F11203E9
:106DF00099420CDD1232914209DA40F21002C2F2DD
:106E00000002118801391180090407D19FE740F27F
:106E10001000C2F200004FF47A71018094F854001F
:106E2000002840F21200C2F200002BD094F83D106E
:106E3000012908D1002184F8541042F6C021C2F281
:106E4000000102220A70018801390A04018020D160
:106E5000B4F88C1001390AB2B2F1FF3FA4F88C10DB
:106E60000CDCB4F88A100222A4F88C10002184F8FB
:106E7000541042F6C021C2F200010A704FF47A7138
:106E8000018006E0B4F88A204FF47A710180A4F8FA
:106E90008C2042F6AC40C2F200000068804742F607
:106EA0003840C2F20000417B012906D1017B002954
:106EB00007BF0221417301390173017F00291CBF03
:106EC0000139017742F65C40C2F20000417B0129A2
:106ED00006D1017B002907BF0221417301390173EB
:106EE000017F00291CBF0139017742F68040C2F2C0
:106EF0000000417B012906D1017B002907BF022147
:106F0000417301390173017F00291CBF01390177E9
:106F100042F6F030C2F20000417B012906D1017B2C
:106F2000002907BF0221417301390173017F002944
:106F30001CBF0139017742F61440C2F20000417BC8
:106F4000012906D1017B002907BF022141730139C4
:106F50000173017F00291CBF0139017742F6A4406B
:106F6000C2F20000016801310160B0BD6C2A00204E
:106F7000742A00207C2A0020842A0020462A00202F
:106F80004E2A0020562A00205E2A0020202A0020B7
:106F9000282A0020302A0020382A0020F829002042
:106FA000002A0020082A0020102A002041F20000B8
:106FB000C4F20200C16941F08051C16147F2500141
:106FC000C4F200010A7842F004020A70C16921F09B
:106FD0008051C161016841F00101016001688907C8
:106FE00009D4016889075CBF01685FEA817102D436
:106FF00001688907F2D5416821F00301416000BFB3
:10700000416811F00C0F0BD0416811F00C0F07D044
:10701000416811F00C0F03D0416811F00C0FEFD153
:1070200001684FF6FF72CFF6F26211400160002155
:10703000416041F61071C1624FF4801101634FF459
:107040001F0181604EF60850CEF200004FF0006143
:10705000016070472DE9F04F81B040F2100BC4F28F
:10706000000BDBF80000C00700F0E88142F6401793
:10707000C2F200073878012840F0C98140F2AC0024
:10708000C2F20000007842F210260128C2F2000687
:1070900017D1B4684EF20005C4F2AB65204629460C
:1070A000FDF708FB002804BFB5602C46D6F8048025
:1070B0004FF0804140464FF08045FDF7FBFA40B16C
:1070C00009E04EF200040025C4F2AB64C4F2C0052E
:1070D000B460A846756040F2B005C2F20005B5F88C
:1070E00000A042F6E06082450AD3D7E95E014FF086
:1070F000000A013041F10001A5F800A0C7E95E01D6
:1071000097F84000022814D0012840F07D8197F8BC
:107110004D00002866D0012840F0838097F83F009A
:10712000022800F07180002840F07B80B88B32305C
:1071300072E097F85110B88B40F2B402C2F200022C
:107140000029108040F0608197F85000002850D04E
:10715000012840F0598140F2B200C2F200000278EA
:1071600097F84F108A4206D0017000203062F0611B
:1071700070613061F06097F85300002800F044819E
:107180000020C4F27A4049F69A114EF20008C3F684
:107190009971C4F2AB6886E803010BF033FB97F8F2
:1071A00088107860032900F27C8197F93920104417
:1071B00097F93820A0EB0209DFE811F00400630121
:1071C0004901560197F84F000138042800F26981FF
:1071D000DFE810F005008A017B0184016401B7F843
:1071E000B24083E197F83F00022812D0C8B9B88BAB
:1071F00012E00BF007FB786000203062F0617061F4
:107200003061F060F865FFE0B88B398E08443230A9
:1072100002E0B88B398E084440F2B401C2F200019A
:10722000088097F83D0090B197F84A1079B101288D
:1072300008BF012940F0DA800BF0E4FA7860002002
:10724000F8653062F06170613061F060CEE097F80F
:107250005300002800F0CA800BF0D4FA97F93910D7
:1072600097F9382078600844A0EB020940F2AA00A0
:10727000C2F20000018840F2B400C2F20000BD8BEF
:107280000088A94206B20ED000F040FD42F2102163
:1072900087F839000020C2F20001C86140F2AA005C
:1072A000C2F2000005800FFA89F906F16401494530
:1072B000A6F1640051DB48454FDC701D48456DDB8D
:1072C000701F48456ADC40F2AE00C2F2000001883F
:1072D00001318AB23C2A01806BD30021018040F247
:1072E000AC010120C2F2000108700021CCF2FA4189
:1072F00020460096FDF72AF94EF20001C4F2AB6178
:107300000446FDF7ADF942F210250028C2F200054F
:1073100040461CBF4EF20004C4F2AB64AC60FDF703
:1073200083FA49F69A1249F69913C9F69912CBF6DF
:10733000B973FCF739FF00224FF0804304468846BA
:107340004FF0804AFDF7C4F900287CD02046414622
:10735000FDF77DFA009E68602BE049450BDA40F2AC
:10736000B0010AF10100C2F2000142F210260880C9
:10737000C2F2000638E0484563DD47F60070C4F20B
:107380003B7040F2B001F8650AF10100C2F2000161
:1073900042F210260880C2F2000627E040F2AC015B
:1073A0000020C2F20001087040F2AE01C2F20001FA
:1073B00008803046FDF7A7F904464846FDF7A3F9D3
:1073C00001462046FDF7A0FA40F2B002C2F20002E8
:1073D0001188F8650131118042F210260021C2F2B5
:1073E0000006FDF767F908B90020F86597F83F0037
:1073F000032809D10BF006FA78600020F8653062A6
:10740000F06170613061F06097F83E0028B9FC6D62
:1074100000212046FDF74EF908B90024FC652046FE
:10742000FDF7B6F9CBF824004FF08040016841F039
:10743000010101606FF00100CBF8000001B0BDE870
:10744000F08FF86DC8E7009EC5F804A0B1E797F883
:107450004F000138042824D8DFE800F0032B312541
:107460002000B7F8004141E097F84F0001380428A8
:1074700017D8DFE800F00327301B1300B7F82641C8
:1074800034E097F84F00013804280AD8DFE800F00C
:10749000032029140600B7F8DA4027E00020A7F8F7
:1074A0004F00F86D37E0B7F818411FE0B7F83E41DC
:1074B0001CE0B7F8084119E0B7F8F24016E0B7F859
:1074C000104113E0B7F82E4110E0B7F8C2400DE0CC
:1074D000B7F8E2400AE0B7F8364107E0B7F8CA402B
:1074E00004E0B7F8EA4001E0B7F8BA40204600F0FF
:1074F0000DFC87F839002046FDF70EF904460FFA17
:1075000089F0FDF700F901462046FDF7FDF92988CD
:10751000F8650131298000210024FDF7CBF800280F
:1075200008BFFC65C6F808806EE7000040F2104016
:10753000C4F200000168890744BF50F8041C5FEAE8
:10754000817100D4704742F6A841C2F200010A6876
:1075500001320A606FF002010160704710B544F615
:107560000040C4F200000168C168890644BF016898
:107570005FEA816107D4C168490644BF01685FEAD8
:10758000416123D410BD0168416842F6F031C2F276
:107590000001D0F804C0B1F800E08A880EF10103C0
:1075A000B3FBF2F404FB12324B889A420AD08A6889
:1075B00002F80EC00A888B880132B2FBF3F404FB98
:1075C00013220A804FF482728A81D4E76FF040015F
:1075D000016042F6F031C2F200010B8A4A8A9342FE
:1075E00002D10020487710BD8B8A541CB4FBF3FCF9
:1075F000D1F818E00CFB13431EF802204B824260C6
:1076000010BD000010B545F20000C4F20000016892
:10761000C168890644BF01685FEA816107D4C16817
:10762000490644BF01685FEA416123D410BD016887
:10763000416842F61441C2F20001D0F804C0B1F82A
:1076400000E08A880EF10103B3FBF2F404FB12326E
:107650004B889A420AD08A6802F80EC00A888B8842
:107660000132B2FBF3F404FB13220A804FF482725E
:107670008A81D4E76FF04001016042F61441C2F202
:1076800000010B8A4A8A934202D10020487710BD3C
:107690008B8A541CB4FBF3FCD1F818E00CFB1343A9
:1076A0001EF802204B82426010BD000010B543F668
:1076B0000000C4F201000168C168890644BF016886
:1076C0005FEA816107D4C168490644BF01685FEA87
:1076D000416121D410BD42F63841C2F20001D0F818
:1076E00004C0B1F800E08A880EF10103B3FBF2F4A4
:1076F00004FB12324B889A420AD08A6802F80EC004
:107700000A888B880132B2FBF3F404FB13220A804F
:107710004FF482728A81D6E76FF04001016042F631
:107720003841C2F200010B8A4A8A934202D10020FA
:10773000487710BD8B8A541CB4FBF3FCD1F818E0D9
:107740000CFB13431EF802204B82426010BD000068
:1077500010B544F20040C4F200000168C168890617
:1077600044BF01685FEA816107D4C168490644BF2C
:1077700001685FEA416121D410BD42F65C41C2F26A
:107780000001D0F804C0B1F800E08A880EF10103CE
:10779000B3FBF2F404FB12324B889A420AD08A6897
:1077A00002F80EC00A888B880132B2FBF3F404FBA6
:1077B00013220A804FF482728A81D6E76FF040016B
:1077C000016042F65C41C2F200010B8A4A8A934290
:1077D00002D10020487710BD8B8A541CB4FBF3FC07
:1077E000D1F818E00CFB13431EF802204B824260D4
:1077F00010BD000010B544F60000C4F2000001689E
:10780000C168890644BF01685FEA816107D4C16825
:10781000490644BF01685FEA416123D410BD016895
:10782000416842F68041C2F20001D0F804C0B1F8CC
:1078300000E08A880EF10103B3FBF2F404FB12327C
:107840004B889A420AD08A6802F80EC00A888B8850
:107850000132B2FBF3F404FB13220A804FF482726C
:107860008A81D4E76FF04001016042F68041C2F2A4
:1078700000010B8A4A8A934202D10020487710BD4A
:107880008B8A541CB4FBF3FCD1F818E00CFB1343B7
:107890001EF802204B82426010BD0000FEE700008F
:1078A000B0B54AF25A5CA0F882C0033242F6804C6E
:1078B00080F884208222C2F2000C80F885200A0A17
:1078C000BCF810E080F88620BCF814200EF101040A
:1078D000B4FBF2F580F8871005FB1241BCF81240AA
:1078E0001A0AA14280F8882080F8893000F0DF80F1
:1078F00090F88210DCF8182002F80E10BCF8101076
:10790000BCF814200131B1FBF2F303FB12114B1C44
:10791000B3FBF2F5ACF8101005FB1232BCF81230D4
:107920009A4200F0C48090F88320DCF818305A5452
:10793000BCF81010BCF814200131B1FBF2F303FBCA
:1079400012114B1CB3FBF2F5ACF8101005FB123210
:10795000BCF812309A4200F0AA8090F88420DCF83B
:1079600018305A54BCF81010BCF814200131B1FB87
:10797000F2F303FB12114B1CB3FBF2F5ACF8101041
:1079800005FB1232BCF812309A4200F0908090F859
:107990008520DCF818305A54BCF81010BCF81420BC
:1079A0000131B1FBF2F303FB12114B1CB3FBF2F5F7
:1079B000ACF8101005FB1232BCF812309A4276D0A7
:1079C00090F88620DCF818305A54BCF81010BCF837
:1079D00014200131B1FBF2F303FB12114B1CB3FB7A
:1079E000F2F5ACF8101005FB1232BCF812309A42D6
:1079F0005DD090F88720DCF818305A54BCF810108D
:107A0000BCF814200131B1FBF2F303FB12114B1C43
:107A1000B3FBF2F5ACF8101005FB1232BCF81230D3
:107A20009A4244D090F88820DCF818305A54BCF8B8
:107A30001010BCF814200131B1FBF2F303FB12115A
:107A40004B1CB3FBF2F5ACF8101005FB1232BCF87E
:107A500012309A422BD090F88900DCF8182050544C
:107A6000BCF81010BCF814000131B1FBF0F29CF826
:107A70001D3002FB1012012BACF8102008BFB0BD66
:107A8000BCF8121092B2914201D1002009E04A1CC8
:107A9000B2FBF0F3DCF8185003FB1022685CACF882
:107AA0001220DCF82010486001208CF81D00B0BDC9
:107AB0004EF60C50BFF34F8FCEF200000168042247
:107AC00001F4E061C0F2FA5211430160BFF34F8F3D
:107AD00000BF00BF00BF00BFFAE7000040F614403F
:107AE000C4F201004FF480510160704740F610402D
:107AF000C4F201004FF4805101607047B0B542F606
:107B00004014C2F2000494F84200012816D140F259
:107B1000A805C2F200052878DFE800F003663951B5
:107B20002F0042F6C020C2F200000078022860D088
:107B3000012814BF00200120287007E0FFF7CEFFC6
:107B400042F6C020C2F200000021017094F83E000D
:107B500090B140F2EE50C2F2000001780131CAB299
:107B6000502A017038BFB0BD0021017042F6C0201C
:107B7000C2F2000002210170B0BDFFF7AFFF42F674
:107B8000C020C2F20000002101702970DEE7FFF77B
:107B9000ADFF40F2A000C2F20000D0E900120131B6
:107BA00042F10002B1F1140372F10003C0E90012C6
:107BB000CCD3042129700021C0E90011C6E740F2AE
:107BC000A000C2F20000D0E90012013142F100022F
:107BD0008B1E72F10003C0E90012B7D30021C0E987
:107BE000001104202870B1E7FFF780FF0320287000
:107BF000ACE702202870A9E7F0B541F20401C4F215
:107C000002010A68C2F3810341F20022022BC0F292
:107C10007A020CD0002B46D10B6D9B0543D5CB6A65
:107C20009B0144BF46F60042C0F2DC223BE00B68F9
:107C30008C6A1F0C002C1DD40C680B68C4F38344A1
:107C4000C3F341731D016E1C0F2C354618BF02256E
:107C5000002B18BF3546FB0705EB040304D00F6863
:107C6000BF0301D45A431EE040F60012C0F23D02A9
:107C70005A4318E08B6A8C6AC3F3031E8B6A40F682
:107C8000001CC0F23D0CC4F30824FD0703F00703F9
:107C900003D00D68AD0358BF94460CFB04F20EFAF6
:107CA00003F3B2FBF3F202600B6812A7C3F30313F2
:107CB000FB5C44F65457DA4042600B68C0F601079B
:107CC000C3F30223FB5C22FA03F3C3600B68C3F324
:107CD000C223FB5C0427DA4082600B68096807EA6C
:107CE0009363C1F38131194406A3595CB2FBF1F1EE
:107CF0000161F0BD0000000000000000010203046B
:107D00000607080902040608020C081082B00022C7
:107D100065288DF80720ADF804208DF80320C0F009
:107D20008C8042F64011C2F2000191F824101F2904
:107D300028D3820800214A2A8DF8031050D86422E3
:107D4000ADF804208DF807109DF8071013296DD8A1
:107D500044F65C51C0F60101BDF804209DF80330E3
:107D60001A44824266D2BDF804200A32ADF80420DB
:107D70009DF8072001328DF807209DF80720142A6E
:107D8000EAD357E00139132957D881084A298DF8D9
:107D9000032055D86421ADF804108DF807209DF814
:107DA0000710132949D844F68551C0F6010100BFD8
:107DB000BDF804209DF803301A4482423AD2BDF83F
:107DC00004200A32ADF804209DF8072001328DF816
:107DD00007209DF80720142A4FF00002E8D32CE07A
:107DE0004FF49671ADF8041014218DF807109DF82A
:107DF000071027291AD844F65C51C0F6010100BFCC
:107E0000BDF804209DF803301A44824212D2BDF816
:107E100004200A32ADF804209DF8072001328DF8C5
:107E200007209DF80720282AEAD303E044F65C5196
:107E3000C0F601019DF807000A5C50B202B070471D
:107E40004FF49671ADF8041014218DF807109DF8C9
:107E5000071027291AD844F68551C0F6010100BF42
:107E6000BDF804209DF803301A448242E2D2BDF8E6
:107E700004200A32ADF804209DF8072001328DF865
:107E800007209DF80720282AEAD3D3E744F6855136
:107E9000C0F60101CEE700002DE9F04F8DB042F6AB
:107EA0004019C2F2000999F8000001281CBF0DB06A
:107EB000BDE8F08F40F2B708C2F2000898F8000061
:107EC00042F6C42B0928C2F2000B02F2ED80DFE873
:107ED00010F00A00DB012F016B014C0001024A0285
:107EE000AB013F03D60042F6DC37C2F20007387818
:107EF000DFE810F009003A0608061306CB05440631
:107F00004F062906610642F24E20C2F200000278B6
:107F100099F84E108A4241F0B58040F23900C2F221
:107F20000000037899F83D108B4241F0018242F243
:107F30004F20C2F20000017899F85520914241F09B
:107F40008885B9F81E20B9F81C00824241F04886A5
:107F500031B1B9F82020B9F822309A4241F0438675
:107F6000002941F0F38101F053BF42F6E035C2F23F
:107F700000052878DFE810F010008D076D077D07F9
:107F80005407A107B6078507E0076507BE07410745
:107F90005D07A9073807750740F20E00C2F200001E
:107FA000037899F8401099F852208B4242F20A2344
:107FB000C2F2000341F08B811F78974241F0878124
:107FC00040F20D00C2F20000027899F841108A4296
:107FD00041F0138540F20B00C2F20000027899F8DC
:107FE00042108A4241F0B68540F20C00C2F2000015
:107FF000027899F843108A4241F0078740F20A005C
:10800000C2F20000027899F84A108A4241F078875B
:1080100040F20800C2F20000027899F844108A4247
:1080200041F0E78740F20900C2F20000027899F8B7
:1080300045104B468A4241F0E68740F20600C2F204
:108040000000027893F846108A4241F0DF8742F23E
:108050000B20C2F20000027893F84C108A4241F0E3
:10806000D88740F20700C2F20000027893F84D1062
:108070008A421ABF01700126002601F0CCBF99F890
:108080004E001A2841F0A28042F6D535C2F2000512
:1080900028780026DFE810F00C0099086A085408D8
:1080A0001F087A089908820899085F083A08450865
:1080B00042F24721C2F200010A7842F2462040F221
:1080C0003207C2F200000132C2F2000703780A70E0
:1080D000397899F850600133B142037041F07882E9
:1080E00040F23307C2F200073C7899F84F60B4427F
:1080F00041F0EA8442F24227C2F200073C88B9F913
:108100008E60B44241F07886DBB20A2BC1F0D9868A
:1081100042F24022C2F200021788D9F8083000214A
:108120000026BB421CBF13800526017001F04DB82C
:1081300042F6DD35C2F200052878DFE810F00500D0
:10814000890265027E025A0242F25420C2F2000005
:10815000027899F84E108A4240F0488542F2552044
:10816000C2F20000027899F83F108A4240F08F87EF
:1081700042F25320C2F20000027899F854108A4269
:1081800041F0BF8142F25620C2F20000028800296D
:1081900001F0A084B9F98C108A4200F0738589B28D
:1081A0000180022401F0B2B942F6D636C2F20006CE
:1081B0003078302801F20784DFE810F03100230B1B
:1081C000FB0A0B0BAB0A4C0B690B160B840BD40A86
:1081D000770BA00AC50A5C0B8D0A060B7B0A3D0BC8
:1081E000720BB90B470B570BA40BCE0BEC0ADF0A33
:1081F000F00B690AD60BE30B8F0B300B940B920A32
:108200006E0A550A5A0A430AEB0BB10BB80A420B25
:10821000C60B360A880A9C0BF80B500A970A04F022
:1082200051FF054601F0DDBD99F84E0042F6D73604
:108230001A28C2F2000600F0B381022841F0D78369
:108240003078012800F02C84002841F0D083D9F840
:10825000040099F9391099F938200844801AFCF77C
:108260005BFA002199F84D40CCF248210546FCF715
:108270006DF9012C18BF2846FCF771FA40F2140181
:10828000C2F2000140BAA0E199F84E001A2800F2AB
:108290003E83012106228140C0F20042114200F0DB
:1082A000368399F83C10002900F09881012940F0AC
:1082B0002E8399F83D1029B942F6DE32C2F200024F
:1082C0000123137099F83F20032A40F0078399F89F
:1082D00026101AE342F6D435C2F2000529780220AE
:1082E000DFE811F00F00540D1D052B05F9044505BD
:1082F0005F053905770511056B05D30405055305A1
:10830000AA0440F20400C2F20000027899F8891031
:108310008A4240F0D887501E032801F21C85DFE80E
:1083200010F00400020DC50CE90CB9F81C00B9F8F6
:108330009210884241F01185B9F82200B9F8AA10CC
:10834000884241F00A8599F82400B9F894108142D6
:1083500041F00385B9F82800B9F89610884241F039
:10836000FC8401F0F8BC42F6E435C2F2000529783D
:108370000120DFE811F00600B50178018001D40189
:10838000D30199F84000012803D0022841F0B287B8
:108390001A2042F68041C2F200010B8A8A8A5F1CD1
:1083A000B7FBF2F606FB12774E8A40F28802C2F261
:1083B0000002B742507201F09B8717788E69F7541C
:1083C0000B8A8F8A0133B3FBF7F606FB17335E1C6B
:1083D000B6FBF7F40B8204FB17674E8AB74201F035
:1083E000878757788E69F7540B8A8F8A0133B3FBDE
:1083F000F7F606FB17335E1CB6FBF7F40B8204FBA3
:1084000017674E8AB74201F0738797788E69F754E1
:108410000B8A8F8A0133B3FBF7F606FB17335E1C1A
:10842000B6FBF7F40B8204FB17674E8AB74201F0E4
:108430005F87D7788E69F7540B8A8F8A0133B3FB35
:10844000F7F606FB17335E1CB6FBF7F40B8204FB52
:1084500017674E8AB74201F04B8717798E69F75438
:108460000B8A8F8A0133B3FBF7F606FB17335E1CCA
:10847000B6FBF7F40B8204FB17674E8AB74201F094
:10848000378757798E69F7540B8A8F8A0133B3FB8C
:10849000F7F606FB17335E1CB6FBF7F40B8204FB02
:1084A00017674E8AB74201F0238797798E69F75490
:1084B0000B8A8F8A0133B3FBF7F606FB17335E1C7A
:1084C000B6FBF7F40B8204FB17674E8AB74201F044
:1084D0000F87D7798E69F7540B8A8F8A0133B3FBE4
:1084E000F7F606FB17335E1CB6FBF7F40B8204FBB2
:1084F00017674E8AB74201F0FB86177A8E69F754E8
:108500000B8A8F8A0133B3FBF7F606FB17335E1C29
:10851000B6FBF7F40B8204FB17674E8AB74201F0F3
:10852000E786527A8F69FA540B8A8A8A0133B3FB41
:10853000F2F74E7F07FB1237012E0F8201F0D8862B
:108540004B8ABFB2BB4241F0C786002201F0CCBECD
:1085500042F6D836C2F200063078DFE810F00800A4
:10856000730252025D0243027B028702680242F2FA
:108570004D2AC2F2000A9AF8000099F84D20471CD3
:10858000D9F8040099F93910012A8AF8007040F0EE
:10859000E08499F938200844801A323800F0DDBCB4
:1085A0003078012800F08B82002841F02082D9F831
:1085B000040099F9391099F938200844801A40F2DA
:1085C000140100BAC2F20001000C888102200E22C0
:1085D0000CF09CFA3078013001F00ABA99F82410B6
:1085E0000022C9F8181042F6DE31C2F200010A700A
:1085F0008DE199F84E00012800F02A83022840F00E
:10860000418345F2120125E399F84E00022800F05B
:108610002783012840F0368399F83F00DBF8047186
:1086200002280CBFB9F83630B9F88C3042F6C420B5
:10863000C2F2000045F2080122E399F84E00012839
:1086400000F03183022840F0768346F203112CE3D8
:1086500099F84E00012800F03283022840F0798317
:1086600046F203112DE3DBF8047199F852305846B5
:1086700045F23C0109E042F6E530C2F20000DBF8C9
:1086800004710378584645F249010222B847012196
:1086900099F84E0029700E2841F0EA8499F83F00BD
:1086A00099F84D10022818BF012941F0F88442F6CC
:1086B000E132C2F200021378002B41F0F084012372
:1086C000137042F6E232C2F20002117042F6E33158
:1086D000C2F200010870002089F83F0001F0DDBC03
:1086E00099F85200002800F0AF8442F25E2099F819
:1086F0004E10C2F200000288142904BF0132028029
:1087000092B2012A08D0142902D1B2F5C87FBED393
:108710000021018089F852100221B9E71A2042F69F
:108720008041C2F200010B8A8A8A5F1CB7FBF2F615
:1087300006FB12774E8A40F28802C2F20002B7426C
:10874000507201F0918417788E69F7540B8A8F8AE2
:108750000133B3FBF7F606FB17335E1CB6FBF7F4E9
:108760000B8204FB17674E8AB74201F07D8457786D
:108770008E69F7540B8A8F8A0133B3FBF7F606FB39
:1087800017335E1CB6FBF7F40B8204FB17674E8AA7
:10879000B74201F0698497788E69F7540B8A8F8A03
:1087A0000133B3FBF7F606FB17335E1CB6FBF7F499
:1087B0000B8204FB17674E8AB74201F05584D778C5
:1087C0008E69F7540B8A8F8A0133B3FBF7F606FBE9
:1087D00017335E1CB6FBF7F40B8204FB17674E8A57
:1087E000B74201F0418417798E69F7540B8A8F8A5A
:1087F0000133B3FBF7F606FB17335E1CB6FBF7F449
:108800000B8204FB17674E8AB74201F02D8457791B
:108810008E69F7540B8A8F8A0133B3FBF7F606FB98
:1088200017335E1CB6FBF7F40B8204FB17674E8A06
:10883000B74201F0198497798E69F7540B8A8F8AB1
:108840000133B3FBF7F606FB17335E1CB6FBF7F4F8
:108850000B8204FB17674E8AB74201F00584D77973
:108860008E69F7540B8A8F8A0133B3FBF7F606FB48
:1088700017335E1CB6FBF7F40B8204FB17674E8AB6
:10888000B74201F0F183177A8E69F7540B8A8F8A09
:108890000133B3FBF7F606FB17335E1CB6FBF7F4A8
:1088A0000B8204FB17674E8AB74201F0DD83527AD0
:1088B0008F69FA540B8A8A8A0133B3FBF2F74E7F31
:1088C00007FB1237012E0F8201F0CE834B8ABFB215
:1088D000BB4241F0BD83002201F0C2BB12F0FD0F8C
:1088E00015D101290FD199F84A1001290BD142F66F
:1088F000DE31C2F200010978012904D199F857103C
:10890000002901F07E8299F82410C9F8181042F667
:10891000DF35C2F200052978DFE801F004472C3585
:1089200021525B0042F25A21C2F200010A788242CF
:1089300040F06D8199F83F10032900F0EC85002983
:1089400040F06A8642F25821C2F200010A78012AF8
:1089500041F0858000200870042600F05EBEDBF840
:108960000471584645F2040102220023B847052647
:1089700000F053BE012800F09283022840F0A98342
:1089800046F2F3018DE3022800F09283012840F0C3
:108990004386DBF80471B9F81830584645F20E01E9
:1089A0000222B847062600F038BEDBF804715846AC
:1089B00045F20401022201230226B84700F02DBE31
:1089C000012800F07D83022840F0838346F2F30102
:1089D00078E3DBF80471B9F81830584645F20C0119
:1089E00000F018BE99F83F000025002800F07584BB
:1089F000032800F07184022841F0F381012500F082
:108A00006CBCDBF80471584645F2050102220023D4
:108A10000025B84701F0E5B999F83C00DBF804718E
:108A2000B0FA80F04309584645F2020119E042F2DB
:108A30002C30C2F20000DBF804710378584645F28E
:108A40000A010EE0DBF80471584645F205010222E6
:108A5000012307E0DBF8047199F83E3058464FF4E3
:108A6000A0410222B847002501F0BBB942F22C30E8
:108A7000C2F20000DBF804710378584645F20901A0
:108A80000222B847072501F0ACB9DBF8046158466B
:108A900045F2030102220023B047052400F057BC31
:108AA00099F83C0020B1012840F0A187D9F81800BE
:108AB00040F22201C2F20001487300F094BF99F81D
:108AC0005000002800F08583012840F0908799F835
:108AD0008800032800F28B87DFE810F00400730899
:108AE0005508640899F84F000138032800F27F8781
:108AF000DFE810F00400730A5E0A6A0A99F8B640CB
:108B000000F06CBF99F84E00012800F06A8302283B
:108B100040F0D38346F2C30165E399F84E00022882
:108B200000F06A8301286FD142F6DA30C2F2000009
:108B3000DBF804610388584645F207010222B0477A
:108B4000072400F004BC99F84100012800F05C8380
:108B5000002840F0FB8349F6991549F69A16C3F6AA
:108B6000D975C9F6991657E3DBF80461584645F202
:108B70000301022201230224B047E8E399F84E00E2
:108B8000012800F05D83022840F09A8346F2C30179
:108B900058E399F84E00022800F05D83012833D194
:108BA000DBF80461B9F80830584645F207010222A3
:108BB000B0470824CBE399F84100002800F0558322
:108BC000012840F0C383D9F80800DBF80441B0F570
:108BD000697F80F26883FBF7A4FD47F6E1224EF23D
:108BE0004713CAF61462C3F6CA734FE399F85430B8
:108BF00099F83F200124002B08BF03240127022AF3
:108C000008BF3C4600F081BC4D460024A2E3421E52
:108C1000012A00F2548799F83F20032A00F0438785
:108C2000002A40F04C870122A9F8572042F25B222B
:108C3000C2F2000200F041BF99F88930DBF80471FC
:108C4000584645F254010222B847002001F09EB870
:108C500045F20801DBF80471B9F8283058460FE0F6
:108C600099F83F00DBF8047102280CBFB9F83630E0
:108C7000B9F88C3042F6C420C2F2000045F212016D
:108C80000222B847002400F041BC99F841000128B5
:108C900000F06084002840F07684DBF80471B9F8B5
:108CA000A43000F05BBC46F23301DBF80471584697
:108CB00002224FF6FF73B847042400F027BC46F2A7
:108CC0003301DBF804715846022244F25073022447
:108CD000B84700F01BBCDBF80471B9F89630584671
:108CE00045F217010222B847052001F04FB8DBF822
:108CF0000471B9F8A630584645F21F010222B84760
:108D00000D2001F043B8DBF80471B9F8A0305846E3
:108D100045F21C010222B8470A2001F037B899F841
:108D20004100002800F02284012840F0488409F125
:108D3000AA0000F01DBC0424E8E3DBF80471B9F8D4
:108D40009430584645F216010222B847042001F03B
:108D50001DB80224DAE3DBF80471B9F89C305846F8
:108D600045F21A010222B847082001F00FB899F81D
:108D70004100012800F00A84002840F02384DBF839
:108D80000471B9F8983000F005BCDBF80471B9F84B
:108D9000A830584645F220010222B8470E2000F0C4
:108DA000F5BFDBF80471B9F89A30584645F219015D
:108DB0000222B847072000F0E9BFDBF80471B9F8D8
:108DC000A230584645F21D010222B8470B2000F0A0
:108DD000DDBF99F84100002800F0E483012840F04D
:108DE000F48309F1AE00DFE3DBF80471B9F8343045
:108DF000584645F2340100F00DBC42F26020C2F248
:108E0000000040F240010078C2F2000100268871A3
:108E100002200922A1F807600BF078FE00F0FDBBEC
:108E2000DBF8047199F84330584645F2300100F000
:108E3000F1BBDBF8047199F84C30584645F2380123
:108E4000E8E3DBF8047199F84A30584645F24501E9
:108E5000E0E3DBF8047199F84130584645F22E0101
:108E6000D8E3DBF8047199F84D30584645F23E01DD
:108E7000D0E3DBF8047199F84230584645F22F01EF
:108E8000C8E3DBF8047199F84630584645F23201E0
:108E9000C0E399F8400099F84D10012808BF012956
:108EA00000F09983012808BF002900F0C885022836
:108EB00040F0CD85022300F0C3BDDBF8047199F8C2
:108EC0004430584645F23101A4E399F841000128A5
:108ED00000F08383002840F0A583DBF80471B9F823
:108EE000303089E3DBF8047199F84530584645F293
:108EF00044018FE342F6EC30C2F20000007840F209
:108F0000930142F6EA32002818BF0420C2F20001A1
:108F1000C2F200021278087242F6E830C2F2000093
:108F2000002A18BF04220078CA7188710220092221
:108F30000BF0ECFD0B2670E399F84100012800F0DE
:108F40006283002840F06883DBF80471B9F81C30B4
:108F50005DE399F938200844801A99F840100129F6
:108F600013D199F83F10032909D099F83D10002931
:108F700000F0468599F84A10002900F0418500204C
:108F800042F22C31C2F20001087040F23700C2F206
:108F90000000027899F83C1042F249248A42C2F259
:108FA00000044DD140F23800C2F20000027899F876
:108FB0003F108A4240F09A8140F23600C2F200002F
:108FC000027899F83E108A4240F0368542F24A20F3
:108FD000C2F20000027821788A4240F0C78542F24E
:108FE0004B2042F22C31C2F20000C2F200010278A2
:108FF0000B789A4240F0288742F24C20C2F20000DF
:109000000578D9F85C00FBF7AAFB46F6695148439E
:10901000000E85424FF0000500F0AD85F9B2102931
:10902000C0F0A98599F84E108AF80050012940F047
:10903000A28542F24C21C2F20001087000F013BF79
:109040000170032500F097BD42F6E530C2F2000042
:109050000178012940F04E8142F25E22C2F2000204
:1090600011884B1C9FB200294FF0010108BF03215A
:10907000C82F1380FFF40CAB002111800170032175
:10908000FFF706BB4A1E012A40F256815DE1032428
:10909000022908BF0124002918BF012135E246F248
:1090A0006301DBF804715846022243F67F430FE068
:1090B000DBF80471B9F81830584645F21101A9E2FD
:1090C00046F26301DBF80471584602224FF6FF7343
:1090D000B8470326A1E299F88800032800F27580BA
:1090E000DFE810F0040026050205140599F84F008A
:1090F0000138032869D8DFE810F004004207180798
:109100003007DBF80471B9F8B63058E0DBF80471C9
:10911000584646F2930102224FF6FF73B8470B20E0
:10912000287099F85000002800F0F88001284BD1F1
:10913000DBF80471B9F88E30584645F2410141E040
:10914000DBF8047199F84F30584645F2430102228A
:10915000B847042639E0DBF80471584646F293011B
:10916000022244F25073B8470B262EE0DBF804715C
:1091700099F85030584645F242010222B84799F812
:1091800050000A26012808BF09261EE0DBF80471FA
:10919000B9F80830584645F23F0113E0D9F80810F5
:1091A00099F83C0099F82730DBF80471B9F81820D9
:1091B0004529D8BF1346012818BF13469BB258460D
:1091C00045F240010222B84700262E70002000F030
:1091D00069BFD9F804004728C0F0F78399F8274001
:1091E000FCE346F20301DBF80461584602224FF625
:1091F0006043B0470324AAE042F6DA30C2F200002E
:10920000DBF8046103882AE04EF2471547F6E126B1
:10921000C3F6CA75CAF6146642F6DA30C2F2000026
:109220000088DBF80441FBF78DFA02460B46304616
:109230002946FBF760F8FBF7BFFA034658462EE0D5
:1092400046F20301DBF80461584602224FF6FF7331
:10925000B04706247BE0DBF80461B9F808305846D3
:1092600045F210010222B04770E0D9F80800DBF89F
:109270000441B0F5FA7F16DAFBF753FA49F69A1271
:1092800049F69913C9F69912C3F6D973FBF733F867
:10929000FBF792FA034642F6C420C2F2000045F200
:1092A0000B01022207E042F6C420C2F2000045F2A0
:1092B0000B010222C823A04748E04D46032449E0A1
:1092C0004D46062446E001700E2000F049BD0170B5
:1092D0001A70012600F0A0BE0225DBF80471584682
:1092E00045F2010102222B46FFF7BCBB01700425A9
:1092F00000F041BC99F84E0099F84010282808BFAA
:10930000012900F0E58302294FF0010108BF052182
:109310000122282818BF1146FFF7BAB9DBF80471FB
:10932000584645F24101022200230026B8474CE787
:10933000013A012A09D841B90122A9F8552042F27F
:109340004F22C2F20002002313700170002499F82A
:109350004E004D461A283C7000F2CA80012101FAE5
:1093600000F00621C0F20041084200F0C18095F8EB
:10937000414024B1012C0AD105F1220001E005F1A0
:109380001C00008842F6DA31C2F200010880D5F8EC
:10939000048095F9390095F938104044401AFBF7DC
:1093A000BBF9002195F84D6095F840A0CCF248211A
:1093B0000746FBF7CBF88146BAF1010F18BFB94653
:1093C000012E18BFB946012C3CD0002C40F09080F3
:1093D00095F8431095F83D000C9195F84A1080F0EF
:1093E000010081F0010195F83F6040EA0104404628
:1093F000AB46FBF791F9032E08BF4846002C18BF77
:109400004846BAF1020F08BF3846FBF7A8F9B5F88D
:10941000902042F6C42B9042C8BF0246BAF1010F19
:10942000C2F2000BAA6063D10C98012860D1A98B0D
:1094300001F1140082425BD2A1F114008242C8BF44
:10944000A96055E095F83D00012811D195F84A0032
:1094500001280DD14CF6CD4108EBC800CCF6CC412B
:10946000A0FB0101202000EB9100FBF755F90AE079
:1094700046F26761C3F6E6714846FBF7BFF84FF066
:109480008441FBF763F8FBF76AF9B5F8901043F2F3
:10949000343201EBC101C3F23332A1FB0212BAF143
:1094A000020F02F12004A8600DD146F26761C3F6F5
:1094B000E6714846FBF7A2F84FF08441FBF746F807
:1094C000FBF74DF9A860A042BCBFAC602046BAF1E2
:1094D000010F0DD195F84310012909D1698C01F1D3
:1094E0002402904204D2A1F12402904200DDA9603E
:1094F00040F2B708C2F2000898F80000A94600F050
:10950000D0BD0124002908BF0324017098F8000091
:109510002C7000F0C6BD42F25820C2F20000017863
:10952000002900F0CE8242F25920C2F200000278F7
:1095300099F826108A426FD040F23E02C2F2000231
:109540001388013B1F04138066D108231380017028
:10955000032662E0DBF80471B9F8B030584645F2F2
:109560001E010222B8470C2000F010BC09F1920045
:10957000DBF804710388584645F215010222B8470A
:10958000032000F003BC0C2000F000BCDBF80471E9
:10959000B9F8AC30584645F218010222B847062007
:1095A00000F0F4BB09F19E00DBF804710388584613
:1095B00045F21B010222B847092000F0E7BB032057
:1095C00000F0E4BB062000F0E1BB092000F0DEBBA8
:1095D0003E700226F9E5002332E2B9F8300043F28A
:1095E000343100EBC000C3F23331A0FB0101DBF8E2
:1095F000047101F1200083B2584645F23301022282
:10960000B8470E2609E0DBF80471B9F82230584655
:1096100045F235010222B847002698F800002E7066
:1096200000F03FBD0E26F8E799F84100012800F050
:10963000EF82002840F0D383DBF80471B9F83631AB
:10964000B8E399F84100012800F0E782002840F0D3
:10965000C683DBF80471B9F8263123E3DBF8047123
:10966000B9F842317CE1DBF80471B9F81C3177E1DB
:10967000DBF80471B9F81E31584645F22D0102227B
:10968000B84799F85250002D18BF2525A9E3DBF8FB
:109690000471B9F8063146E199F84100012800F05B
:1096A000C182002840F09B83DBF80471B9F81831BF
:1096B00090E399F84100012800F0B982002840F0B9
:1096C0008E83DBF80471B9F8E2307BE3DBF80471D8
:1096D000B9F83A310AE1DBF80471B9F8DE3061E13A
:1096E000DBF80471B9F8163108E1DBF80471B9F858
:1096F0004431584645F22D01FFF7B3B9DBF8047148
:10970000B9F8CE30584645F22C010222B8470C2554
:1097100067E399F84100012800F08E82002840F0AC
:10972000B682DBF80471B9F8BA3089E299F84100E1
:10973000012800F08C82002840F05183DBF804718E
:10974000B9F82E313EE3DBF80471B9F8D030584651
:1097500045F22D010222B84799F85250002D18BF4A
:109760000D253EE3DBF80471B9F8C830584645F2E0
:109770002A010222B8470A2533E399F8410001285B
:1097800000F06A82002840F02A83DBF80471B9F8FF
:10979000003187E2DBF80471B9F8F830584645F239
:1097A0002D010222B84799F85250002D18BF1925F3
:1097B00017E3DBF80471B9F8B630584645F22301D7
:1097C0000222B84703250CE3DBF80471B9F8E03056
:1097D000A9E0DBF80471B9F8B830584645F2240125
:1097E0000222B8470425FCE299F84100012800F064
:1097F0003882002840F0CF82DBF80471B9F8C2301B
:1098000033E299F84100012800F03682002840F048
:10981000C482DBF80471B9F8B23031E299F8410042
:10982000012800F03682002840F0D982DBF804716C
:10983000B9F81031BEE2DBF80471B9F8E630A4E003
:10984000DBF80471B9F832319FE0DBF80471B9F844
:10985000EE304BE0DBF80471B9F8BE30584645F203
:1098600026010222B8470625BBE2DBF80471B9F8ED
:10987000F03043E099F84100012800F00F82002801
:1098800040F0AD82DBF80471B9F8DA300AE2DBF8B7
:109890000471B9F8C030584645F22701FFF7F0B817
:1098A000DBF80471B9F8E83052E099F8410001287A
:1098B00000F01582002840F07282DBF80471B9F8DC
:1098C000CA3010E2DBF80471B9F8C630584645F2E8
:1098D00029010222B847092583E2DBF80471B9F8AF
:1098E0000E3135E0DBF80471B9F81431584645F211
:1098F000290172E2DBF80471B9F83C31584645F2AF
:109900002A016AE299F84100012800F04A82002801
:1099100040F06582DBF80471B9F8F2305AE2DBF806
:109920000471B9F82C31584645F2240155E299F8F2
:109930004100012800F03A82002840F05082DBF814
:109940000471B9F8EA3035E2DBF80471B9F8343162
:10995000584645F2270140E2DBF80471B9F8F630C9
:10996000584645F22C0138E299F84100012800F0F0
:109970002582002840F03382DBF80471B9F8083101
:1099800020E2DBF80471B9F80C31584645F22601A3
:1099900023E2DBF80471B9F82A3103E0DBF8047143
:1099A000B9F80431584645F2230116E299F841000E
:1099B000012800F00B82002840F01182DBF80471CE
:1099C000B9F83E3106E204206CE3DBF80471584636
:1099D00045F24001022200230024B84740F2220150
:1099E000C2F200014C7302200E220BF08FF800200F
:1099F00098F800103070481C54E3017002260BE305
:109A0000B9F81C2001B202F164038B42A2F1640395
:109A1000C0F2A3808B4200F3A080831A9142B8BFAA
:109A2000131A42F22C30C2F20000914203707FF40C
:109A3000ACAA0120FFF7A4BA017005259BE0012321
:109A4000DBF80471584645F214010222B8470F268C
:109A5000E3E50124002A08BF0424027077E442F2FF
:109A60005B21C2F200010B7899F85720934240F035
:109A7000BC81002A00F0F98199F8242099F825305A
:109A8000934200F0F28140F23E00C2F200000188F1
:109A900001390B0401807FF4BFAD0821018089F8F2
:109AA00025200326B9E542F25822C2F20002002323
:109AB000137042F25922C2F20002002313700870A0
:109AC000AAE501260670A8E53E700326FFF77DBBD8
:109AD0000420CCE2B9F828108A423FF4D3A8B9F8A0
:109AE0008C100424018011E599F84F0001380328F7
:109AF0003FF66BABDFE810F004001F0207020D0217
:109B0000DBF80471B9F80431FFF759BB99F84F003D
:109B1000013803283FF659ABDFE810F004002502B6
:109B200001021902DBF80471B9F82A31FFF747BBCB
:109B300099F84F00013803283FF647ABDFE810F0F3
:109B40000400250201021902DBF80471B9F8DE30C5
:109B5000FFF735BB017003265EE264209142CCBF63
:109B600000208B423FF70CAAFFF70FBA022500290D
:109B700018BF01250170D9F814000021632888BF9F
:109B8000012121702DE199F84F00013803283FF69B
:109B90002EAFDFE810F0040010020402070299F86B
:109BA00004411BE799F84F00013803283FF61FAF27
:109BB000DFE810F004000D02FB01070299F82A41CA
:109BC0000CE799F84F00013803283FF610AFDFE8A3
:109BD00010F004000702F501010299F8DE40FDE6ED
:109BE000002900F0158140F23A01C2F200010A8812
:109BF000013A13040A807FF4A9AB08220A80B9F85D
:109C00002210A9F81E00A9F820100324FFF79FBB1B
:109C1000DBF80471B9F83831CCE0DBF80471B9F83D
:109C200028313FE0DBF80471B9F81A31D2E0DBF8F3
:109C30000471B9F8E430C5E0DBF80471B9F8BC3060
:109C4000584645F225010222B8470525C9E0DBF850
:109C50000471B9F83031B5E0DBF80471B9F80231BC
:109C600020E0DBF80471B9F8C430584645F2280109
:109C70000222B8470825B4E0DBF80471B9F8B43023
:109C8000584645F2220102220225B847A9E00525DF
:109C9000A7E0DBF80471B9F812318BE0DBF804714E
:109CA000B9F8DC30584645F2220196E0B9F81C00BC
:109CB000B9F89E10884250D1B9F82200B9F8AE1018
:109CC00088424AD199F82400B9F8A010814244D1C1
:109CD000B9F82800B9F8A21088423CD03DE0DBF882
:109CE0000471B9F8CC30584645F22B010222B8472E
:109CF0000B2576E0B9F81C00B9F8A41088422CD1E5
:109D0000B9F82200B9F8B010884226D199F8240099
:109D1000B9F8A610814220D1B9F82800B9F8A810E6
:109D2000884218D019E0B9F81C00B9F89810884298
:109D300013D1B9F82200B9F8AC1088420DD199F8C6
:109D40002400B9F89A10814207D1B9F82800B9F86F
:109D50009C10884201D1002002E0002089F889008F
:109D600040F20501C2F200010B7899F841209342BC
:109D70001CBF0A70022042F20821C2F200010B78D7
:109D800099F8522093421CBF0A70022098F80010E4
:109D90002870481C86E1082523E0022521E00B25D8
:109DA0001FE0DBF80471B9F8F43013E0DBF804715C
:109DB000B9F8EC30584645F228010EE0DBF80471A2
:109DC000B9F80A31584645F2250106E0DBF804717E
:109DD000B9F84031584645F22B010222B847307895
:109DE000451C98F8000035705BE10126002A08BF89
:109DF00004260A70FFF711BCB0B238800B26FFF7BB
:109E0000E4B999F82710FEF780BD0170042603E13C
:109E100042F25220C2F200000178D9F808204B1C0F
:109E200042F25021C2F200010E880024B2420370B7
:109E30003FF48DAADBB20A2BFFF489AA002303703A
:109E40000A800624FFF783BAFAB2102A4FF0000501
:109E5000FFF491AE99F84E208AF80050012A7FF461
:109E60008AAE09780170062585E642F25C22C2F2CC
:109E70000002177899F827309F4240F08C8040F21A
:109E80003C02C2F20002177899F83C309F4240F041
:109E9000B38040F23D02C2F20002177899F83D30DB
:109EA0004C469F4209D00138012805D823B901202A
:109EB000A4F857000020087013700026A146FFF791
:109EC000ACBBD0B20A284FF00006FFF47EA90029EF
:109ED0007FF47BA942F24420C2F200000388D9F843
:109EE000181099F82720994242F23E234C46C2F2BC
:109EF000000378D11F88974275D1A146FFF765B955
:109F00000170092688E0DBF80471B9F81431FFF715
:109F100056B9DBF80471B9F81C31FFF750B9DBF81A
:109F20000471B9F83A31FFF74AB9DBF80471B9F8AE
:109F3000C630FFF744B9DBF80471B9F80C31FFF70C
:109F40003EB9DBF80471B9F8EE30FFF738B9DBF849
:109F50000471B9F84231FFF732B9DBF80471B9F88E
:109F6000CE30FFF72CB9DBF80471B9F83231FFF7C6
:109F700026B9DBF80471B9F8F630FFF720B9DBF841
:109F80000471B9F8BE30FFF71AB9DBF80471B9F8FB
:109F9000E630FFF714B913700326FFF73EBB99F8BC
:109FA00014411BE599F81C4118E599F83A4115E56B
:109FB00099F8C64012E599F80C410FE599F8EE4082
:109FC0000CE599F8424109E599F8CE4006E599F883
:109FD000324103E599F8F64000E599F8BE40FDE40A
:109FE00099F8E640FAE401801A800726A146FFF7B7
:109FF000ECB8017005260FE00026002B08BF0326F1
:10A000001370FFF70ABB0170062604E001700726F3
:10A0100001E001700C26994642F20920C2F20000CC
:10A02000027899F84E108A423FF4F7AA0C290BD017
:10A030000E2905D0132908D10A260170FFF7EDBAC1
:10A0400008260170FFF7E9BA0D260170FFF7E5BA9F
:10A050005F1CB7FBF2F68C6906FB1277E25C4F825D
:10A060000B6A5A6001224A7789F84E000120287055
:10A0700042F6E130C2F20000017801290FD100213F
:10A08000017042F6E330C2F20000017842F6E2309D
:10A09000C2F20000007889F83F1089F84D0098F866
:10A0A0000000013088F8000040F2B600C2F2000063
:10A0B0000078002840F00981B9F81C0043F23437D9
:10A0C00000EBC000C3F23337A0FB0702B9F8300041
:10A0D0000C9200EBC000A0FB0702B9F892000B92B3
:10A0E00000EBC000A0FB0702B9F898000A9200EB51
:10A0F000C000A0FB0702B9F89E00099200EBC00067
:10A10000A0FB0702B9F8A400089200EBC000A0FB76
:10A110000702B9F8B200079200EBC000A0FB0702EB
:10A12000B9F8BA00069200EBC000A0FB0702B9F82C
:10A13000C200059200EBC000A0FB0702B9F8CA00FC
:10A14000049200EBC000A0FB0702B9F8DA0003920A
:10A1500000EBC000A0FB0702B9F8E200029200EB9E
:10A16000C000A0FB0702B9F8EA00019200EBC000B2
:10A17000A0FB070AB9F8F20000EBC000A0FB07083B
:10A18000B9F8000100EBC000A0FB0706B9F8080110
:10A1900000EBC000A0FB0705B9F8100100EBC00000
:10A1A000A0FB0704B9F8180100EBC000A0FB070EE4
:10A1B000B9F8260100EBC000A0FB070CB9F82E018E
:10A1C00000EBC000A0FB0703B9F8360100EBC000AC
:10A1D000A0FB0702B9F83E0100EBC000A0FB07712D
:10A1E00042F6E830C2F200000127077042F6EA307A
:10A1F000C2F20000077042F6EC30C2F200000770B5
:10A2000042F26020C2F2000007700C982030A9F8DA
:10A2100022000B982030A9F832000A982030A9F8C3
:10A22000AA0009982030A9F8AC0008982030A9F8B5
:10A23000AE0007982030A9F8B00006982030A9F8A1
:10A24000B40005982030A9F8BC0004982030A9F883
:10A25000C40003982030A9F8CC0002982030A9F857
:10A26000DC0001982030A9F8E4000AF12000A9F8E8
:10A27000EC0008F12000A9F8F40006F12000A9F88C
:10A28000020105F12000A9F80A0104F12000A9F853
:10A2900012010EF12000A9F81A010CF12000A9F812
:10A2A000280103F12000A9F8300102F12000A9F8EB
:10A2B000380101F12000A9F84001002089F8890047
:10A2C00040F2B600C2F200000770DBF808115846F1
:10A2D0000DB0BDE8F04F08475F1CB7FBF2F68C6984
:10A2E00006FB1277E25C4F820B6A5A6001224A77C2
:10A2F00089F84E0042F6EC30C2F20000007840F2DD
:10A30000930142F6EA32002818BF0420C2F200018D
:10A31000C2F200021378087242F68040C2F20000D6
:10A32000002B18BF0423028A878A561CB6FBF7F459
:10A33000CB7104FB176342F6E837C2F20007468A86
:10A340003F78B3428F713EF4A2A90B788769BB5462
:10A35000028A838A0132B2FBF3F707FB1322571CF0
:10A36000B7FBF3F6028206FB1373478ABB423EF447
:10A370008EA94B788769BB54028A838A0132B2FB6B
:10A38000F3F707FB1322571CB7FBF3F6028206FB19
:10A390001373478ABB423EF47AA98B788769BB5412
:10A3A000028A838A0132B2FBF3F707FB1322571CA0
:10A3B000B7FBF3F6028206FB1373478ABB423EF4F7
:10A3C00066A9CB788769BB54028A838A0132B2FBC3
:10A3D000F3F707FB1322571CB7FBF3F6028206FBC9
:10A3E0001373478ABB423EF452A90B798769BB5469
:10A3F000028A838A0132B2FBF3F707FB1322571C50
:10A40000B7FBF3F6028206FB1373478ABB423EF4A6
:10A410003EA94B798769BB54028A838A0132B2FB19
:10A42000F3F707FB1322571CB7FBF3F6028206FB78
:10A430001373478ABB423EF42AA98B798769BB54C0
:10A44000028A838A0132B2FBF3F707FB1322571CFF
:10A45000B7FBF3F6028206FB1373478ABB423EF456
:10A4600016A9CB798769BB54028A838A0132B2FB71
:10A47000F3F707FB1322571CB7FBF3F6028206FB28
:10A480001373478ABB423EF402A9097A836999543F
:10A49000028A818A0132B2FBF1F3477F03FB112369
:10A4A000012F03823EF4F3A8428A9BB29A4201D163
:10A4B000002107E0531CB3FBF1F7866907FB11335A
:10A4C000B15C4382026A516001214177FEF7E0B836
:10A4D00042F23D21C2F200010878002843F2000058
:10A4E000C4F2000004D101220A704CF6CC41016094
:10A4F0004AF6AA210160704742F20C02C4F202023D
:10A50000536843F00103536001801068C00708D10D
:10A510001068400758BF1068506820F00100506074
:10A5200070470020CFF6F0701168C9071CBF116892
:10A530005FEAC171ECD01168C9071CBF11685FEAFE
:10A54000C171E5D01168C9071CBF11685FEAC1710C
:10A55000DED01168C9071CBF11685FEAC171D7D08E
:10A560001168C9071CBF11685FEAC171D0D01168BA
:10A57000C9071CBF11685FEAC171C9D01168C9075A
:10A580001CBF11685FEAC171C2D01168C9071CBF46
:10A5900011685FEAC171BBD01030C5D1BCE70000C3
:10A5A00042F20C01C4F202014A6842F002024A601F
:10A5B0008860486840F0400048600868C00708D1DB
:10A5C0000868400758BF0868486820F002004860E3
:10A5D00070474FF040400A68D2071CBF0A685FEA24
:10A5E000C272EDD00A68D2071CBF0A685FEAC27265
:10A5F000E6D00A68D2071CBF0A685FEAC272DFD0E1
:10A600000A68D2071CBF0A685FEAC272D8D00A681B
:10A61000D2071CBF0A685FEAC272D1D00A68D207AB
:10A620001CBF0A685FEAC272CAD00A68D2071CBFA0
:10A630000A685FEAC272C3D00A68D2071CBF0A6800
:10A640005FEAC272BCD01030C5D1BDE72DE9F04F32
:10A65000E3B040F29B17C2F200073878032801F2FA
:10A660001C84DFE810F00400E0070F00B60740F29A
:10A67000BC00C2F200000078002801F01184012023
:10A6800001F0E8BC40F2BD00C2F2000000784FF2D9
:10A690000143C0F6010310F0010103F105004FF67C
:10A6A000014203F10707C0F6010208BF501D08BFB1
:10A6B000D71D03F10906002903F10B0508BF02F1BC
:10A6C000090608BF02F10B0503F1D109002903F1C6
:10A6D0000D0B03F10F0A03F1110408BF02F1D109B8
:10A6E00008BF02F10D0B002908BF02F10F0A08BFD5
:10A6F00002F11104009403F11304002908BF02F1D0
:10A700001304019403F1150408BF02F11504029427
:10A7100003F11704002908BF02F11704039403F1A1
:10A72000190408BF02F11904049403F11B04002961
:10A7300008BF02F11B04059403F11D0408BF02F1D8
:10A740001D04069403F11F04002908BF02F11F0431
:10A75000079403F1210408BF02F12104089403F1D6
:10A760002304002908BF02F12304099403F12504FE
:10A7700008BF02F125040A9403F12704002908BF49
:10A7800002F127040B9403F1290408BF02F1290404
:10A790000C9403F12B04002908BF02F12B040D9443
:10A7A00003F12D0408BF02F12D040E9403F12F04D0
:10A7B000002908BF02F12F040F9403F1310408BFF0
:10A7C00002F13104109403F13304002908BF02F1AF
:10A7D0003304119403F1350408BF02F135041294D7
:10A7E00003F13704002908BF02F13704139403F181
:10A7F000390408BF02F13904149403F13B04002921
:10A8000008BF02F13B04159403F13D0408BF02F1B7
:10A810003D04169403F13F04002908BF02F13F04F0
:10A82000179403F1410408BF02F14104189403F1A5
:10A830004304002908BF02F14304199403F14504BD
:10A8400008BF02F145041A9403F14704002908BF28
:10A8500002F147041B9403F1490408BF02F14904C3
:10A860001C9403F14B04002908BF02F14B041D9412
:10A8700003F14D0408BF02F14D041E9403F14F048F
:10A88000002908BF02F14F041F9403F1510408BFCF
:10A8900002F15104209403F15304002908BF02F18E
:10A8A0005304219403F1550408BF02F15504229486
:10A8B00003F15704002908BF02F15704239403F160
:10A8C000590408BF02F15904249403F15B040029E0
:10A8D00008BF02F15B04259403F15D0408BF02F197
:10A8E0005D04269403F15F04002908BF02F15F04B0
:10A8F000279403F1610408BF02F16104289403F175
:10A900006304002908BF02F16304299403F165047C
:10A9100008BF02F165042A9403F16704002908BF07
:10A9200002F167042B9403F1690408BF02F1690482
:10A930002C9403F16B04002908BF02F16B042D94E1
:10A9400003F16D0408BF02F16D042E9403F16F044E
:10A95000002908BF02F16F042F9403F1710408BFAE
:10A9600002F17104309403F17304002908BF02F16D
:10A970007304319403F1750408BF02F17504329435
:10A9800003F17704002908BF02F17704339403F13F
:10A99000790408BF02F17904349403F17B0400299F
:10A9A00008BF02F17B04359403F17D0408BF02F176
:10A9B0007D04369403F17F04002908BF02F17F046F
:10A9C000379403F1810408BF02F18104389403F144
:10A9D0008304002908BF02F18304399403F185043C
:10A9E00008BF02F185043A9403F18704002908BFE7
:10A9F00002F187043B9403F1890408BF02F1890442
:10AA00003C9403F18B04002908BF02F18B043D94B0
:10AA100003F18D0408BF02F18D043E9403F18F040D
:10AA2000002908BF02F18F043F9403F1910408BF8D
:10AA300002F19104409403F19304002908BF02F14C
:10AA40009304419403F1950408BF02F195044294E4
:10AA500003F19704002908BF02F19704439403F11E
:10AA6000990408BF02F19904449403F19B0400295E
:10AA700008BF02F19B04459403F19D0408BF02F155
:10AA80009D04469403F19F04002908BF02F19F042E
:10AA9000479403F1A10408BF02F1A104489403F113
:10AAA000A304002908BF02F1A304499403F1A504FB
:10AAB00008BF02F1A5044A9403F1A704002908BFC6
:10AAC00002F1A7044B9403F1A90408BF02F1A90401
:10AAD0004C9403F1AB04002908BF02F1AB044D9480
:10AAE00003F1AD0408BF02F1AD044E9403F1AF04CD
:10AAF000002908BF02F1AF044F9403F1B10408BF6D
:10AB000002F1B104509403F1B304002908BF02F12B
:10AB1000B304519403F1B50408BF02F1B504529493
:10AB200003F1B704002908BF02F1B704539403F1FD
:10AB3000B90408BF02F1B904549403F1BB0400291D
:10AB400008BF02F1BB04559403F1BD0408BF02F134
:10AB5000BD04569403F1BF04002908BF02F1BF04ED
:10AB6000579403F1C10408BF02F1C104589403F1E2
:10AB7000C304002908BF02F1C304599403F1C504BA
:10AB800008BF02F1C5045A9403F1C704002908BFA5
:10AB900002F1C7045B9403F1C90408BF02F1C904C0
:10ABA0005C9403F1CB04002908BF02F1CB045D944F
:10ABB00003F1CD0408BF02F1CD045E9403F1CF048C
:10ABC000002908BF02F1CF0442F640185F9403F158
:10ABD000D504C2F2000808BF02F1D504002998F993
:10ABE000381003F1D70389B208BF02F1D70360938D
:10ABF000FFF782FCB8F830103846FFF77DFCB8F854
:10AC000034103046FFF778FCB8F88A102846FFF772
:10AC100073FC98F840104846FFF76EFC98F8411016
:10AC20005846FFF769FC98F842105046FFF764FC5D
:10AC300098F843100098FFF75FFC98F844100198CB
:10AC4000FFF75AFC98F845100298FFF755FC98F862
:10AC500046100398FFF750FC98F848100498FFF747
:10AC60004BFC98F849100598FFF746FC98F84B10F4
:10AC70000698FFF741FC98F84D100798FFF73CFC49
:10AC800098F84C100898FFF737FCB8F8921009981C
:10AC9000FFF732FCB8F894100A98FFF72DFCB8F8CB
:10ACA00096100B98FFF728FCB8F898100C98FFF74F
:10ACB00023FCB8F89A100D98FFF71EFCB8F89C100A
:10ACC0000E98FFF719FCB8F89E100F98FFF714FCC8
:10ACD000B8F8A0101098FFF70FFCB8F8A210119860
:10ACE000FFF70AFCB8F8A4101298FFF705FCB8F8B3
:10ACF000A6101398FFF700FCB8F8A8101498FFF7F7
:10AD0000FBFBB8F8B2101598FFF7F6FBB8F8B610D1
:10AD10001698FFF7F1FBB8F8B8101798FFF7ECFB9F
:10AD2000B8F8BA101898FFF7E7FBB8F8BE101998F2
:10AD3000FFF7E2FBB8F8C0101A98FFF7DDFBB8F890
:10AD4000C2101B98FFF7D8FBB8F8C6101C98FFF785
:10AD5000D3FBB8F8C8101D98FFF7CEFBB8F8CA109F
:10AD60001E98FFF7C9FBB8F8CE101F98FFF7C4FB79
:10AD7000B8F8D0102098FFF7BFFBB8F8D210219890
:10AD8000FFF7BAFBB8F8D6102298FFF7B5FBB8F872
:10AD9000D8102398FFF7B0FBB8F8DA102498FFF723
:10ADA000ABFBB8F8DE102598FFF7A6FBB8F8E0106B
:10ADB0002698FFF7A1FBB8F8E2102798FFF79CFB55
:10ADC000B8F8E6102898FFF797FBB8F8E81029982C
:10ADD000FFF792FBB8F8EA102A98FFF78DFBB8F856
:10ADE000EE102B98FFF788FBB8F8F0102C98FFF7BF
:10ADF00083FBB8F8F2102D98FFF77EFBB8F8F61039
:10AE00002E98FFF779FBB8F8F8102F98FFF774FB2E
:10AE1000B8F8FA103098FFF76FFBB8F8FC103198CB
:10AE2000FFF76AFBB8F8FE103298FFF765FBB8F839
:10AE300000113398FFF760FBB8F804113498FFF75E
:10AE40005BFBB8F806113598FFF756FBB8F8081108
:10AE50003698FFF751FBB8F80C113798FFF74CFB09
:10AE6000B8F80E113898FFF747FBB8F81011399869
:10AE7000FFF742FBB8F814113A98FFF73DFBB8F81A
:10AE800016113B98FFF738FBB8F818113C98FFF7FC
:10AE900033FBB8F81C113D98FFF72EFBB8F81E11D4
:10AEA0003E98FFF729FBB8F820113F98FFF724FBE5
:10AEB000B8F822114098FFF71FFBB8F82411419809
:10AEC000FFF71AFBB8F826114298FFF715FBB8F800
:10AED0002A114398FFF710FBB8F82C114498FFF79C
:10AEE0000BFBB8F82E114598FFF706FBB8F83211A6
:10AEF0004698FFF701FBB8F834114798FFF7FCFAC2
:10AF0000B8F836114898FFF7F7FAB8F83A114998A7
:10AF1000FFF7F2FAB8F83C114A98FFF7EDFAB8F8E3
:10AF20003E114B98FFF7E8FAB8F842114C98FFF73A
:10AF3000E3FAB8F844114D98FFF7DEFAB8F8461175
:10AF40004E98FFF7D9FAB8F848114F98FFF7D4FA9E
:10AF5000B8F84A115098FFF7CFFAB8F84C11519849
:10AF6000FFF7CAFAB8F84E115298FFF7C5FAB8F8C9
:10AF700050115398FFF7C0FAB8F852115498FFF7E0
:10AF8000BBFAB8F854115598FFF7B6FAB8F856114D
:10AF90005698FFF7B1FAB8F858115798FFF7ACFA7E
:10AFA000B8F85A115898FFF7A7FAB8F85C115998F1
:10AFB000FFF7A2FAB8F85E115A98FFF79DFAB8F8B1
:10AFC00060115B98FFF798FAB8F862115C98FFF788
:10AFD00093FAB8F864115D98FFF78EFAB8F8661125
:10AFE0005E98FFF789FAB8F868115F98FFF784FA5E
:10AFF000B8F870112046FFF77FFAB8F8781160981A
:10B00000FFF77AFA98F9380040F28611C2F200018F
:10B010000880B8F8300040F28811C2F200010880C0
:10B02000B8F8340040F28A11C2F200010880B8F882
:10B030008A0040F28411C2F20001088040F28210BE
:10B0400098F84010C2F2000098F84120017040F2D8
:10B050009810C2F2000098F84230027040F28D1051
:10B06000C2F2000098F84370037040F27E10C2F202
:10B070000000077098F8440040F28011C2F200010D
:10B08000087098F8450040F28111C2F20001087082
:10B0900040F2C00098F84610C2F2000098F848202C
:10B0A000017040F28310C2F2000098F8493002703B
:10B0B00040F29910C2F2000098F84B70037040F211
:10B0C0009A10C2F20000077098F84D0040F27F110C
:10B0D000C2F20001087098F84C0040F28C11C2F2E4
:10B0E00000010870B8F8920040F2C201C2F20001FB
:10B0F0000880B8F8940040F2C601C2F2000108804E
:10B10000B8F8960040F2C401C2F200010880B8F815
:10B11000980040F2C801C2F200010880B8F89A0015
:10B1200040F2CC01C2F200010880B8F89C0040F265
:10B13000CA01C2F200010880B8F89E0040F2CE01B8
:10B14000C2F200010880B8F8A00040F2D201C2F2B9
:10B1500000010880B8F8A20040F2D001C2F200015C
:10B160000880B8F8A40040F2D401C2F200010880BF
:10B17000B8F8A60040F2D801C2F200010880B8F881
:10B18000A80040F2D601C2F200010880B8F8B2006F
:10B1900040F2DA01C2F200010880B8F8B60040F2CD
:10B1A000DE01C2F200010880B8F8B80040F2DC010C
:10B1B000C2F200010880B8F8BA0040F2E001C2F221
:10B1C00000010880B8F8BE0040F2F001C2F20001B0
:10B1D0000880B8F8C00040F2E801C2F2000108801F
:10B1E000B8F8C20040F2E201C2F200010880B8F8EB
:10B1F000C60040F2F201C2F200010880B8F8C800AF
:10B2000040F2EA01C2F200010880B8F8CA0040F238
:10B21000E401C2F200010880B8F8CE0040F2F40167
:10B22000C2F200010880B8F8D00040F2EC01C2F28E
:10B2300000010880B8F8D20040F2E601C2F2000135
:10B240000880B8F8D60040F2F601C2F2000108808A
:10B25000B8F8D80040F2EE01C2F200010880B8F858
:10B26000DA0040F2F801C2F200010880B8F8DE000E
:10B2700040F2FC01C2F200010880B8F8E00040F2A0
:10B28000FA01C2F200010880B8F8E20040F2FE01C3
:10B29000C2F200010880B8F8E60040F20E11C2F2D6
:10B2A00000010880B8F8E80040F20611C2F200017F
:10B2B0000880B8F8EA0040F20011C2F200010880EC
:10B2C000B8F8EE0040F21011C2F200010880B8F8A0
:10B2D000F00040F20811C2F200010880B8F8F20054
:10B2E00040F20211C2F200010880B8F8F60040F204
:10B2F0001211C2F200010880B8F8F80040F20A11F9
:10B30000C2F200010880B8F8FA0040F20411C2F25B
:10B3100000010880B8F8FC0040F21411C2F20001EC
:10B320000880B8F8FE0040F20C11C2F2000108805B
:10B33000B8F8000140F21611C2F200010880B8F816
:10B34000040140F21A11C2F200010880B8F80601A7
:10B3500040F21811C2F200010880B8F8080140F26A
:10B360001C11C2F200010880B8F80C0140F22C1147
:10B37000C2F200010880B8F80E0140F22411C2F2B6
:10B3800000010880B8F8100140F21E11C2F200015D
:10B390000880B8F8140140F22E11C2F200010880B2
:10B3A000B8F8160140F22611C2F200010880B8F880
:10B3B000180140F22011C2F200010880B8F81C0107
:10B3C00040F23011C2F200010880B8F81E0140F2CC
:10B3D0002811C2F200010880B8F8200140F22211C1
:10B3E000C2F200010880B8F8220140F23211C2F224
:10B3F00000010880B8F8240140F22A11C2F20001CD
:10B400000880B8F8260140F23411C2F20001088029
:10B41000B8F82A0140F23811C2F200010880B8F8E9
:10B420002C0140F23611C2F200010880B8F82E015A
:10B4300040F23A11C2F200010880B8F8320140F23D
:10B440004A11C2F200010880B8F8340140F24211FA
:10B45000C2F200010880B8F8360140F23C11C2F295
:10B4600000010880B8F83A0140F24C11C2F2000124
:10B470000880B8F83C0140F24411C2F20001088093
:10B48000B8F83E0140F23E11C2F200010880B8F85F
:10B49000420140F24E11C2F200010880B8F84401A6
:10B4A00040F24611C2F200010880B8F8460140F2AD
:10B4B0004011C2F200010880B8F8480140F2501172
:10B4C000C2F200010880B8F84A0140F24811C2F205
:10B4D00000010880B8F84C0140F25211C2F200019C
:10B4E0000880B8F84E0140F25611C2F200010880FF
:10B4F000B8F8500140F25411C2F200010880B8F8C7
:10B50000520140F25811C2F200010880B8F854010B
:10B5100040F26811C2F200010880B8F8560140F20A
:10B520006011C2F200010880B8F8580140F25A11C7
:10B53000C2F200010880B8F85A0140F26A11C2F262
:10B5400000010880B8F85C0140F26211C2F200010B
:10B550000880B8F85E0140F25C11C2F20001088078
:10B56000B8F8600140F26C11C2F200010880B8F82E
:10B57000620140F26411C2F200010880B8F864016F
:10B5800040F25E11C2F200010880B8F8660140F294
:10B590006E11C2F200010880B8F8680140F266112D
:10B5A000C2F2000108F5B87308800FCB40F2901783
:10B5B000C2F20007C7E9000140F29B17C2F2000780
:10B5C00040F270103978C2F20000C0E9002300F0A8
:10B5D00040BD40F2BD0440F2BE05C2F20004C2F21A
:10B5E00000054FF2014022782988C0F60100D930C9
:10B5F0004FF60143C0F60103D20708BF03F1D9009B
:10B60000FEF77AFF42F20400C4F20200C16841F082
:10B610008001C1602888217801302880481C207072
:10B62000002000F017BD40F27A1842F64019C2F22D
:10B630000008C2F20009B8F80000B9F81C108842EE
:10B6400040F0268440F27C10C2F20000008899F895
:10B650002410884240F01C8440F27810C2F20000AE
:10B66000008899F82610884240F0128440F2861033
:10B67000C2F20000008899F93810884240F008842E
:10B6800040F28810C2F200000088B9F830108842F9
:10B6900040F0FE8340F28A10C2F200000088B9F840
:10B6A0003410884240F0F48340F28410C2F200006B
:10B6B0000088B9F88A10884240F0EA8340F282108C
:10B6C000C2F20000007899F84010884240F0E08310
:10B6D00040F29810C2F20000007899F841108842B8
:10B6E00040F0D68340F28D10C2F20000007899F845
:10B6F0004210884240F0CC8340F27E10C2F200003B
:10B70000007899F84310884240F0C28340F28010DC
:10B71000C2F20000007899F84410884240F0B883E3
:10B7200040F28110C2F20000007899F8451088427A
:10B7300040F0AE8340F2C000C2F20000007899F8F9
:10B740004610884240F0A48340F28310C2F2000009
:10B75000007899F84810884240F09A8340F2991096
:10B76000C2F20000007899F84910884240F09083B6
:10B7700040F29A10C2F20000007899F84B1088420B
:10B7800040F0868340F27F10C2F20000007899F802
:10B790004D10884240F07C8340F28C10C2F20000D1
:10B7A000007899F84C10884240F0728340F2C20051
:10B7B000C2F200000088B9F89210884240F0688315
:10B7C00040F2C600C2F200000088B9F89410884226
:10B7D00040F05E8340F2C400C2F200000088B9F875
:10B7E0009610884240F0548340F2C800C2F2000034
:10B7F0000088B9F89810884240F04A8340F2CC00A3
:10B80000C2F200000088B9F89A10884240F04083E4
:10B8100040F2CA00C2F200000088B9F89C108842C9
:10B8200040F0368340F2CE00C2F200000088B9F842
:10B830009E10884240F02C8340F2D200C2F20000F9
:10B840000088B9F8A010884240F0228340F2D0006E
:10B85000C2F200000088B9F8A210884240F01883B4
:10B8600040F2D400C2F200000088B9F8A410884267
:10B8700040F00E8340F2D800C2F200000088B9F810
:10B88000A610884240F0048340F2D600C2F20000C5
:10B890000088B9F8A810884240F0FA8240F2DA0035
:10B8A000C2F200000088B9F8B210884240F0F0827D
:10B8B00040F2DE00C2F200000088B9F8B6108842FB
:10B8C00040F0E68240F2DC00C2F200000088B9F8E5
:10B8D000B810884240F0DC8240F2E000C2F2000082
:10B8E0000088B9F8BA10884240F0D28240F2F000E5
:10B8F000C2F200000088B9F8BE10884240F0C88249
:10B9000040F2E800C2F200000088B9F8C010884296
:10B9100040F0BE8240F2E200C2F200000088B9F8B6
:10B92000C210884240F0B48240F2F200C2F200003D
:10B930000088B9F8C610884240F0AA8240F2EA00B6
:10B94000C2F200000088B9F8C810884240F0A08216
:10B9500040F2E400C2F200000088B9F8CA10884240
:10B9600040F0968240F2F400C2F200000088B9F87C
:10B97000CE10884240F08C8240F2EC00C2F200000F
:10B980000088B9F8D010884240F0828240F2E60088
:10B99000C2F200000088B9F8D210884240F07882E4
:10B9A00040F2F600C2F200000088B9F8D6108842D2
:10B9B00040F06E8240F2EE00C2F200000088B9F85A
:10B9C000D810884240F0648240F2F800C2F20000D1
:10B9D0000088B9F8DA10884240F05A8240F2FC0040
:10B9E000C2F200000088B9F8DE10884240F05082B0
:10B9F00040F2FA00C2F200000088B9F8E010884274
:10BA000040F0468240F2FE00C2F200000088B9F821
:10BA1000E210884240F03C8240F20E10C2F2000078
:10BA20000088B9F8E610884240F0328240F20610F1
:10BA3000C2F200000088B9F8E810884240F028827D
:10BA400040F20010C2F200000088B9F8EA10884203
:10BA500040F01E8240F21010C2F200000088B9F8D7
:10BA6000EE10884240F0148240F20810C2F200004A
:10BA70000088B9F8F010884240F00A8240F20210C3
:10BA8000C2F200000088B9F8F210884240F000824B
:10BA900040F21210C2F200000088B9F8F610884295
:10BAA00040F0F68140F20A10C2F200000088B9F8B6
:10BAB000F810884240F0EC8140F20410C2F200001D
:10BAC0000088B9F8FA10884240F0E28140F2141080
:10BAD000C2F200000088B9F8FC10884240F0D8811A
:10BAE00040F20C10C2F200000088B9F8FE10884243
:10BAF00040F0CE8140F21610C2F200000088B9F882
:10BB00000011884240F0C48140F21A10C2F20000D5
:10BB10000088B9F80411884240F0BA8140F2181048
:10BB2000C2F200000088B9F80611884240F0B081E6
:10BB300040F21C10C2F200000088B9F808118842D7
:10BB400040F0A68140F22C10C2F200000088B9F843
:10BB50000C11884240F09C8140F22410C2F2000097
:10BB60000088B9F80E11884240F0928140F21E1010
:10BB7000C2F200000088B9F81011884240F08881B4
:10BB800040F22E10C2F200000088B9F81411884269
:10BB900040F07E8140F22610C2F200000088B9F821
:10BBA0001611884240F0748140F22010C2F2000069
:10BBB0000088B9F81811884240F06A8140F23010CC
:10BBC000C2F200000088B9F81C11884240F0608180
:10BBD00040F22810C2F200000088B9F81E11884215
:10BBE00040F0568140F22210C2F200000088B9F8FD
:10BBF0002011884240F04C8140F23210C2F2000025
:10BC00000088B9F82211884240F0428140F22A109F
:10BC1000C2F200000088B9F82411884240F038814F
:10BC200040F23410C2F200000088B9F826118842B0
:10BC300040F02E8140F23810C2F200000088B9F8BE
:10BC40002A11884240F0248140F23610C2F20000EE
:10BC50000088B9F82C11884240F01A8140F23A105D
:10BC6000C2F200000088B9F82E11884240F010811D
:10BC700040F24A10C2F200000088B9F8321188423E
:10BC800040F0068140F24210C2F200000088B9F88C
:10BC90003411884240F0FC8040F23C10C2F20000B7
:10BCA0000088B9F83611884240F0F28040F24C101A
:10BCB000C2F200000088B9F83A11884240F0E880EA
:10BCC00040F24410C2F200000088B9F83C118842EA
:10BCD00040F0DE8040F23E10C2F200000088B9F869
:10BCE0003E11884240F0D48040F24E10C2F2000073
:10BCF0000088B9F84211884240F0CA8040F24610EC
:10BD0000C2F200000088B9F84411884240F0C080B7
:10BD100040F24010C2F200000088B9F84611884293
:10BD200040F0B68040F25010C2F200000088B9F82E
:10BD30004811884240F0AC8040F24810C2F2000046
:10BD40000088B9F84A11884240F0A28040F25210AF
:10BD5000C2F200000088B9F84C11884240F0988087
:10BD600040F25610C2F200000088B9F84E11884225
:10BD700040F08E8040F25410C2F200000088B9F802
:10BD80005011884240F0848040F25810C2F2000006
:10BD90000088B9F8521188427AD140F26810C2F294
:10BDA00000000088B9F85411884271D140F2601047
:10BDB000C2F200000088B9F85611884268D140F2FA
:10BDC0005A10C2F200000088B9F8581188425FD1B9
:10BDD00040F26A10C2F200000088B9F85A11884295
:10BDE00056D140F26210C2F200000088B9F85C112E
:10BDF00088424DD140F25C10C2F200000088B9F8D0
:10BE00005E11884244D140F26C10C2F200000088FA
:10BE1000B9F8601188423BD140F26410C2F20000D0
:10BE20000088B9F86211884232D140F25E10C2F245
:10BE300000000088B9F86411884229D140F26E10E0
:10BE4000C2F200000088B9F86611884220D140F2A1
:10BE50006610C2F200000088B9F86811884217D154
:10BE600040F29010C2F20000D0E90001D9E95C2351
:10BE70005940504008430BD140F27010C2F200000C
:10BE8000D0E90001D9E95E2359405040084304D06D
:10BE900099F85A00002800F08D8063B0BDE8F08F5B
:10BEA0004FF20140C0F601004FF6FF740021024638
:10BEB00052F8013C6B298DF8883113688DF889316F
:10BEC0009DF889319DF8887147EA0323ADF88A31DE
:10BED000BDF88A31ADF88631BDF8863104D802311B
:10BEE000A34202F10202E3D1BDF88611A14200F0A3
:10BEF000B5804FF60141C0F6010100220B4600BF9C
:10BF000053F8017C6B2A8DF888711F688DF8897150
:10BF10009DF889719DF8886146EA0727ADF88A7116
:10BF2000BDF88A71ADF88671BDF8867104D8023209
:10BF3000A74203F10203E3D1BDF88621A24200F03B
:10BF40008D80D0F8D920D0F8DA008DF889218DF8CD
:10BF500086019DF886019DF8892142EA0020ADF80E
:10BF60008A01BDF88A5140F2B800C2F20000058093
:10BF7000D1F8D900D1F8DA108DF889018DF8861141
:10BF80009DF886019DF8891141EA0020ADF88A01EB
:10BF9000BDF88A6140F2BA00C2F20000B5420680E4
:10BFA00040F2B78001F0EAF840F2BE00C2F20000B1
:10BFB0000580B8E042F2040040F22311C4F202000E
:10BFC000C4F26751016048F6AB11CCF6EF51016045
:10BFD00040F2BD00C2F2000000784FF20141C0F60D
:10BFE000010110F00100A1F1010401F101054FF67A
:10BFF000014208BF01F2FF74C0F6010208BF551CE0
:10C00000CE1C0028204608BFD61CFEF7C9FAB9F896
:10C010001C102046FEF770FA99F824102846FEF707
:10C020006BFA99F826103046FEF766FAB9F81C004C
:10C0300099F82410A8F8000040F27C10C2F2000029
:10C0400099F82620018040F278103978C2F2000079
:10C050000280481C387063B0BDE8F08F002100BF3B
:10C0600050F8012C6B298DF8882102688DF8892100
:10C070009DF889219DF8883143EA0222ADF88A2192
:10C08000BDF88A21ADF88621BDF8862104D8023199
:10C09000A24200F10200E3D1BDF88601A04206D021
:10C0A00001F06CF840F2B800C2F200002AE04FF64E
:10C0B0000140C0F60100002150F8012C6B298DF8D9
:10C0C000882102688DF889219DF889219DF88831A1
:10C0D00043EA0222ADF88A21BDF88A21ADF8862113
:10C0E000BDF8862104D80231A24200F10200E3D15A
:10C0F000BDF88601A04214D002F09AF840F2BA00CE
:10C10000C2F20000008840F2BE01C2F200010880C5
:10C1100009E002F08DF840F2BE00C2F20000068095
:10C1200001E003F0DFF842F64010C2F20000818B1C
:10C130004FF66E62A1F2F51189B291429CBF4FF4A5
:10C14000BE71818390F82410A4F163023731C9B223
:10C150003B299CBF3C2180F82410018E92B26539A6
:10C1600089B291423CBF32210186818E4FF618423E
:10C17000A1F57A7189B291429CBF1E21818690F807
:10C180004010033911F1030F9CBF012180F84010CA
:10C1900090F84110022924BF002180F8411090F846
:10C1A0004210022924BF012180F8421090F8432058
:10C1B000022A24BF012280F8432090F84430032B48
:10C1C00024BF012380F84430509390F84530032B6E
:10C1D00024BF012380F8453090F84640032C24BF4B
:10C1E000012480F84640529190F84810022924BF5B
:10C1F000002180F848104D9190F8491029B101278D
:10C2000001214C9180F8497001E000214C9190F897
:10C210004A104FF6194C022924BF012180F84A1018
:10C2200090F84B104FF66F67022924BF002180F869
:10C230004B1090F84D604FF66F6A022E24BF002617
:10C2400080F84D604B9190F84C10022924BF0121D9
:10C2500080F84C1090F838504991A5F16501C9B2A9
:10C260004F9336299CBF002580F83850B0F88A30AB
:10C27000A3F57A7189B261453CBF0A23A0F88A30E0
:10C280005192B0F89220CDE94635A2F2F51189B26B
:10C290004A96B9423CBF4FF4AF72A0F89220B0F872
:10C2A00094304892A3F1C90107F1CD0289B21FFA77
:10C2B00082FE71453CBF1423A0F89430B0F896205C
:10C2C0004593A2F57A7189B261453CBF0A22A0F874
:10C2D0009620B0F89860A6F2F51189B2B9423CBF39
:10C2E0004FF4BE76A0F898604492B0F89A20A2F17C
:10C2F000C90189B271453CBF1E22A0F89A20429222
:10C30000B0F89C20A2F57A7189B261453CBF0F223A
:10C31000A0F89C204192B0F89E204E94A2F2F51114
:10C3200089B251453CBF4FF4C872A0F89E20B0F8C6
:10C33000A0C040926146ACF1C90189B271454FF687
:10C340001942CDF880C104D2282528216091A0F897
:10C35000A050B0F8A2C0ACF57A7189B291423CBF4E
:10C360004FF0140CA0F8A2C0B0F8A470A7F2F51119
:10C3700089B251453CBF4FF4E177A0F8A470B0F802
:10C38000A6904946A9F1C90189B27145CDF87C91C1
:10C3900004D23C233C215F91A0F8A630B0F8A8203D
:10C3A0004FF61949A2F57A7189B249453CBF1E2260
:10C3B000A0F8A820B0F8B240A4F2F51189B2514516
:10C3C0003CBF9624A0F8B240B0F8B630A3F1C90142
:10C3D00089B271453CBF2823A0F8B630B0F8B8B098
:10C3E0003D925946ABF57A7189B24945CDF878B19D
:10C3F00004D20A220A215E91A0F8B820B0F8BA202F
:10C40000A2F2F51189B251453CBF4FF48272A0F8F7
:10C41000BA203A92B0F8BE204396A2F1C90189B27F
:10C4200071453CBF1422A0F8BE20B0F8C06039921C
:10C430003146A6F57A7189B249455D9604D2032644
:10C4400003215D91A0F8C060B0F8C2203B93A2F236
:10C45000F51189B251453CBF4FF48C72A0F8C2204F
:10C46000B0F8C68038924146A8F1C90189B2714539
:10C47000CDF8708104D2142514215C91A0F8C65027
:10C48000B0F8C820A2F57A7189B249453CBF0422B0
:10C49000A0F8C820B0F8CA503792A5F2F51189B2B9
:10C4A00051453CBF6425A0F8CA50B0F8CEA0514613
:10C4B000AAF1C90189B27145CDF86CA104D2142347
:10C4C00014215B91A0F8CE30B0F8D0204FF66F6AFF
:10C4D000A2F57A7189B249453CBF0522A0F8D02067
:10C4E0003592B0F8D2203C94A2F2F51189B2CDE990
:10C4F0003E7C51453CBF9622A0F8D220B0F8D6C071
:10C5000034926146ACF1C90189B27145CDF868C178
:10C5100004D2282228215A91A0F8D620B0F8D82099
:10C52000A2F57A7189B249453CBF0322A0F8D82010
:10C53000B0F8DA70A7F2F51189B251453CBF9627E1
:10C54000A0F8DA70B0F8DE403695A4F1C90189B2DE
:10C5500071453CBF2824A0F8DE40B0F8E080414699
:10C56000A8F57A7189B24945CDF8648104D20326D1
:10C5700003215991A0F8E060B0F8E2304FF6194C71
:10C58000A3F2F51189B251453CBF4FF48273A0F874
:10C59000E230B0F8E6503093A5F1C90189B2339288
:10C5A00071453CBF1425A0F8E650B0F8E890494624
:10C5B000A9F57A7189B26145CDF8609104D203235F
:10C5C00003215891A0F8E830B0F8EA20A2F2F51162
:10C5D00089B251453CBF4FF4BE72A0F8EA20B0F8D2
:10C5E000EE30A3F1C90189B271453CBF2823A0F800
:10C5F000EE30B0F8F060A6F57A7189B261453CBFC3
:10C600000A26A0F8F060B0F8F2B02E925946ABF2CC
:10C61000F51189B25145CDF85CB106D24FF4827262
:10C620004FF482715791A0F8F220B0F8F620A2F1F1
:10C63000C90189B271453CBF1422A0F8F620CDE9AA
:10C640002B26B0F8F820A2F57A7189B261453CBF7B
:10C650000522A0F8F820B0F8FA804146A8F2F511BA
:10C6600089B25145CDF8588106D24FF4E1764FF4A6
:10C67000E1715691A0F8FA60B0F8FC60A6F1C9012A
:10C6800089B271453CBF2826A0F8FC60CDE931474E
:10C69000B0F8FE402F95A4F57A7189B261453CBF90
:10C6A0000824A0F8FE40B0F800C12D936146ACF21A
:10C6B000F51189B25145CDF854C106D24FF4C87571
:10C6C0004FF4C8715591A0F800512A92B0F8042196
:10C6D0004FF66F63A2F1C90189B271453CBF1E22BA
:10C6E000A0F80421B0F806712792A7F57A7189B2F3
:10C6F0004FF6194291423CBF0427A0F80671B0F8EA
:10C7000008914946A9F2F51189B29942CDF85091A4
:10C7100006D24FF4E1734FF4E1715491A0F808315F
:10C72000B0F80C314FF66F69A3F1C90189B27145B8
:10C730003CBF2823A0F80C31B0F80E512697A5F580
:10C740007A7189B291423CBF0825A0F80E51B0F829
:10C7500010C1ACF2F51189B249453CBF4FF4BE7C23
:10C76000A0F810C1B0F814B1ABF1C90189B271459C
:10C770003CBF4FF0280BA0F814B1B0F81611B1F57A
:10C780007A7F24BF0421A0F81611B0F818812191F6
:10C790004146A8F2F51189B24945CDF84C8106D23F
:10C7A0004FF482724FF482715391A0F81821B0F8BF
:10C7B0001C21B246A2F1C90189B271453CBF1422C5
:10C7C000A0F81C21B0F81E814FF61946A8F57A7121
:10C7D00089B2B1423CBF4FF00508A0F81E81B0F805
:10C7E0002061A6F2F51189B249453CBF4FF4BE76EF
:10C7F000A0F820611E96B0F822612894A6F1C90124
:10C8000089B271453CBF2826A0F82261B0F82441C6
:10C810001D96A4F57A7189B24FF61946B1423CBF14
:10C820000424A0F82441B0F82661A6F2F51189B2DB
:10C8300049453CBF4FF4C876A0F826611B96B0F876
:10C840002A61A6F1C90189B271453CBF1E26A0F834
:10C850002A61B0F82C711A96A7F57A7189B24FF651
:10C860001946B1423CBF0427A0F82C712092B0F8C1
:10C870002E21A2F2F51189B249453CBF4FF4FA725C
:10C88000A0F82E21B0F832111892A1F1C90292B28B
:10C89000259372453CBF1E21A0F83211B0F8342117
:10C8A0001791A2F57A739BB24FF61941CDF8A4A067
:10C8B0008B423CBF0622A0F83421B0F836114FF667
:10C8C0006F63A1F2F516B6B24E453CBF4FF4BE7190
:10C8D000A0F836111692B0F83A21A2F1C906B6B204
:10C8E00076453CBF2822A0F83A21CDE922BCB0F819
:10C8F0003CC12495ACF57A751492ADB24FF619424D
:10C9000095423CBF4FF0040CA0F83CC1B0F83E91FA
:10C91000A9F2F515ADB29D423CBF4FF48279A0F863
:10C920003E91B0F842A1AAF1C905ADB275453CBF30
:10C930004FF0280AA0F842A1B0F844B11997ABF51E
:10C940007A75ADB21C94CDF87C8095423CBF4FF017
:10C95000050BA0F844B1B0F846811591A8F2F51581
:10C96000ADB29D423CBF4FF06408A0F84681B0F8DC
:10C97000485140F29014A5F1C90189B271453CBFFC
:10C980001425A0F84851B0F84A11C2F20004A1F5EC
:10C990007A7189B291423CBF3C21A0F84A11B0F8AB
:10C9A0004C11A1F2F51189B299423CBF6421A0F863
:10C9B0004C11B0F84E11C93989B271453CBF1421F0
:10C9C000A0F84E11B0F85011A1F57A7189B29142D8
:10C9D0003CBF3C21A0F85011B0F85211A1F2F51162
:10C9E00089B299423CBF6421A0F85211B0F85411A9
:10C9F000C93989B271453CBF1421A0F85411B0F86F
:10CA00005611A1F57A7189B291423CBF3C21A0F840
:10CA10005611B0F85811A1F2F51189B299423CBFF4
:10CA20006421A0F85811B0F85A11C93989B271457A
:10CA30003CBF1421A0F85A11B0F85C11A1F57A712D
:10CA400089B291423CBF3C21A0F85C11B0F85E1164
:10CA5000A1F2F51189B299423CBF6421A0F85E11A0
:10CA6000B0F86011C93989B271453CBF1421A0F8F2
:10CA70006011B0F86211A1F57A7189B291423CBFA0
:10CA80003C21A0F86211B0F86411A1F2F51189B24D
:10CA900099423CBF6421A0F86411B0F86611C9390D
:10CAA00089B271453CBF1421A0F86611B0F8681135
:10CAB000DDE94663A1F57A7189B291424A9A3CBF99
:10CAC0003C21A0F86811D0E95C17C4E90017D0E94F
:10CAD0005E1740F27014C2F20004C4E90017818BA3
:10CAE00040F27A17C2F20007398090F8241040F221
:10CAF0007C17C2F20007398090F8261040F27817B0
:10CB0000C2F20007398040F2861759B2C2F200071C
:10CB10003980018E40F28817C2F200073980818E79
:10CB200040F28A17C2F20007398040F28411C2F243
:10CB300000010E8090F8401040F28217C2F2000708
:10CB4000397090F8411040F29817C2F2000739701E
:10CB500040F28D11529FC2F200010F7040F27E111F
:10CB6000519FC2F200010F7040F28011509FC2F23B
:10CB700000010F7040F281114F9FC2F200010F704F
:10CB800040F2C0014E9FC2F200010F7040F28311CB
:10CB90004D9FC2F200010F7040F299114C9FC2F2FA
:10CBA00000010F7040F29A114B9FC2F200010F700A
:10CBB00040F27F11C2F200010A7040F28C11499AD2
:10CBC000C2F200010A7040F2C201489AC2F20001AA
:10CBD0000A8040F2C601459AC2F200010A8040F282
:10CBE000C401449AC2F200010A8040F2C801439A8B
:10CBF000C2F200010A8040F2CC01429AC2F2000166
:10CC00000A8040F2CA01419AC2F200010A8040F251
:10CC1000CE01409AC2F200010A8040F2D201609A2D
:10CC2000C2F200010A8040F2D0013F9AC2F2000134
:10CC30000A8040F2D4013E9AC2F200010A8040F21A
:10CC4000D8015F9AC2F200010A8040F2D6013D9AF3
:10CC5000C2F200010A8040F2DA013C9AC2F20001FD
:10CC60000A8040F2DE013B9AC2F200010A8040F2E3
:10CC7000DC015E9AC2F200010A8040F2E0013A9AB9
:10CC8000C2F200010A8040F2F001399AC2F20001BA
:10CC90000A8040F2E8015D9AC2F200010A8040F287
:10CCA000E201389AC2F200010A8040F2F2015C9A75
:10CCB000C2F200010A8040F2EA01379AC2F2000192
:10CCC0000A8040F2E401369AC2F200010A8040F282
:10CCD000F4015B9AC2F200010A8040F2EC01359A3D
:10CCE000C2F200010A8040F2E601349AC2F2000169
:10CCF0000A8040F2F6015A9AC2F200010A8040F21C
:10CD0000EE01339AC2F200010A8040F2F801329A31
:10CD1000C2F200010A8040F2FC01319AC2F2000125
:10CD20000A8040F2FA01599AC2F200010A8040F2E8
:10CD3000FE01309AC2F200010A8040F20E112F9AD1
:10CD4000C2F200010A8040F20611589AC2F20001B4
:10CD50000A8040F200112E9AC2F200010A8040F2CD
:10CD600010112D9AC2F200010A8040F208112C9A8B
:10CD7000C2F200010A8040F20211579AC2F2000189
:10CD80000A8040F212112B9AC2F200010A8040F28E
:10CD90000A112A9AC2F200010A8040F20411569A3E
:10CDA000C2F200010A8040F21411299AC2F2000175
:10CDB0000A8040F20C11289AC2F200010A8040F267
:10CDC0001611559AC2F200010A8040F21A11279AF0
:10CDD000C2F200010A8040F21811269AC2F2000144
:10CDE0000A8040F21C11549AC2F200010A8040F2FB
:10CDF0002C11259AC2F200010A8040F22411249AD3
:10CE0000C2F200010A8040F21E11239AC2F2000110
:10CE10000A8040F22E11229AC2F200010A8040F2EA
:10CE20002611219AC2F200010A8040F22011539A81
:10CE3000C2F200010A8040F23011209AC2F20001D1
:10CE40000A8040F228111F9AC2F200010A8040F2C3
:10CE500022111E9AC2F200010A8040F232111D9A7C
:10CE6000C2F200010A8040F22A111C9AC2F20001AB
:10CE70000A8040F234111B9AC2F200010A8040F28B
:10CE800038111A9AC2F200010A8040F23611199A3A
:10CE9000C2F200010A8040F23A11189AC2F200016F
:10CEA0000A8040F24A11179AC2F200010A8040F249
:10CEB0004211169AC2F200010A8040F23C11159A02
:10CEC000C2F200010A8040F24C11149AC2F2000131
:10CED0000A8040F24411C2F20001A1F800C040F201
:10CEE0003E11C2F20001A1F8009040F24E11C2F2D0
:10CEF0000001A1F800A040F24611C2F20001A1F821
:10CF000000B040F24011C2F20001A1F8008040F2EE
:10CF10005011C2F200010D80B0F84A1140F24812DF
:10CF2000C2F200021180B0F84C1140F25212C2F26B
:10CF300000021180B0F84E1140F25612C2F2000207
:10CF40001180B0F8501140F25412C2F20002118068
:10CF5000B0F8521140F25812C2F200021180B0F83B
:10CF6000541140F26812C2F200021180B0F856115A
:10CF700040F26012C2F200021180B0F8581140F283
:10CF80005A12C2F200021180B0F85A1140F26A122D
:10CF9000C2F200021180B0F85C1140F26212C2F2DB
:10CFA00000021180B0F85E1140F25C12C2F2000281
:10CFB0001180B0F8601140F26C12C2F200021180D0
:10CFC000B0F8621140F26412C2F200021180B0F8AF
:10CFD000641140F25E12C2F200021180B0F86611D4
:10CFE00040F26E12C2F200021180B0F8681140F2F5
:10CFF0006612C2F20002118040F2BC020121C2F2AC
:10D0000000021170017063B0BDE8F08F42F20C00B5
:10D01000C4F20200416844F6383241F00101416037
:10D0200043F60001C0F60001C4F254120A60016820
:10D03000C90708D10168490758BF0168416821F054
:10D040000101416070470021CFF6F0710268D207FC
:10D050001CBF02685FEAC272ECD00268D2071CBF34
:10D0600002685FEAC272E5D00268D2071CBF02689C
:10D070005FEAC272DED00268D2071CBF02685FEAB4
:10D08000C272D7D00268D2071CBF02685FEAC272C0
:10D09000D0D00268D2071CBF02685FEAC272C9D052
:10D0A0000268D2071CBF02685FEAC272C2D002687F
:10D0B000D2071CBF02685FEAC272BBD01031C5D173
:10D0C000BCE7000080B542F2482C42F64013C2F2A1
:10D0D000000CC2F200039CF8002093F84E1093F865
:10D0E00052E093F888008A4208BFBEF1000F14D0C6
:10D0F000072908BF002834D0072908BF012832D0EB
:10D10000072908BF022830D00023032808BF2523A1
:10D110000022072918BF134628E040F23401C2F26A
:10D1200000010A78824212D140F2350EC2F2000E9E
:10D130009EF8000093F841200023904205D00A2079
:10D140008CF8003008708EF80020D8B280BD00EB5B
:10D15000400200239200042838BF531C0870D8B244
:10D1600080BD012302E00D2300E01923BEF1000F72
:10D1700018BF0123D8B28CF8001080BD80B581B0F3
:10D180004FF20040C0F601000168D0F801208DF890
:10D1900000108DF801209DF801109DF8002042F646
:10D1A000401C42EA0121ADF80210BDF80220C2F293
:10D1B000000CACF81C20D0F80220D0F803308DF819
:10D1C00000208DF801309DF801209DF8003043EAE1
:10D1D0000222ADF80220BDF802208CF8242042681B
:10D1E000D0F805308DF800208DF801309DF8012031
:10D1F0009DF8003043EA0222ADF80220BDF802207B
:10D200008CF82620D0F80620D0F807308DF80020C2
:10D210008DF801309DF801209DF8003043EA02228C
:10D22000ADF80220BDF802208CF838208268D0F8D2
:10D2300009308DF800208DF801309DF801209DF80F
:10D24000003043EA0222ADF80220BDF80220ACF81B
:10D250003020D0F80A20D0F80B308DF800208DF85F
:10D2600001309DF801209DF8003043EA0222ADF81C
:10D270000220BDF80220ACF83420D0F8D220D0F83B
:10D28000D3308DF800208DF801309DF801209DF8F5
:10D29000003043EA0222ADF80220BDF802208CF8EB
:10D2A0004020C268D0F80D308DF800208DF8013094
:10D2B0009DF801209DF8003043EA0222ADF80220DB
:10D2C000BDF80220ACF88A20D0F80E20D0F80F303C
:10D2D0008DF800208DF801309DF801209DF8003078
:10D2E00043EA0222ADF80220BDF802208CF841206A
:10D2F0000269D0F811308DF800208DF801309DF8CA
:10D3000001209DF8003043EA0222ADF80220BDF86A
:10D3100002208CF84220D0F81220D0F813308DF87B
:10D3200000208DF801309DF801209DF8003043EA7F
:10D330000222ADF80220BDF802208CF84320426999
:10D34000D0F815308DF800208DF801309DF80120BF
:10D350009DF8003043EA0222ADF80220BDF8022019
:10D360008CF84420D0F81620D0F817308DF8002023
:10D370008DF801309DF801209DF8003043EA02222B
:10D38000ADF80220BDF802208CF845208269D0F863
:10D3900019308DF800208DF801309DF801209DF89E
:10D3A000003043EA0222ADF80220BDF802208CF8DA
:10D3B0004620D0F81A20D0F81B308DF800208DF8C8
:10D3C00001309DF801209DF8003043EA0222ADF8BB
:10D3D0000220BDF802208CF84820C269D0F81D3028
:10D3E0008DF800208DF801309DF801209DF8003067
:10D3F00043EA0222ADF80220BDF802208CF8492051
:10D40000D0F81E20D0F81F308DF800208DF80130A4
:10D410009DF801209DF8003043EA0222ADF8022079
:10D42000BDF802208CF84B20026AD0F821308DF82C
:10D4300000208DF801309DF801209DF8003043EA6E
:10D440000222ADF80220BDF802208CF84D20D0F861
:10D450002220D0F823308DF800208DF801309DF87F
:10D4600001209DF8003043EA0222ADF80220BDF809
:10D4700002208CF84C20426AD0F825308DF800202C
:10D480008DF801309DF801209DF8003043EA02221A
:10D49000ADF80220BDF80220ACF89220D0F826208A
:10D4A000D0F827308DF800208DF801309DF801204C
:10D4B0009DF8003043EA0222ADF80220BDF80220B8
:10D4C000ACF89420826AD0F829308DF800208DF8CD
:10D4D00001309DF801209DF8003043EA0222ADF8AA
:10D4E0000220BDF80220ACF89620D0F82A20D0F80F
:10D4F0002B308DF800208DF801309DF801209DF82B
:10D50000003043EA0222ADF80220BDF80220ACF858
:10D510009820C26AD0F82D308DF800208DF80130A7
:10D520009DF801209DF8003043EA0222ADF8022068
:10D53000BDF80220ACF89A20D0F82E20D0F82F3079
:10D540008DF800208DF801309DF801209DF8003005
:10D5500043EA0222ADF80220BDF80220ACF89C207C
:10D56000026BD0F831308DF800208DF801309DF835
:10D5700001209DF8003043EA0222ADF80220BDF8F8
:10D580000220ACF89E20D0F83220D0F833308DF84D
:10D5900000208DF801309DF801209DF8003043EA0D
:10D5A0000222ADF80220BDF80220ACF8A020426BA8
:10D5B000D0F835308DF800208DF801309DF801202D
:10D5C0009DF8003043EA0222ADF80220BDF80220A7
:10D5D000ACF8A220D0F83620D0F837308DF80020F3
:10D5E0008DF801309DF801209DF8003043EA0222B9
:10D5F000ADF80220BDF80220ACF8A420826BD0F870
:10D6000039308DF800208DF801309DF801209DF80B
:10D61000003043EA0222ADF80220BDF80220ACF847
:10D62000A620D0F83A20D0F83B308DF800208DF8B5
:10D6300001309DF801209DF8003043EA0222ADF848
:10D640000220BDF80220ACF8A820C26BD0F83D3013
:10D650008DF800208DF801309DF801209DF80030F4
:10D6600043EA0222ADF80220BDF80220ACF8B22055
:10D67000D0F83E20D0F83F308DF800208DF80130F2
:10D680009DF801209DF8003043EA0222ADF8022007
:10D69000BDF80220ACF8B620026CD0F841308DF80D
:10D6A00000208DF801309DF801209DF8003043EAFC
:10D6B0000222ADF80220BDF80220ACF8B820D0F864
:10D6C0004220D0F843308DF800208DF801309DF8CD
:10D6D00001209DF8003043EA0222ADF80220BDF897
:10D6E0000220ACF8BA20426CD0F845308DF800200A
:10D6F0008DF801309DF801209DF8003043EA0222A8
:10D70000ADF80220BDF80220ACF8BE20D0F84620CB
:10D71000D0F847308DF800208DF801309DF80120B9
:10D720009DF8003043EA0222ADF80220BDF8022045
:10D73000ACF8C020826CD0F849308DF800208DF80C
:10D7400001309DF801209DF8003043EA0222ADF837
:10D750000220BDF80220ACF8C220D0F84A20D0F850
:10D760004B308DF800208DF801309DF801209DF898
:10D77000003043EA0222ADF80220BDF80220ACF8E6
:10D78000C620C26CD0F84D308DF800208DF80130E5
:10D790009DF801209DF8003043EA0222ADF80220F6
:10D7A000BDF80220ACF8C820D0F84E20D0F84F3099
:10D7B0008DF800208DF801309DF801209DF8003093
:10D7C00043EA0222ADF80220BDF80220ACF8CA20DC
:10D7D000026DD0F851308DF800208DF801309DF8A1
:10D7E00001209DF8003043EA0222ADF80220BDF886
:10D7F0000220ACF8CE20D0F85220D0F853308DF86B
:10D8000000208DF801309DF801209DF8003043EA9A
:10D810000222ADF80220BDF80220ACF8D020426D03
:10D82000D0F855308DF800208DF801309DF801209A
:10D830009DF8003043EA0222ADF80220BDF8022034
:10D84000ACF8D220D0F85620D0F857308DF8002010
:10D850008DF801309DF801209DF8003043EA022246
:10D86000ADF80220BDF80220ACF8D620826DD0F8C9
:10D8700059308DF800208DF801309DF801209DF879
:10D88000003043EA0222ADF80220BDF80220ACF8D5
:10D89000D820D0F85A20D0F85B308DF800208DF8D1
:10D8A00001309DF801209DF8003043EA0222ADF8D6
:10D8B0000220BDF80220ACF8DA20C26DD0F85D304D
:10D8C0008DF800208DF801309DF801209DF8003082
:10D8D00043EA0222ADF80220BDF80220ACF8DE20B7
:10D8E000D0F85E20D0F85F308DF800208DF8013040
:10D8F0009DF801209DF8003043EA0222ADF8022095
:10D90000BDF80220ACF8E020026ED0F861308DF84E
:10D9100000208DF801309DF801209DF8003043EA89
:10D920000222ADF80220BDF80220ACF8E220D0F8C7
:10D930006220D0F863308DF800208DF801309DF81A
:10D9400001209DF8003043EA0222ADF80220BDF824
:10D950000220ACF8E620426ED0F865308DF8002049
:10D960008DF801309DF801209DF8003043EA022235
:10D97000ADF80220BDF80220ACF8E820D0F866200F
:10D98000D0F867308DF800208DF801309DF8012027
:10D990009DF8003043EA0222ADF80220BDF80220D3
:10D9A000ACF8EA20826ED0F869308DF800208DF84E
:10D9B00001309DF801209DF8003043EA0222ADF8C5
:10D9C0000220BDF80220ACF8EE20D0F86A20D0F892
:10D9D0006B308DF800208DF801309DF801209DF806
:10D9E000003043EA0222ADF80220BDF80220ACF874
:10D9F000F020C26ED0F86D308DF800208DF8013027
:10DA00009DF801209DF8003043EA0222ADF8022083
:10DA1000BDF80220ACF8F220D0F86E20D0F86F30BC
:10DA20008DF800208DF801309DF801209DF8003020
:10DA300043EA0222ADF80220BDF80220ACF8F6203D
:10DA4000026FD0F871308DF800208DF801309DF80C
:10DA500001209DF8003043EA0222ADF80220BDF813
:10DA60000220ACF8F820D0F87220D0F873308DF88E
:10DA700000208DF801309DF801209DF8003043EA28
:10DA80000222ADF80220BDF80220ACF8FA20426F65
:10DA9000D0F875308DF800208DF801309DF8012008
:10DAA0009DF8003043EA0222ADF80220BDF80220C2
:10DAB000ACF8FC20D0F87620D0F877308DF8002034
:10DAC0008DF801309DF801209DF8003043EA0222D4
:10DAD000ADF80220BDF80220ACF8FE20826FD0F82D
:10DAE00079308DF800208DF801309DF801209DF8E7
:10DAF000003043EA0222ADF80220BDF80220ACF863
:10DB00000021D0F87A20D0F87B308DF800208DF8F5
:10DB100001309DF801209DF8003043EA0222ADF863
:10DB20000220BDF80220ACF80421C26FD0F87D308D
:10DB30008DF800208DF801309DF801209DF800300F
:10DB400043EA0222ADF80220BDF80220ACF806211B
:10DB5000D0F87E20D0F87F308DF800208DF801308D
:10DB60009DF801209DF8003043EA0222ADF8022022
:10DB7000BDF80220ACF80821D0F88020D0F8813020
:10DB80008DF800208DF801309DF801209DF80030BF
:10DB900043EA0222ADF80220BDF80220ACF80C21C5
:10DBA000D0F88220D0F883308DF800208DF8013035
:10DBB0009DF801209DF8003043EA0222ADF80220D2
:10DBC000BDF80220ACF80E21D0F88420D0F88530C2
:10DBD0008DF800208DF801309DF801209DF800306F
:10DBE00043EA0222ADF80220BDF80220ACF8102171
:10DBF000D0F88620D0F887308DF800208DF80130DD
:10DC00009DF801209DF8003043EA0222ADF8022081
:10DC1000BDF80220ACF81421D0F88820D0F8893063
:10DC20008DF800208DF801309DF801209DF800301E
:10DC300043EA0222ADF80220BDF80220ACF816211A
:10DC4000D0F88A20D0F88B308DF800208DF8013084
:10DC50009DF801209DF8003043EA0222ADF8022031
:10DC6000BDF80220ACF81821D0F88C20D0F88D3007
:10DC70008DF800208DF801309DF801209DF80030CE
:10DC800043EA0222ADF80220BDF80220ACF81C21C4
:10DC9000D0F88E20D0F88F308DF800208DF801302C
:10DCA0009DF801209DF8003043EA0222ADF80220E1
:10DCB000BDF80220ACF81E21D0F89020D0F89130A9
:10DCC0008DF800208DF801309DF801209DF800307E
:10DCD00043EA0222ADF80220BDF80220ACF8202170
:10DCE000D0F89220D0F893308DF800208DF80130D4
:10DCF0009DF801209DF8003043EA0222ADF8022091
:10DD0000BDF80220ACF82221D0F89420D0F895304C
:10DD10008DF800208DF801309DF801209DF800302D
:10DD200043EA0222ADF80220BDF80220ACF824211B
:10DD3000D0F89620D0F897308DF800208DF801307B
:10DD40009DF801209DF8003043EA0222ADF8022040
:10DD5000BDF80220ACF82621D0F89820D0F89930F0
:10DD60008DF800208DF801309DF801209DF80030DD
:10DD700043EA0222ADF80220BDF80220ACF82A21C5
:10DD8000D0F89A20D0F89B308DF800208DF8013023
:10DD90009DF801209DF8003043EA0222ADF80220F0
:10DDA000BDF80220ACF82C21D0F89C20D0F89D3092
:10DDB0008DF800208DF801309DF801209DF800308D
:10DDC00043EA0222ADF80220BDF80220ACF82E2171
:10DDD000D0F89E20D0F89F308DF800208DF80130CB
:10DDE0009DF801209DF8003043EA0222ADF80220A0
:10DDF000BDF80220ACF83221D0F8A020D0F8A13034
:10DE00008DF800208DF801309DF801209DF800303C
:10DE100043EA0222ADF80220BDF80220ACF834211A
:10DE2000D0F8A220D0F8A3308DF800208DF8013072
:10DE30009DF801209DF8003043EA0222ADF802204F
:10DE4000BDF80220ACF83621D0F8A420D0F8A530D7
:10DE50008DF800208DF801309DF801209DF80030EC
:10DE600043EA0222ADF80220BDF80220ACF83A21C4
:10DE7000D0F8A620D0F8A7308DF800208DF801301A
:10DE80009DF801209DF8003043EA0222ADF80220FF
:10DE9000BDF80220ACF83C21D0F8A820D0F8A93079
:10DEA0008DF800208DF801309DF801209DF800309C
:10DEB00043EA0222ADF80220BDF80220ACF83E2170
:10DEC000D0F8AA20D0F8AB308DF800208DF80130C2
:10DED0009DF801209DF8003043EA0222ADF80220AF
:10DEE000BDF80220ACF84221D0F8AC20D0F8AD301B
:10DEF0008DF800208DF801309DF801209DF800304C
:10DF000043EA0222ADF80220BDF80220ACF8442119
:10DF1000D0F8AE20D0F8AF308DF800208DF8013069
:10DF20009DF801209DF8003043EA0222ADF802205E
:10DF3000BDF80220ACF84621D0F8B020D0F8B130BE
:10DF40008DF800208DF801309DF801209DF80030FB
:10DF500043EA0222ADF80220BDF80220ACF84821C5
:10DF6000D0F8B220D0F8B3308DF800208DF8013011
:10DF70009DF801209DF8003043EA0222ADF802200E
:10DF8000BDF80220ACF84A2190F8B6208DF80020A8
:10DF900090F8B7308DF801309DF801E09DF8001041
:10DFA00041EA0E21ADF80210BDF80210ACF84C1198
:10DFB0008DF800208DF801309DF801109DF80020AB
:10DFC00042EA0121ADF80210BDF80210ACF84E1182
:10DFD000D0F8B810D0F8B9208DF800108DF80120D5
:10DFE0009DF801109DF8002042EA0121ADF80210D1
:10DFF000BDF80210ACF85011D0F8BA10D0F8BB2020
:10E000008DF800108DF801209DF801109DF800207A
:10E0100042EA0121ADF80210BDF80210ACF852112D
:10E02000D0F8BC10D0F8BD208DF800108DF801207C
:10E030009DF801109DF8002042EA0121ADF8021080
:10E04000BDF80210ACF85411D0F8BE10D0F8BF20C3
:10E050008DF800108DF801209DF801109DF800202A
:10E0600042EA0121ADF80210BDF80210ACF85611D9
:10E07000D0F8C010D0F8C1208DF800108DF8012024
:10E080009DF801109DF8002042EA0121ADF8021030
:10E09000BDF80210ACF85811D0F8C210D0F8C32067
:10E0A0008DF800108DF801209DF801109DF80020DA
:10E0B00042EA0121ADF80210BDF80210ACF85A1185
:10E0C000D0F8C410D0F8C5208DF800108DF80120CC
:10E0D0009DF801109DF8002042EA0121ADF80210E0
:10E0E000BDF80210ACF85C11D0F8C610D0F8C7200B
:10E0F0008DF800108DF801209DF801109DF800208A
:10E1000042EA0121ADF80210BDF80210ACF85E1130
:10E11000D0F8C810D0F8C9208DF800108DF8012073
:10E120009DF801109DF8002042EA0121ADF802108F
:10E13000BDF80210ACF86011D0F8CA10D0F8CB20AE
:10E140008DF800108DF801209DF801109DF8002039
:10E1500042EA0121ADF80210BDF80210ACF86211DC
:10E16000D0F8CC10D0F8CD208DF800108DF801201B
:10E170009DF801109DF8002042EA0121ADF802103F
:10E18000BDF80210ACF86411D0F8CE10D0F8CF2052
:10E190008DF800108DF801209DF801109DF80020E9
:10E1A00042EA0121ADF80210BDF80210ACF8661188
:10E1B000D0F8D010D0F8D1208DF800108DF80120C3
:10E1C0009DF801109DF8002042EA0121ADF80210EF
:10E1D000BDF80210ACF86811D0F8D610D0F8D720EE
:10E1E0008DF800108DF801209DF801109DF8002099
:10E1F00042EA0121ADF80210BDF802100022CCE97C
:10E200005C12D0F8D810D0F8D9008DF800108DF835
:10E2100001009DF801009DF8001041EA0020ADF8D2
:10E220000200BDF80200CCE95E0201B080BD000032
:10E2300080B581B04FF60040C0F601000168D0F80B
:10E2400001208DF800108DF801209DF801109DF837
:10E25000002042F6401C42EA0121ADF80210BDF850
:10E260000220C2F2000CACF81C20D0F80220D0F83A
:10E2700003308DF800208DF801309DF801209DF8C5
:10E28000003043EA0222ADF80220BDF802208CF8EB
:10E2900024204268D0F805308DF800208DF8013038
:10E2A0009DF801209DF8003043EA0222ADF80220DB
:10E2B000BDF802208CF82620D0F80620D0F80730D0
:10E2C0008DF800208DF801309DF801209DF8003078
:10E2D00043EA0222ADF80220BDF802208CF8382073
:10E2E0008268D0F809308DF800208DF801309DF853
:10E2F00001209DF8003043EA0222ADF80220BDF86B
:10E300000220ACF83020D0F80A20D0F80B308DF87D
:10E3100000208DF801309DF801209DF8003043EA7F
:10E320000222ADF80220BDF80220ACF83420D0F86B
:10E33000D220D0F8D3308DF800208DF801309DF830
:10E3400001209DF8003043EA0222ADF80220BDF81A
:10E3500002208CF84020C268D0F80D308DF80020E3
:10E360008DF801309DF801209DF8003043EA02222B
:10E37000ADF80220BDF80220ACF88A20D0F80E20BB
:10E38000D0F80F308DF800208DF801309DF8012075
:10E390009DF8003043EA0222ADF80220BDF80220C9
:10E3A0008CF841200269D0F811308DF800208DF8EA
:10E3B00001309DF801209DF8003043EA0222ADF8BB
:10E3C0000220BDF802208CF84220D0F81220D0F8AC
:10E3D00013308DF800208DF801309DF801209DF854
:10E3E000003043EA0222ADF80220BDF802208CF88A
:10E3F00043204269D0F815308DF800208DF80130A7
:10E400009DF801209DF8003043EA0222ADF8022079
:10E41000BDF802208CF84420D0F81620D0F8173030
:10E420008DF800208DF801309DF801209DF8003016
:10E4300043EA0222ADF80220BDF802208CF8452004
:10E440008269D0F819308DF800208DF801309DF8E0
:10E4500001209DF8003043EA0222ADF80220BDF809
:10E4600002208CF84620D0F81A20D0F81B308DF806
:10E4700000208DF801309DF801209DF8003043EA1E
:10E480000222ADF80220BDF802208CF84820C269B3
:10E49000D0F81D308DF800208DF801309DF8012056
:10E4A0009DF8003043EA0222ADF80220BDF80220B8
:10E4B0008CF84920D0F81E20D0F81F308DF80020AD
:10E4C0008DF801309DF801209DF8003043EA0222CA
:10E4D000ADF80220BDF802208CF84B20026AD0F87B
:10E4E00021308DF800208DF801309DF801209DF835
:10E4F000003043EA0222ADF80220BDF802208CF879
:10E500004D20D0F82220D0F823308DF800208DF84F
:10E5100001309DF801209DF8003043EA0222ADF859
:10E520000220BDF802208CF84C20426AD0F8253039
:10E530008DF800208DF801309DF801209DF8003005
:10E5400043EA0222ADF80220BDF80220ACF8922086
:10E55000D0F82620D0F827308DF800208DF8013033
:10E560009DF801209DF8003043EA0222ADF8022018
:10E57000BDF80220ACF89420826AD0F829308DF8DA
:10E5800000208DF801309DF801209DF8003043EA0D
:10E590000222ADF80220BDF80220ACF89620D0F897
:10E5A0002A20D0F82B308DF800208DF801309DF80E
:10E5B00001209DF8003043EA0222ADF80220BDF8A8
:10E5C0000220ACF89820C26AD0F82D308DF80020D7
:10E5D0008DF801309DF801209DF8003043EA0222B9
:10E5E000ADF80220BDF80220ACF89A20D0F82E2019
:10E5F000D0F82F308DF800208DF801309DF80120E3
:10E600009DF8003043EA0222ADF80220BDF8022056
:10E61000ACF89C20026BD0F831308DF800208DF8DA
:10E6200001309DF801209DF8003043EA0222ADF848
:10E630000220BDF80220ACF89E20D0F83220D0F89D
:10E6400033308DF800208DF801309DF801209DF8C1
:10E65000003043EA0222ADF80220BDF80220ACF8F7
:10E66000A020426BD0F835308DF800208DF80130B5
:10E670009DF801209DF8003043EA0222ADF8022007
:10E68000BDF80220ACF8A220D0F83620D0F8373000
:10E690008DF800208DF801309DF801209DF80030A4
:10E6A00043EA0222ADF80220BDF80220ACF8A42013
:10E6B000826BD0F839308DF800208DF801309DF84C
:10E6C00001209DF8003043EA0222ADF80220BDF897
:10E6D0000220ACF8A620D0F83A20D0F83B308DF8D4
:10E6E00000208DF801309DF801209DF8003043EAAC
:10E6F0000222ADF80220BDF80220ACF8A820C26BBF
:10E70000D0F83D308DF800208DF801309DF80120C3
:10E710009DF8003043EA0222ADF80220BDF8022045
:10E72000ACF8B220D0F83E20D0F83F308DF8002071
:10E730008DF801309DF801209DF8003043EA022257
:10E74000ADF80220BDF80220ACF8B620026CD0F87B
:10E7500041308DF800208DF801309DF801209DF8A2
:10E76000003043EA0222ADF80220BDF80220ACF8E6
:10E77000B820D0F84220D0F843308DF800208DF832
:10E7800001309DF801209DF8003043EA0222ADF8E7
:10E790000220BDF80220ACF8BA20426CD0F8453017
:10E7A0008DF800208DF801309DF801209DF8003093
:10E7B00043EA0222ADF80220BDF80220ACF8BE20E8
:10E7C000D0F84620D0F847308DF800208DF8013081
:10E7D0009DF801209DF8003043EA0222ADF80220A6
:10E7E000BDF80220ACF8C020826CD0F849308DF81A
:10E7F00000208DF801309DF801209DF8003043EA9B
:10E800000222ADF80220BDF80220ACF8C220D0F8F8
:10E810004A20D0F84B308DF800208DF801309DF85B
:10E8200001209DF8003043EA0222ADF80220BDF835
:10E830000220ACF8C620C26CD0F84D308DF8002014
:10E840008DF801309DF801209DF8003043EA022246
:10E85000ADF80220BDF80220ACF8C820D0F84E2058
:10E86000D0F84F308DF800208DF801309DF8012050
:10E870009DF8003043EA0222ADF80220BDF80220E4
:10E88000ACF8CA20026DD0F851308DF800208DF818
:10E8900001309DF801209DF8003043EA0222ADF8D6
:10E8A0000220BDF80220ACF8CE20D0F85220D0F8DB
:10E8B00053308DF800208DF801309DF801209DF82F
:10E8C000003043EA0222ADF80220BDF80220ACF885
:10E8D000D020426DD0F855308DF800208DF80130F1
:10E8E0009DF801209DF8003043EA0222ADF8022095
:10E8F000BDF80220ACF8D220D0F85620D0F857301E
:10E900008DF800208DF801309DF801209DF8003031
:10E9100043EA0222ADF80220BDF80220ACF8D6206E
:10E92000826DD0F859308DF800208DF801309DF8B7
:10E9300001209DF8003043EA0222ADF80220BDF824
:10E940000220ACF8D820D0F85A20D0F85B308DF8EF
:10E9500000208DF801309DF801209DF8003043EA39
:10E960000222ADF80220BDF80220ACF8DA20C26D18
:10E97000D0F85D308DF800208DF801309DF8012031
:10E980009DF8003043EA0222ADF80220BDF80220D3
:10E99000ACF8DE20D0F85E20D0F85F308DF8002093
:10E9A0008DF801309DF801209DF8003043EA0222E5
:10E9B000ADF80220BDF80220ACF8E020026ED0F8DD
:10E9C00061308DF800208DF801309DF801209DF810
:10E9D000003043EA0222ADF80220BDF80220ACF874
:10E9E000E220D0F86220D0F863308DF800208DF856
:10E9F00001309DF801209DF8003043EA0222ADF875
:10EA00000220BDF80220ACF8E620426ED0F8653056
:10EA10008DF800208DF801309DF801209DF8003020
:10EA200043EA0222ADF80220BDF80220ACF8E8204B
:10EA3000D0F86620D0F867308DF800208DF80130CE
:10EA40009DF801209DF8003043EA0222ADF8022033
:10EA5000BDF80220ACF8EA20826ED0F869308DF85B
:10EA600000208DF801309DF801209DF8003043EA28
:10EA70000222ADF80220BDF80220ACF8EE20D0F85A
:10EA80006A20D0F86B308DF800208DF801309DF8A9
:10EA900001209DF8003043EA0222ADF80220BDF8C3
:10EAA0000220ACF8F020C26ED0F86D308DF8002056
:10EAB0008DF801309DF801209DF8003043EA0222D4
:10EAC000ADF80220BDF80220ACF8F220D0F86E209C
:10EAD000D0F86F308DF800208DF801309DF80120BE
:10EAE0009DF8003043EA0222ADF80220BDF8022072
:10EAF000ACF8F620026FD0F871308DF800208DF858
:10EB000001309DF801209DF8003043EA0222ADF863
:10EB10000220BDF80220ACF8F820D0F87220D0F81E
:10EB200073308DF800208DF801309DF801209DF89C
:10EB3000003043EA0222ADF80220BDF80220ACF812
:10EB4000FA20426FD0F875308DF800208DF8013032
:10EB50009DF801209DF8003043EA0222ADF8022022
:10EB6000BDF80220ACF8FC20D0F87620D0F8773041
:10EB70008DF800208DF801309DF801209DF80030BF
:10EB800043EA0222ADF80220BDF80220ACF8FE20D4
:10EB9000826FD0F879308DF800208DF801309DF823
:10EBA00001209DF8003043EA0222ADF80220BDF8B2
:10EBB0000220ACF80021D0F87A20D0F87B308DF814
:10EBC00000208DF801309DF801209DF8003043EAC7
:10EBD0000222ADF80220BDF80220ACF80421C26F79
:10EBE000D0F87D308DF800208DF801309DF801209F
:10EBF0009DF8003043EA0222ADF80220BDF8022061
:10EC0000ACF80621D0F87E20D0F87F308DF80020B7
:10EC10008DF801309DF801209DF8003043EA022272
:10EC2000ADF80220BDF80220ACF80821D0F8802011
:10EC3000D0F881308DF800208DF801309DF801204A
:10EC40009DF8003043EA0222ADF80220BDF8022010
:10EC5000ACF80C21D0F88220D0F883308DF8002059
:10EC60008DF801309DF801209DF8003043EA022222
:10EC7000ADF80220BDF80220ACF80E21D0F88420B7
:10EC8000D0F885308DF800208DF801309DF80120F6
:10EC90009DF8003043EA0222ADF80220BDF80220C0
:10ECA000ACF81021D0F88620D0F887308DF80020FD
:10ECB0008DF801309DF801209DF8003043EA0222D2
:10ECC000ADF80220BDF80220ACF81421D0F888205D
:10ECD000D0F889308DF800208DF801309DF80120A2
:10ECE0009DF8003043EA0222ADF80220BDF8022070
:10ECF000ACF81621D0F88A20D0F88B308DF800209F
:10ED00008DF801309DF801209DF8003043EA022281
:10ED1000ADF80220BDF80220ACF81821D0F88C2004
:10ED2000D0F88D308DF800208DF801309DF801204D
:10ED30009DF8003043EA0222ADF80220BDF802201F
:10ED4000ACF81C21D0F88E20D0F88F308DF8002040
:10ED50008DF801309DF801209DF8003043EA022231
:10ED6000ADF80220BDF80220ACF81E21D0F89020AA
:10ED7000D0F891308DF800208DF801309DF80120F9
:10ED80009DF8003043EA0222ADF80220BDF80220CF
:10ED9000ACF82021D0F89220D0F893308DF80020E4
:10EDA0008DF801309DF801209DF8003043EA0222E1
:10EDB000ADF80220BDF80220ACF82221D0F8942052
:10EDC000D0F895308DF800208DF801309DF80120A5
:10EDD0009DF8003043EA0222ADF80220BDF802207F
:10EDE000ACF82421D0F89620D0F897308DF8002088
:10EDF0008DF801309DF801209DF8003043EA022291
:10EE0000ADF80220BDF80220ACF82621D0F89820F9
:10EE1000D0F899308DF800208DF801309DF8012050
:10EE20009DF8003043EA0222ADF80220BDF802202E
:10EE3000ACF82A21D0F89A20D0F89B308DF8002029
:10EE40008DF801309DF801209DF8003043EA022240
:10EE5000ADF80220BDF80220ACF82C21D0F89C209F
:10EE6000D0F89D308DF800208DF801309DF80120FC
:10EE70009DF8003043EA0222ADF80220BDF80220DE
:10EE8000ACF82E21D0F89E20D0F89F308DF80020CD
:10EE90008DF801309DF801209DF8003043EA0222F0
:10EEA000ADF80220BDF80220ACF83221D0F8A02045
:10EEB000D0F8A1308DF800208DF801309DF80120A8
:10EEC0009DF8003043EA0222ADF80220BDF802208E
:10EED000ACF83421D0F8A220D0F8A3308DF800206F
:10EEE0008DF801309DF801209DF8003043EA0222A0
:10EEF000ADF80220BDF80220ACF83621D0F8A420ED
:10EF0000D0F8A5308DF800208DF801309DF8012053
:10EF10009DF8003043EA0222ADF80220BDF802203D
:10EF2000ACF83A21D0F8A620D0F8A7308DF8002010
:10EF30008DF801309DF801209DF8003043EA02224F
:10EF4000ADF80220BDF80220ACF83C21D0F8A82092
:10EF5000D0F8A9308DF800208DF801309DF80120FF
:10EF60009DF8003043EA0222ADF80220BDF80220ED
:10EF7000ACF83E21D0F8AA20D0F8AB308DF80020B4
:10EF80008DF801309DF801209DF8003043EA0222FF
:10EF9000ADF80220BDF80220ACF84221D0F8AC2038
:10EFA000D0F8AD308DF800208DF801309DF80120AB
:10EFB0009DF8003043EA0222ADF80220BDF802209D
:10EFC000ACF84421D0F8AE20D0F8AF308DF8002056
:10EFD0008DF801309DF801209DF8003043EA0222AF
:10EFE000ADF80220BDF80220ACF84621D0F8B020E0
:10EFF000D0F8B1308DF800208DF801309DF8012057
:10F000009DF8003043EA0222ADF80220BDF802204C
:10F01000ACF84821D0F8B220D0F8B3308DF80020F9
:10F020008DF801309DF801209DF8003043EA02225E
:10F03000ADF80220BDF80220ACF84A2190F8B620C5
:10F040008DF8002090F8B7308DF801309DF801E080
:10F050009DF8001041EA0E21ADF80210BDF8021033
:10F06000ACF84C118DF800208DF801309DF801109E
:10F070009DF8002042EA0121ADF80210BDF802100F
:10F08000ACF84E11D0F8B810D0F8B9208DF80010B7
:10F090008DF801209DF801109DF8002042EA012121
:10F0A000ADF80210BDF80210ACF85011D0F8BA104B
:10F0B000D0F8BB208DF800108DF801209DF80110CC
:10F0C0009DF8002042EA0121ADF80210BDF80210BF
:10F0D000ACF85211D0F8BC10D0F8BD208DF800105B
:10F0E0008DF801209DF801109DF8002042EA0121D1
:10F0F000ADF80210BDF80210ACF85411D0F8BE10F3
:10F10000D0F8BF208DF800108DF801209DF8011077
:10F110009DF8002042EA0121ADF80210BDF802106E
:10F12000ACF85611D0F8C010D0F8C1208DF80010FE
:10F130008DF801209DF801109DF8002042EA012180
:10F14000ADF80210BDF80210ACF85811D0F8C2109A
:10F15000D0F8C3208DF800108DF801209DF8011023
:10F160009DF8002042EA0121ADF80210BDF802101E
:10F17000ACF85A11D0F8C410D0F8C5208DF80010A2
:10F180008DF801209DF801109DF8002042EA012130
:10F19000ADF80210BDF80210ACF85C11D0F8C61042
:10F1A000D0F8C7208DF800108DF801209DF80110CF
:10F1B0009DF8002042EA0121ADF80210BDF80210CE
:10F1C000ACF85E11D0F8C810D0F8C9208DF8001046
:10F1D0008DF801209DF801109DF8002042EA0121E0
:10F1E000ADF80210BDF80210ACF86011D0F8CA10EA
:10F1F000D0F8CB208DF800108DF801209DF801107B
:10F200009DF8002042EA0121ADF80210BDF802107D
:10F21000ACF86211D0F8CC10D0F8CD208DF80010E9
:10F220008DF801209DF801109DF8002042EA01218F
:10F23000ADF80210BDF80210ACF86411D0F8CE1091
:10F24000D0F8CF208DF800108DF801209DF8011026
:10F250009DF8002042EA0121ADF80210BDF802102D
:10F26000ACF86611D0F8D010D0F8D1208DF800108D
:10F270008DF801209DF801109DF8002042EA01213F
:10F28000ADF80210BDF80210ACF86811D0F8D61035
:10F29000D0F8D7208DF800108DF801209DF80110CE
:10F2A0009DF8002042EA0121ADF80210BDF80210DD
:10F2B0000022CCE95C12D0F8D810D0F8D9008DF833
:10F2C00000108DF801009DF801009DF8001041EA42
:10F2D0000020ADF80200BDF80200CCE95E0201B0EA
:10F2E00080BD00002DE9F04342F64010C2F200005C
:10F2F0003C2180F8241032224FF48C7102861E22A9
:10F300004FF00124A0F8C210142182860122C0F817
:10F31000414040F20114C0F2040180F84020A0F8FE
:10F3200045404FF4803480F84C204FF4AF72C0F861
:10F33000C61014218464A0F8922040F296224FF463
:10F340003C742826C0F20501C0F2CC22A0F8AE40E1
:10F350002824C0F20A06C0F8CE10C0F8F610C0F893
:10F360001C114FF4FA71C0F8AA201422C0F2140440
:10F37000C0F8B6601427C0F8EE602826A0F82E1159
:10F380001E21C0F20A02C0F8A04040F24A34C0F286
:10F390000307C0F20806C0F20601C0F894201E223E
:10F3A000C0F29604C0F8BE70C0F8E6701E27C0F820
:10F3B0000C612826C0F8321128214FF4BE73C0F228
:10F3C0000F02C0F8B0403C249625C0F20407C0F2FA
:10F3D0000406C0F2050183834FF0640EA0F8983054
:10F3E000C0F89A204FF4C872C0F21E04A0F8DA5098
:10F3F0002825A0F8EA30C0F80471A0F81031C0F850
:10F400001461C0F82A71A0F83631C0F83A61C0F82A
:10F4100042116E213223C8270A2680F826E04FF0D9
:10F4200000084FF00A0CA0F89E204FF4E179C0F8D4
:10F43000A6404FF48274A0F8CAE0C0F20305A0F819
:10F440000021A0F82621C0F214013C22C0F20A03D8
:10F45000C0F23207C0F2C80600F5A67E80F83880F8
:10F46000A0F88AC0A0F8A490A0F8BA40C0F8DE5076
:10F47000A0F8E240A0F8F240A0F80891A0F81841E6
:10F48000A0F83E41C0F2C8028EE88E00C0E9576382
:10F49000C0F86471A0F868C1C0E95C88C0E95E8802
:10F4A000BDE8F0838B790A88032B07D05BB94979D3
:10F4B000282916D018291AD1026113E000215FEA29
:10F4C000026C19D131E003F0080C0B79C97903F013
:10F4D0000403634401F0030119445FEA026C0BD199
:10F4E00023E0426108215FEA026C05D11DE001F0D2
:10F4F0000F015FEA026C18D0D3073DD1930744D4C3
:10F5000053074CD4130754D4D3065CD4930664D465
:10F5100053066CD4BCF1000F07D5036823F0704389
:10F520000360036843EA01730360130A23D0D30521
:10F530006AD4930571D453057AD4130500F18380FE
:10F54000D30400F18B80930400F19380530407D51A
:10F55000436823F070634360436843EA0163436098
:10F56000120458BF7047426822F0704242604268FD
:10F5700042EA017141607047036823F00F030360A2
:10F5800003680B4303609307BAD5036823F0F003C5
:10F590000360036843EA011303605307B2D50368AD
:10F5A00023F470630360036843EA012303601307D5
:10F5B000AAD5036823F470430360036843EA013368
:10F5C0000360D306A2D5036823F4702303600368A5
:10F5D00043EA0143036093069AD5036823F470035A
:10F5E0000360036843EA01530360530692D503683E
:10F5F00023F070630360036843EA01630360BCF1B6
:10F60000000F3FF58AAF90E7436823F00F03436094
:10F6100043680B43436093058DD5436823F0F003A3
:10F620004360436843EA0113436053057FF585AFA8
:10F63000436823F470634360436843EA01234360F3
:10F6400013057FF57DAF436823F47043436043683F
:10F6500043EA01334360D3047FF575AF436823F475
:10F6600070234360436843EA0143436093047FF59A
:10F670006DAF436823F470034360436843EA01536A
:10F68000436053043FF564AF6AE7000042F2622032
:10F69000C2F200000078022818BF704710B542F28D
:10F6A000040440F22310C4F20204C4F26750206044
:10F6B00048F6AB10CCF6EF50206043F60000C0F6E1
:10F6C0000000FAF76DFFFDF7A1FCE06840F0800054
:10F6D000E06002F067FB0000016882888B68C179F6
:10F6E00004295AD813409A1AB2FA82F390F806C045
:10F6F0005B09DFE801F003472C3F0F009C4505D173
:10F700000221C17100210181C173818100214181E8
:10F71000084670479C4542D180B58189C27C013141
:10F720001FFA81FCB2FA82F34FEA531E002394457C
:10F7300038BF01235EEA030218BF0A464FF00401F6
:10F74000828118BF0021BDE88040084670479C4573
:10F750002CD10189037C01318AB201819A424FF098
:10F76000000138D3837B0122C2715A1C827301814C
:10F77000012070479C451DD10221C171002181608B
:10F78000084670479C4528D10189427C01318BB2E3
:10F790009342018101D3C17B91B3002070470221C4
:10F7A000C1710021C1730181084670470021C171F8
:10F7B000084670474189837C01318AB241819A426F
:10F7C0004FF0000107D3827BC171013AB2FA82F295
:10F7D000520981735100084670470289437C022117
:10F7E000C17100219A42418107D2817B99B10129DF
:10F7F0000DD10321C17100210DE0817302210AE0C6
:10F800000421C1714FF08071C16003207047002155
:10F810008173C171052100220281C27308467047BD
:10F820002DE9F04F81B042F26325C2F2000542F2A9
:10F83000642442F265282F78C2F20004C2F2000864
:10F84000267898F8000042F6401B002FC2F2000B09
:10F8500008BF002E0CD09BF83C30012B0AD063B9B6
:10F860009BF84E30022B1CBF01238BF83C3004E088
:10F8700018B1F0E70023ABF82A30002803463146E0
:10F8800018BF0123002E18BF01213A46002F18BFD0
:10F890000122114019420DD19BF85A1051B19BF829
:10F8A0005B100131CAB21E2A8BF85B1024BF002105
:10F8B000ABF85A1040F29E13C2F200031978B1B9A6
:10F8C0000121197040F24C01C2F2000141F601021F
:10F8D0000A6140F2600141F60102C2F20001C0F289
:10F8E00000420A6140F27401C2F200010A61002F75
:10F8F00008BF002E06D128B940F29F10C2F20000C6
:10F900000021017040F24C00C2F20000FFF7E4FE5B
:10F910008246287040F26000C2F20000FFF7DCFE71
:10F920008146207040F27400C2F20000FFF7D4FE5E
:10F930009BF8551088F8000089B19BF856100027F5
:10F940000131CAB2782A8BF856100BD39BF84710B6
:10F95000ABF85570002904BF02218BF84710002135
:10F96000012700E001219BF8572092B19BF8582015
:10F970000132D3B28BF85820782B4FF000020CD311
:10F980009BF84730ABF85720012B04BF02228BF8BD
:10F9900047204FF00008012201E04FF0010840F23B
:10F9A0009C1CC2F2000C9CF80030012B0FD140F2DD
:10F9B0009D15C2F200052B780133DEB2782E2B7034
:10F9C00031BF012300238CF800302B7000E00023AE
:10F9D0009BF84050022D26D0012D40F0028240F2CB
:10F9E0009F1EC2F2000E9EF80040002C40F0F981EC
:10F9F000BAF1020F3CD10124002FABF85A4065D078
:10FA00001A4365D19BF846300021002B4FF00102CC
:10FA100000F00A81012B06BF8BF857104FF0000849
:10FA20004FF0010809E140F29F10C2F20000007897
:10FA3000002808BFBAF1020F40F0D3819BF84E00B6
:10FA40001A2840F0CE819BF85100002840F0C9816F
:10FA50009BF85000002800F09A80012840F09B801D
:10FA6000BBF8B81000208BF85000ABF88E1092E075
:10FA7000B9F1020F4BD19BF83F500124032DABF895
:10FA80005A4000F09580002D40F0E980002F00F0F2
:10FA9000B1809BF847108C1EB4FA84F464091440BA
:10FAA000012C40F044849BF84620022A00F07F8518
:10FAB000012A4FF0000800F07485002A40F0978575
:10FAC0000BF157014FF0010800F06DBD002B4CD039
:10FAD0009BF84520002A7ED0022A6FD0012A40F0F0
:10FAE000D4809BF83F20002A40F0CF8040F29D1246
:10FAF000C2F200020024147040F200020123C2F29C
:10FB000000020A248CF800301470022296E00228C9
:10FB100040F0A5809BF83F500124032DABF85A40DC
:10FB200000F09580002D40F09A80002F00F00E84A8
:10FB30009BF847108C1EB4FA84F464091440012C1D
:10FB400040F095849BF84620022A00F0A285012A05
:10FB50004FF0000800F09785002A40F0B1850BF1C6
:10FB600057014FF0010800F090BD9BF8462000219E
:10FB70004AB1012A40F0218100224FF001088BF8A0
:10FB800025208BF857808BF85510012255E040F264
:10FB90000110ABF84F00012042F6C021C2F2000173
:10FBA000087040F29F10C2F200000121017018E1BC
:10FBB00040F20002C2F2000206254DE09BF84E2002
:10FBC000013A012A61D89BF8542082F001028BF897
:10FBD0005420022232E09BF83F20022A00F0D58315
:10FBE000002A40F0DE83022200248BF83F208BF8AD
:10FBF000544023E001219BF84620022A40F0F8847B
:10FC00009BF84E20013A012A29D840F29D12C2F2F7
:10FC100000020024147040F200020123C2F200022C
:10FC200009248CF80030ABE3ABF81E108BF85710AA
:10FC30004FF0000801218BF85520002342F6C02424
:10FC4000C2F20004227001228EF800201DE040F272
:10FC50000002C2F20002042515708EF80040BAF1CD
:10FC6000030F12D19BF84400002800F0898002287D
:10FC700072D0012840F0B5809BF83F00002800F0CA
:10FC80008A83032800F097809BE0B9F1040F2DD1FF
:10FC90009BF83F0001220328ABF85A2055D00028DA
:10FCA00040F09F8051EA08000DD19BF846000128E2
:10FCB00000F094830021002806BF4FF001088BF864
:10FCC00057804FF00008002B66D09BF8460040F2AA
:10FCD0009D120021C2F2000200288CF80010117061
:10FCE00000F06283012800F089837AE0042878D14B
:10FCF0009BF83F0001220328ABF85A2039D0002896
:10FD00006FD151EA08000DD19BF84600012800F0A0
:10FD1000E7830021002806BF4FF001088BF85780C9
:10FD20004FF00008002B4ED09BF8460040F29D1289
:10FD30000021C2F2000200288CF80010117000F0BF
:10FD4000B283012800F0DC834BE040F20000C2F2F5
:10FD5000000007210170C2E09BF84E000138012825
:10FD60003FD89BF8540080F001008BF8540002202B
:10FD700012E740F20000C2F2000005210170BFE06E
:10FD80009BF83F00022816D0D8B9022000218BF83A
:10FD90003F008BF85410FFE641B140F20000C2F280
:10FDA00000000321017000208BF85600B8F1000F0D
:10FDB00040F0FF8215E00020EEE200230122012145
:10FDC0003CE70220E8E641B140F20000C2F2000048
:10FDD0000121017000208BF85600B8F1000F40F0AF
:10FDE000678340F20000C2F2000000780A2800F2A7
:10FDF000D583DFE810F00B0090035A000F031F00BB
:10FE00007D008E006C00E0003300A2009BF84100F2
:10FE100000210128ABF81E1000F02181002840F0DD
:10FE2000B183BBF81C004FF4FA71B0F5FA7F38BF0C
:10FE3000411C80E39BF83F00032800F0F38000287A
:10FE400040F0A0839BF824000021C8288BF82510DF
:10FE500080F03E8301308BF8240093E300208BF880
:10FE600058004FF00121ABF81E008BF825009BF8DD
:10FE70008900CBF854109BF84110013898BF01203D
:10FE800000298BF8890000F0D680012940F07A83A0
:10FE90004FF0FF3151FA80F0032800F27383DFE85E
:10FEA00010F0AE00B7017C01A4019BF841000021D5
:10FEB0000128ABF81E1000F0CB80002840F06283D0
:10FEC000BBF81C006421642888BF411EB2E29BF885
:10FED0003F00002800F07682032840F053839BF80F
:10FEE00026000A2840F2CD8005388BF8260049E329
:10FEF0009BF83F00002800F0E482032840F0428392
:10FF00009BF82600C82880F0928005308BF82600E8
:10FF100038E39BF83F00032800F0AE80002840F053
:10FF200031839BF82400002105288BF825108CBF15
:10FF3000013805208BF8240024E34FF00121CBF891
:10FF400054109BF8891000204A1C8BF85800ABF81D
:10FF50001E008BF82500032988BF0122501E0328AC
:10FF60008BF8892000F20E83DFE810F00400EE0029
:10FF7000AC00CD009BF841200BF19600002A0BF15C
:10FF8000940100F0AE81012A40F07E81BBF8AA20E6
:10FF900048F63963ABF8222002EB8202A03AC3F69E
:10FFA000E30352FB03F2531003EBD272ABF81C20B5
:10FFB000ABF8922068E14FF001219BF889200020E6
:10FFC000CBF854109BF841108BF85800ABF81E008A
:10FFD0008BF825000420042A38BF501C00298BF818
:10FFE000890052D0012940F0CD820138032800F267
:10FFF000C982DFE810F004000D01D200FA00BBF85E
:020000040801F1
:10000000AA0048F63961ABF8220000EB8000A03866
:10001000C3F6E30150FB01F0410801EBD070ABF8EF
:100020001C004AE09BF82600C828C0F0AE80C8201B
:100030008BF82600A6E24FF0FF3151FA80F003283A
:1000400000F2A082DFE810F029000C01BC00F700EC
:10005000BBF82200D421D42888BF411EF6E1BBF8AA
:1000600022004FF46971B0F5697F38BF411CABF8CD
:10007000221001EB8100EFE19BF82600052800F239
:10008000888005208BF826007CE20138032800F2E6
:100090007982DFE800F002E595D0BBF8920043F2E8
:1000A000343200EBC001C3F23332A1FB0212ABF8D1
:1000B0001C0002F12000ABF822000BF196000BF1BE
:1000C0009401E1E09BF841200BF1A200002A0BF122
:1000D000A00100F0E080012A40F0D680BBF8AE20FD
:1000E00048F63963ABF8222002EB8202A03AC3F64D
:1000F000E30352FB03F2531003EBD272ABF81C2064
:10010000ABF89E20C0E09BF841200BF1A800002A2C
:100110000BF1A60100F0D280012A40F0B580BBF8B7
:10012000B02048F63963ABF8222002EB8202A03AF5
:10013000C3F6E30352FB03F2531003EBD272ABF8A6
:100140001C20ABF8A4209FE09BF841200BF19C0001
:10015000002A0BF19A0100F0D780012A40F0948028
:10016000BBF8AC2048F63963ABF8222002EB8202E0
:10017000A03AC3F6E30352FB03F2531003EBD2722F
:10018000ABF81C20ABF898207EE001308BF82600FD
:10019000F8E101388BF82600F4E1BBF8AE0048F630
:1001A0003961ABF8220000EB8000A038C3F6E30110
:1001B00050FB01F0410801EBD070ABF81C000FE0E0
:1001C000BBF89E0043F2343200EBC001C3F233327D
:1001D000A1FB0212ABF81C0002F12000ABF82200D8
:1001E0000BF1A2000BF1A0014EE0BBF8B00048F605
:1001F0003961ABF8220000EB8000A038C3F6E301C0
:1002000050FB01F0410801EBD070ABF81C0022E07C
:10021000BBF8AC0048F63961ABF8220000EB800077
:10022000A038C3F6E30150FB01F0410801EBD070A8
:10023000ABF81C0024E0BBF8A40043F2343200EB1E
:10024000C001C3F23332A1FB0212ABF81C0002F171
:100250002000ABF822000BF1A8000BF1A60113E07F
:10026000BBF8980043F2343200EBC001C3F23332E2
:10027000A1FB0212ABF81C0002F12000ABF8220037
:100280000BF19C000BF19A01097800888BF824107F
:10029000ABF8280076E1BBF89E2043F2343702EB3E
:1002A000C203C3F23337A3FB0737ABF81C2007F1B7
:1002B0002002ABF82220ABF8AE20E5E7BBF8A42083
:1002C00043F2343702EBC203C3F23337A3FB0737E1
:1002D000ABF81C2007F12002ABF82220ABF8B020CD
:1002E000D2E7BBF8922043F2343702EBC203C3F2E9
:1002F0003337A3FB0737ABF81C2007F12002ABF81C
:100300002220ABF8AA20BFE7BBF8982043F234378D
:1003100002EBC203C3F23337A3FB0737ABF81C2051
:1003200007F12002ABF82220ABF8AC20ACE74C1E62
:10033000B4FA84F464091440012C40F0A6804FF014
:1003400001088BF857800021FFF755BC01219BF86D
:100350004620022A40F0B5819BF84E20013A012A3E
:100360003FF67DAC40F29D12C2F200020024012350
:10037000147040F200028CF80030C2F2000208242F
:1003800014708EF80030FFF76ABC00228BF83F2013
:100390000222FFF753BC03208BF83F000220FFF737
:1003A000FBBB0222FFF74ABC01208BF855108BF8EB
:1003B000570040F20000C2F2000007210170002047
:1003C0008BF858009BF824000A2803D80520ABF8C6
:1003D0002400D7E005388BF82400D3E00120002B5F
:1003E0004FF000088BF855003FF4D7AC40F29D1059
:1003F000C2F200008CF8008080F800800120ABF889
:10040000550000208BF8570040F20000C2F20000B7
:10041000032101709BF8410000210128ABF81E1058
:100420000DD0002840F0AE80BBF81C00411F6A28A8
:1004300038BF642188B2C00010FA81F07DE0BBF8BB
:100440002200A0F12601FB2838BFD42188B2800009
:1004500010FA81F0ABF8221048F63961A038C3F6E3
:10046000E30150FB01F0410801EBD07088E04C1E25
:10047000B4FA84F464091440012C40F0AB804FF0CE
:1004800001088BF85780002161E7B1FA81F1490931
:100490001140012911BF002101218BF855104FF0A7
:1004A0000008FFF7A8BB01208BF855108BF8570008
:1004B00040F20000C2F200000521017000208BF81C
:1004C00058009BF824000021C3288BF8251003D383
:1004D000C8208BF8240055E005308BF8240051E04B
:1004E0000120002B4FF000088BF855003FF46CAC56
:1004F00040F29D10C2F200008CF8008080F800806D
:1005000000218BF8571040F200010120C2F20001D7
:10051000ABF8550008709BF8410000210128ABF8AA
:100520001E1017D070BBBBF81C00411DB0F5F77F43
:1005300088BF4FF4FA7101EBC10043F23432C3F2C9
:100540003332A0FB020202F12000ABF81C10ABF822
:10055000220017E0BBF8220040F27D3200F12601B4
:10056000904288BF4FF4697101EB810048F639620F
:10057000A038C3F6E302A0FB02025008ABF8221039
:10058000ABF81C0042F6C020C2F20000012101704D
:1005900040F20000C2F200000D21017001B0BDE880
:1005A000F08F0BF1550101240C70114620E09BF8EF
:1005B0004E10013901297ED840F20001C2F200013B
:1005C00009220A7001218EF800104FF00008002166
:1005D000FFF711BBB1FA81F149091140012911BF9F
:1005E000002101218BF855104FF00008AFE60021E3
:1005F000BBB140F29D140023C2F200048CF800301D
:1006000023705AB3012A7FF42AAB40F20002012181
:10061000C2F200020224ABF855108BF85730147068
:100620009BE0002918BFB8F1000F23D159B140F267
:100630000002C2F200020223137001228EF8002091
:1006400000228BF85620B8F1000F4FF000036AD05B
:1006500040F20002C2F2000206245BE04FF0010803
:1006600040F200018BF85530ABF85780C2F2000120
:10067000062281E04FF00108002A4FF0000372D0FB
:10068000012A60D07EE00BF1550101240C70114667
:1006900017E09BF84E10013901290CD840F20001F7
:1006A000C2F2000108220A7001218EF800104FF0FA
:1006B000000800214BE64FF000080021FFF7CFBAF9
:1006C000002163B140F29D140023C2F200048CF8B3
:1006D000003023705AB3012A35D0FFF7C0BA002981
:1006E00018BFB8F1000F27D151B140F20002C2F299
:1006F00000020023137001228EF800208BF8563080
:10070000B8F1000F4FF000030DD040F20002C2F22A
:10071000000204244FF0010814708EF800808BF85A
:100720005830FFF79CBA4FF00008FFF798BA8BF8E3
:1007300055304FF0010818E04FF001084FF000036A
:100740008AB1012A1ED140F200020121C2F2000248
:10075000ABF855108BF8573013708EF800104FF02F
:100760000008FFF77CBA8BF8553040F20001C2F266
:1007700000010422ABF857800A708EF80080002137
:10078000FFF76DBA0121FFF76ABA000088B043F69F
:1007900000014EF60C50C0F60001CEF2000041F20E
:1007A000040601F50061C4F2020640F8041C56F884
:1007B000041C41F0010146F8041C56F8041C89078A
:1007C0000CD456F8041C89075CBF56F8041C5FEA79
:1007D000817103D456F8041C8907EED5316821F0E5
:1007E00003013160316811F00C0F0BD0316811F04A
:1007F0000C0F07D0316811F00C0F03D0316811F0E5
:100800000C0FEFD156F8041C4FF6FF72CFF6F262D0
:10081000114046F8041C0021316041F61071B162AC
:100820004FF4801142F20403F1624FF41F01C4F24D
:1008300002037160142143F8041C316A41F0010184
:100840003162316A890709D4316A89075CBF316A2C
:100850005FEA817102D4316A8907F2D556F8041C27
:1008600041F4803146F8041C002105E056F8041CD0
:1008700089034FF0000115D456F8042C9203F5D4E7
:100880000A0B022AF2D856F8042C92035CBF56F8E1
:10089000042C5FEA8232E9D456F8042C0431920326
:1008A000EAD5E3E756F8041C41F0010146F8041CC0
:1008B00056F8041C89070CD456F8041C89075CBF41
:1008C00056F8041C5FEA817103D456F8041C8907AA
:1008D000EED531684B2241F480313160316821F42A
:1008E00000313160B16A62F31021B162B16A012254
:1008F00062F30711B162B16A022262F30201B162CE
:10090000B16A41F00041B16256F8041C41F08071B7
:1009100046F8041C56F8041C89010CD456F8041C33
:1009200089015CBF56F8041C5FEA811103D456F8B4
:10093000041C8901EED53168042221F0F0013160F8
:10094000316862F3CD213160316862F30A21316090
:10095000316D022241F030013165316862F30101ED
:10096000316000BF00BF00BF00BF00BF00BF00BFBD
:1009700000BF00BF00BF00BF00BF00BF00BF00BF7F
:1009800000BF00BF00BF00BF00BF00BF316801F063
:100990000C0108290ED0316801F00C01082909D09A
:1009A000316801F00C01082904D0316801F00C0114
:1009B0000829EBD1316D21F0300131653168C1F387
:1009C0008101022905D0A1B9316D890548BFF16ABD
:1009D0000FE03168B26A090C002A4FEAC17102D4F3
:1009E0003268326802E0B26AB26AB26A002918BF9D
:1009F00031683168316940F6000A41F00101316126
:100A00003169C4F2010A41F0400131617169022388
:100A100041F0010171617169002741F004017161C8
:100A200071694FF0FF3941F00801716171694EF24F
:100A3000041541F0100171617169CEF2000541F0B9
:100A400020017161716942F2084441F080017161D5
:100A5000716941F2000841F400717161716940F6F9
:100A6000004B41F4805171617169C4F2010441F499
:100A7000804171617169C4F2010841F40021716122
:100A8000B169C4F2010B41F00101B161B16941F0FA
:100A90000201B161B16941F40031B161B16941F460
:100AA0008021B161B16941F40021B161B16941F4C2
:100AB0008011B1614FF63001CFF6FF715AF8012075
:100AC00063F312424AF8012001684FF6FF02114019
:100AD00040F20032C0F2FA5211430160016807731C
:100AE00001684773016887730168C77401680775F7
:100AF0000168877501680423C1F3022181F00702B0
:100B0000042A28BF1A46033909FA02F238BF3946C7
:100B1000D24302FA01F10901C17501684EF21C418C
:100B2000CEF200010F704FF0805245F8042C02689D
:100B3000C2F30222D31E38BF3B46073A18BF012238
:100B40009A4012014A704FF0005245F8042C026896
:100B5000C2F30222D31E38BF3B46073A18BF012218
:100B60009A4012014A7220222A600268C2F30222CD
:100B7000D31E38BF3B46073A18BF01229A401201E4
:100B80008A7240222A600268C2F30222D31E38BF52
:100B90003B46073A18BF01229A401201CA728022CE
:100BA0002A600268C2F30222D31E38BF3B46073ACE
:100BB00018BF01229A4012010A764FF480122A606F
:100BC0000068C0F30220C21E38BF3A46073818BF7B
:100BD00001209040000148764FF40010286003A8DF
:100BE000F7F70AF8049844F6D351C1F26201A0FB6A
:100BF000010155F8F40C40F0040045F8F40C09EB41
:100C0000911045F8F00C45F8EC7C55F8F40C03AF66
:100C100040F0030045F8F40C41F60000C0F200106B
:100C200004903020039040463946FEF73BFC0320F9
:100C300003901820ADF8110058463946FEF732FCF3
:100C40004FF61440CFF6FF7010214BF8001004202F
:100C500040F20045CBF810004FF4A040C0F2102540
:100C6000CBF81400CDE9031550463946FEF71AFCBF
:100C700045F204000390584639460495FEF712FCED
:100C80004EF68E7003904FF4417540463946ADF8EC
:100C90001150FEF707FC49F6021003905046394602
:100CA000ADF81150FEF7FEFB42F2F83003905846C3
:100CB0003946ADF81150FEF7F5FBC020039008F55A
:100CC00040603946ADF811500090FEF7EBFB40F262
:100CD0000040C0F203100490012503A9404603958B
:100CE000FEF7E0FBB0680A2140F40070B060B06825
:100CF00020F40070B060306865F38F303060306889
:100D000020F080503060206840F40000206054F8EB
:100D1000040C20F4807044F8040C206820F00200D9
:100D20002060206820F400602060606A20F4700079
:100D30006062606840F007006060E06A61F3040090
:100D4000E062206820F000702060206840F460209D
:100D50002060206840F48010206054F8040C20F4D7
:100D6000006044F8040C206840F001002060206816
:100D700040F0080020602068000709D520680007BF
:100D800044BF20685FEA007002D520680007F2D4F3
:100D9000206840F0040020602068400709D52068E2
:100DA000400744BF20685FEA407002D520684007D2
:100DB000F2D420684FF0000B40F48000206008203F
:100DC000C4F2020001684BF6EF7221F001010160EC
:100DD000C0F800B0C0F804B0C0F808B0C0F80CB05B
:100DE00050F8041C40F6000641F00F0140F8041CC6
:100DF000016840F2004411400160016801AF41F414
:100E0000804101600168C4F2010621F44051016093
:100E1000016845F20C0521F440610160016844F667
:100E20000C0821F440710160016844F20C4A41F061
:100E3000800101600168C0F2082441F040010160B6
:100E40000168C4F2000521F020010160C0F804B07F
:100E5000C0F808B0C0F80CB0C0F804B0C0F808B0D2
:100E6000C0F80CB00168C4F2000821F00101016073
:100E70004FF40070019030463946C4F2000A0294E3
:100E8000FEF710FB40F20040C0F2002002904FF449
:100E90008060019030463946B146FEF703FB03A857
:100EA000F6F7AAFE05984BF2C53300EB8000400030
:100EB000C9F2A213A0FB031245F2D521CEF604110C
:100EC000A0FB0101100C0A0D1E4602EB8203A0EBF1
:100ED0004300042843F60C00C4F201004FF0010364
:100EE00088BF03EB115250F8041C4FF6FF7399436F
:100EF000114440F8041C016801AF21F480510160E5
:100F0000416821F440514160016841F008010160ED
:100F1000016841F004010160016821F40071016081
:100F2000016821F480610160816821F48071816031
:100F3000816821F400718160016841F02001016045
:100F4000016841F040010160016841F40051016015
:100F500004200190484639460294FEF7A3FA40F275
:100F60000040C0F200200290082001904846394617
:100F7000FEF798FA03A8F6F73FFE069845F2D52942
:100F800000EB80004000A0FB0612CEF60419A0FB87
:100F90000901100C0A0D02EB8203A0EB43000428A8
:100FA0005AF8040C4FF001036FF30F0088BF03EBF6
:100FB000115210444AF8040CDAF8000001AF20F492
:100FC0008050CAF80000DAF80400394620F4405096
:100FD000CAF80400DAF8000040F00800CAF800007F
:100FE000DAF8000040F00400CAF80000DAF8000067
:100FF00020F40070CAF80000DAF8000020F48060E5
:10100000CAF80000DAF8080020F48070CAF8080076
:10101000DAF8080020F40070CAF80800DAF80000D6
:1010200040F02000CAF80000DAF8000040F040006C
:10103000CAF80000DAF8000040F40050CAF80000D6
:10104000029440F600444FF48060C4F20104019021
:101050002046FEF727FA40F20040C0F2002002903E
:101060004FF40060019020463946FEF71BFA03A8B2
:10107000F6F7C2FD069801AF00EB80004000A0FB30
:101080000612A0FB0901100C0A0D02EB8203A0EB73
:1010900043000428DAF8FC034FF001036FF30F005C
:1010A00088BF03EB11521044CAF8FC03D8F80000C3
:1010B000394620F48050C8F80000D8F8040020F425
:1010C0004050C8F80400D8F8000040F00800C8F804
:1010D0000000D8F8000040F00400C8F80000D8F87C
:1010E000000020F40070C8F80000D8F8000020F4D8
:1010F0008060C8F80000D8F8080020F48070C8F8B4
:101100000800D8F8080020F40070C8F80800D8F8E3
:10111000000040F02000C8F80000D8F8000040F0BF
:101120004000C8F80000D8F8000040F40050C8F8AB
:10113000000040F20040C0F20820009C0290102005
:1011400001902046FEF7AEF940F200492020C0F29F
:101150000029019020463946CDF80890FEF7A2F903
:101160004FF62C0040F60002CFF6FF70C4F20102E9
:101170001158012464F31F71115003A8F6F73CFDC8
:1011800006984BF2C53A00EB80004000C9F2A21A63
:10119000A0FB0A1245F2D521CEF60411A0FB0101F5
:1011A000100C0A0D02EB8203A0EB43000428D8F8D0
:1011B000FC0388BF04EB11526FF30F001044C8F812
:1011C000FC03D8F8000440F2004720F48050C8F82F
:1011D00000044FF60440CFF6FF70295801AC21F40B
:1011E00040512950D8F80004C0F2082740F0080008
:1011F000C8F80004D8F8000440F00400C8F800045F
:10120000D8F8000420F40070C8F80004D8F80004EE
:1012100020F48060C8F800044FF60840CFF6FF7055
:10122000295821F480712950295821F4007129503E
:10123000D8F80004214640F02000C8F80004D8F88F
:10124000000440F04000C8F80004D8F8000440F45E
:101250000050C8F800044FF48050019041F20000A3
:10126000C4F2010002970646FEF71CF90420019023
:1012700006F580602146CDF80890FEF713F903A823
:10128000F6F7BAFC069840F6000600EB8000400036
:10129000A0FB0A1245F2D521CEF60411A0FB0101F4
:1012A000100C0A0D02EB8203A0EB4300042855F852
:1012B000040C4FF001036FF30F0088BF03EB1152D2
:1012C000104445F8040C286803AC20F480502860D2
:1012D0006868C4F2010620F440506860286840F055
:1012E00008002860286840F004002860286820F47E
:1012F00000702860286820F48060286045F214009F
:10130000C4F20000016821F480710160016821F4D9
:10131000007101602868214640F02000286028689C
:1013200040F040002860286840F4005028602020E9
:10133000039030460497FEF7B5F8CDF8109043F2CD
:101340000009402530462146C4F201090395FEF705
:10135000A9F880200390304621460497BA46FEF74C
:10136000A1F8D9F81C00012120F40060C9F81C0084
:10137000D9F80000012720F40040C9F80000D9F88E
:10138000000020F48040C9F80000D9F8000020F4E3
:101390008060C9F80000D9F8000040F40070C9F876
:1013A0000000D9F8000040F48070C9F80000D9F8B6
:1013B000000040F00400C9F80000D9F8040020F44F
:1013C0008070C9F80400D9F8000061F3C500C9F8BD
:1013D0000000D9F8000020F08000C9F80000D9F81A
:1013E000000020F40060C9F80000D9F8000040F0C7
:1013F0000200C9F80000D9F8000040F00100C9F867
:101400000000D9F8000040F04000C9F80000039146
:1014100003A93046CDF810A0FEF744F84FF0804005
:101420000168022221F0700101600168042462F366
:10143000092101600168C4F2000421F0800101600B
:101440004EF65F21A162502161622169062341F0BD
:1014500001012161616821F080016160216821F052
:1014600070012160016841F0080101602168E269B2
:1014700021F400712160216867F303022160216873
:1014800021F48071216021682160616921F00301EC
:101490006161616963F306116161E261C4F830B0B2
:1014A000616921F008016161616941F004016161D4
:1014B000016841F001010160A06803A940F001004A
:1014C000A06040F20040C0F20010049041F2000021
:1014D000C4F201000395FDF7E5FF4FF62400CFF6B7
:1014E000FF703158032262F30B213150D4F8FC0312
:1014F00043F6972120F07000C4F8FC03D4F8FC03F5
:1015000020F44070C4F8FC03D4F8FC0320F0800001
:10151000C4F8FC0340F22040C4F20000C16040F275
:10152000CF71816050F80C1C41F0010140F80C1C97
:1015300050F8181C21F0800140F8181CD4F8001451
:1015400021F07001C4F80014016821F0010101606C
:10155000016821F002010160016821F008010160C9
:1015600050F8081C67F3010140F8081C50F8081CEB
:1015700021F0F00140F8081C50F8081C21F00C0183
:1015800040F8081C016841F001010160D4F8FC1327
:1015900041F00101C4F8FC1350F8141C41F00201A1
:1015A00040F8141C4FF40040CDE9030A40F6004017
:1015B00003A9C4F20100FDF775FF4FF62000CFF636
:1015C000FF703158022262F30301315044F60040AB
:1015D000C4F201000268016A22F07002026002682F
:1015E000062322F440720260026842F64D2522F082
:1015F00080020260FF22C26213228262426942F6C6
:10160000E91642F0010242614268C0F6010522F487
:10161000006242604268C0F601064260426842F6DB
:10162000AC4422F4806242604268C2F2000442602C
:1016300021F050020262826967F3071122F44072BE
:101640008261826963F30E3282610162C0F838B050
:10165000816942F6B52221F400618161816942F617
:10166000E10321F4806181610168C0F6010241F06B
:101670000101016043F20800C4F202004FF0FF31A3
:1016800081600168C0F6010321F01801016041F694
:10169000B751C0F2C141C160016821F06001016031
:1016A000016821F080010160016841F001010160E1
:1016B00043F2000145F25550C4F200010860486849
:1016C00067F30200486040F69F7088604AF6AA20DF
:1016D000086042F2682042F6A11142F61117C2F2E8
:1016E0000000C0F60101C0F60107C0E90021C0E911
:1016F0000237C0E9045680F8C0B04FF28D60C4E9EB
:101700000021C0F60000D221C4E90237C4E9045622
:101710009847A2684FF62100C0F6000019219047B3
:10172000A26847F6FD20C0F6000014219047A26889
:1017300047F69960C0F6000001219047A26844F680
:10174000B530C0F601000A210A259047A26841F68B
:10175000A950C0F60100322132279047A2684AF210
:10176000D140C0F600004FF4C8719047A26842F221
:101770003110C0F6010005219047A26842F6693099
:10178000C0F6010005219047A26843F60D40C0F65F
:10179000010005219047A26842F2ED70C0F60100F9
:1017A0004EF660219047A2684AF24D60C0F60000F4
:1017B0000A21904742F64010C2F20000282202851A
:1017C0004FF001120126C0E90F6240F20012C0F290
:1017D0000102C0F84D2042F63162C2F63062026664
:1017E000426740F22C12C0F22802C0F892201E225A
:1017F000C0F24012C0F896203222C0F22802C0F88F
:101800009A2040F25E12C0F23C02C0F89E203222C2
:101810000123C0F27C1280F8247080F82670C0F298
:1018200000234FF48037C0F8A2205022C821C0E91D
:1018300011373023C0F23C026427818380F8556061
:1018400080F8576080F8643080F87830C0F8A620BF
:10185000A0F8B2701423A0F8BA103222A0F8C21077
:10186000A0F8CA10A0F8D210A0F8DA70A0F8E21020
:10187000A0F8EA10A0F8F210C8270A26A0F808116C
:10188000A0F81011A0F81811A0F82E11A0F8361128
:10189000A0F83E110A21C0F23C03C0F20A02C0F2D5
:1018A0003207C0F26406C0F2C80180F800B0C0F888
:1018B00004B0C0E904BBA0F81EB0A0F822B080F8C4
:1018C00025B080F827B0A0F830B0C0F82AB080F872
:1018D0002EB0C0F834B0A0F838B080F851B0A0F8FD
:1018E00052B080F854B0A0F888B0C0F88A50C0F860
:1018F0008EB0C0F8B630C0F8BE20C0F8C620C0F820
:10190000CE20C0F8D620C0F8DE30C0F8E620C0F8FF
:10191000EE20C0F8F620C0F8FA70C0F8FE60C0F8FB
:101920000431C0F80C21C0F81421C0E94727C0F8E1
:101930002461C0F82A31C0F83221C0F83A21C0F839
:101940004221C0F84671C0F84A61C0F84E31C0F873
:101950005271C0F85611C0F85A21C0F85E71C0F833
:101960006211C0F8662142F6C42047F6A10144F690
:10197000E912C2F20000C0F60001C0F6000280F8D1
:1019800000B0C0E94112013040F20111F2F7D3FD7D
:1019900042F210200021C2F20000C4F27A4142F269
:1019A00000034FF08142C4F24B7380E80E004BF607
:1019B0000001C4F20871C0F820B0C0F81CB0C0F833
:1019C00014B0C0F810B0C0F80CB0416247F6007116
:1019D000C4F23B71816243F60000C0F60000026869
:1019E00044F63831C4F254118A4213D140F2231123
:1019F00042F20405C4F26751C4F20205296048F6B8
:101A0000AB11CCF6EF512960F8F7CAFDE86840F059
:101A10008000E86042F6384040F6EF51C2F2000024
:101A2000C2F2000181604FF4806181800021C0F822
:101A300000B000BF82684B1C02F801B0828893425C
:101A400017D282688B1C0A4482F801B082889342C4
:101A50000FD28268CB1C0A4482F802B0828893427B
:101A600007D282680A4482F803B082880431914226
:101A7000E0D341F2EF12C2F2000282614FF48062C1
:101A800000218282002201618369571C9954838A54
:101A90009F4214D28369971C13445970838A9F42D2
:101AA0000DD28369D71C13449970838A9F4206D252
:101AB00083691344D970838A04329A42E4D309F5C6
:101AC0000061016242F65C4041F2EF52C2F2000056
:101AD000C2F2000282604FF4806200218280002204
:101AE000016000BF8368571C995483889F4214D2B9
:101AF0008368971C1344597083889F420DD2836872
:101B0000D71C1344997083889F4206D2836813447C
:101B1000D970838804329A42E4D341F6EF12C2F2BC
:101B2000000282614FF48062002182820022016102
:101B30008369571C9954838A9F4214D28369971CE6
:101B400013445970838A9F420DD28369D71C134472
:101B50009970838A9F4206D283691344D970838A1D
:101B600004329A42E4D343F20001C4F2000101F5C9
:101B7000A051016242F68040C2F2000041F6EF51EE
:101B80004FF480630022C2F20001838000230260D0
:101B9000816000BF87685E1CFA548788BE4214D2F9
:101BA00087689E1C1F447A708788BE420DD2876862
:101BB000DE1C1F44BA708788BE4206D287681F4465
:101BC000FA7087880433BB42E4D381614FF48061AB
:101BD000002281820021026183694F1C5A54838A4A
:101BE0009F4214D283698F1C0B445A70838A9F4290
:101BF0000DD28369CF1C0B449A70838A9F4206D210
:101C000083690B44DA70838A04319942E4D344F245
:101C10000C41C4F2000101F57D71016242F6F03021
:101C2000C2F2000040F2EF514FF480630022C2F292
:101C30000001838000230260816000BF87685E1C12
:101C4000FA548788BE4214D287689E1C1F447A705B
:101C50008788BE420DD28768DE1C1F44BA70878811
:101C6000BE4206D287681F44FA7087880433BB429D
:101C7000E4D381614FF480610022818200210261FE
:101C800083694F1C5A54838A9F4214D283698F1CE4
:101C90000B445A70838A9F420DD28369CF1C0B4438
:101CA0009A70838A9F4206D283690B44DA70838AD2
:101CB00004319942E4D344F60C01C4F2000101F569
:101CC0007D71016242F61440C2F2000040F6EF114D
:101CD0004FF480630022C2F200018380002302607F
:101CE000816000BF87685E1CFA548788BE4214D2A8
:101CF00087689E1C1F447A708788BE420DD2876811
:101D0000DE1C1F44BA708788BE4206D287681F4413
:101D1000FA7087880433BB42E4D381614FF4806159
:101D2000002281820021026183694F1C5A54838AF8
:101D30009F4214D283698F1C0B445A70838A9F423E
:101D40000DD28369CF1C0B449A70838A9F4206D2BE
:101D500083690B44DA70838A04319942E4D345F2F3
:101D60000C01C4F200010C39016242F6A440C2F237
:101D70000000016840F6B83240F6B93307687F1AB0
:101D800097420BD807687F1A974207D807687F1ACF
:101D9000974203D807687F1A9F42EFD36068804755
:101DA000FCE70000F5F784FEB0B542F64014C2F23D
:101DB00000042078012840F0C18094F8401094F885
:101DC0003E00012908BF00280CD0022908BF0028C6
:101DD00027D000285FD044F63840C4F20100FF212C
:101DE000016058E094F83F00032833D0002852D116
:101DF00094F83C00002800F0EB8094F83D2094F823
:101E00004A10012808BF012A00F0FA8080F0010082
:101E1000104318BF00293ED142F23C2194F824001F
:101E20001CE094F85100002800F08980606844F6B6
:101E3000384542F23C21C4F20105C2F20001002201
:101E4000FA280A70C0F09C80642084F82700FF20E4
:101E5000286020E042F23C2194F82600C2F2000102
:101E600000220A70F2F76EFC4AF6146241F27A43DD
:101E7000CEF24712C3F6F273F2F73DFA0023C4F232
:101E80003E030022F2F790F9F2F7B5FC44F6384130
:101E9000C4F20101086094F84000022815D001281E
:101EA0004CD194F83F00002848D194F83C00A0B3EE
:101EB00094F83E1089BB012840D194F83D00E8BB5E
:101EC00040F61440C4F201000BE094F850000128E1
:101ED0001ED194F83E00002840F61440C4F20100E0
:101EE0001FD14FF4804140F8041C40F24A0094F89E
:101EF0005320C2F200000188002A04BF013901808A
:101F000009041BD10A210180012084F85300B0BDCF
:101F1000A0B96068452888BFB0BD40F61440C4F23F
:101F200001004FF480410160002084F8530040F22A
:101F30004A00C2F200000A210180B0BDB0BD94F891
:101F40005000002866D00128A5D194F8880042F2FC
:101F50003C21C2F20001002203280A709BD8DFE86E
:101F600000F002B096A394F84F00013803283FF622
:101F700092AFDFE800F002D6C1CDB4F8B60071E749
:101F8000462838D3F2F7DEFB49F69A1249F6991340
:101F9000C9F69912C3F6D973F2F7ADF9F2F70CFC52
:101FA00084F82700F2F7CEFB4AF6146241F27A4336
:101FB000CEF24712C3F6F273F2F79DF90023C4F292
:101FC0003E030022F2F7F0F8F2F715FC286062E712
:101FD0006068A0F13C0242F23C20C2F200000178AD
:101FE000092A23D800297FF456AF44F63840C4F2BA
:101FF00001003421F4E63C2822D3342028604AE74B
:1020000001297FF403AF6068FA2806D24628FFF45E
:1020100042AF22E06068FA2817D3642084F82700D2
:1020200044F63840C4F201008F21D9E6002904BFEC
:102030000121017044F63840C4F201000021CFE6CE
:10204000012008700020286025E742F23C21C2F2FE
:102050000001462812D30978A9B9F2F773FB49F6B3
:102060009A1249F69913C9F69912C3F6D973F2F781
:1020700042F9F2F7A1FB84F82700F3E60A783C283E
:102080002CD3002AB1D0002084F8270003E794F86D
:102090004F00013803283FF6FEAEDFE800F00230C3
:1020A0002427B4F80401DDE694F84F000138032832
:1020B0003FF6F1AEDFE800F0022F1D29B4F82A0147
:1020C000D0E694F84F00013803283FF6E4AEDFE88D
:1020D00000F0022B1925B4F8DE00C3E6002A04BF85
:1020E00001200870A6E7B4F81401BBE6B4F81C019F
:1020F000B8E6B4F83A01B5E6B4F8C600B2E6B4F80A
:102100000C01AFE6B4F8EE00ACE6B4F84201A9E683
:10211000B4F8CE00A6E6B4F83201A3E6B4F8F600AF
:10212000A0E6B4F8BE009DE6B4F8E6009AE600002A
:102130002DE9F04F89B042F22E38C2F20008B8F80B
:10214000000042F2303BC2F2000B0130BBF800202D
:1021500043F2000981B242F2343A42F63846C4F200
:10216000020901320529C2F2000AC2F20006A8F8EB
:102170000000ABF80020C0F0878142F63810C2F2B0
:1021800000000078002840F0A18042F6E930C2F259
:1021900000000123037042F6EB30C2F2000003702E
:1021A00042F6ED30C2F20000037042F26120C2F24A
:1021B000000003704FF2E070C1F6FF70016840F25A
:1021C000A018C2F20008C8F80010017A089288F836
:1021D00004100791417A88F805100691817A88F8F1
:1021E00006100591C17A88F807100491017B88F8E0
:1021F00008100391417B88F809100191817B88F8D0
:102200000A1090F80FB0029188F80BB0057CF0210D
:1022100088F80C50477C88F80D70847C88F80E4054
:1022200090F813900AF5057088F80F90F2F783F98B
:1022300006980799000440EA01600599039A40EA6C
:102240000120049908440199CAF80402090441EAEA
:102250000261029A41EA02213A04594442EA0562C3
:1022600042EA0422CAF8081298F810104A4443F2CD
:102270000009C4F202090906CAF80C22089ACAF831
:102280001012C9F80000DAF8080242F2303BC9F82F
:102290000000DAF80C0242F22E38C9F80000D9F832
:1022A0000000D9F80810C2F2000B41F00101C9F892
:1022B000081042F63C11C2F20001086042F63811E3
:1022C000C2F200080120C2F20001087040F2920040
:1022D000C2F200000178012900F0B280002940F02C
:1022E000D08040F2D110C0F20100CAF802010120F2
:1022F000AAF806010A208AF8080142F6E930C2F27B
:102300000000007842F6EB31C2F2000109788AF849
:10231000090142F6ED30C2F200000892002918BF10
:10232000042100788AF80A11002818BF04208AF8CE
:102330000B0142F63C1042F26121C2F20000C2F2EF
:1023400000010068097800BA8AF80C110027CAF861
:102350000F010AF501704FF48071AAF80D71F2F7C0
:10236000EAF8DAF80301DAF80711DAF80B21DAF8FB
:102370000F3100BA0AF5017C09BA12BA1BBA8CE80F
:102380000F00C9F80000DAF80802C9F80000DAF80E
:102390000C02C9F80000DAF81002C9F80000D9F8F8
:1023A0000000D9F8081041F00101C9F80810010E29
:1023B0008AF81311010C8AF81411010A8AF816011F
:1023C000F0208AF815118AF81701328AB18A40F292
:1023D0009200C2F2000000BF531CB3FBF1F505FBF5
:1023E0001131738A994232D00AEB070191F8023118
:1023F000B569AB54328AB38A0132B2FBF3F505FBFF
:102400001322551CB5FBF3F4328204FB1353758A77
:10241000AB421CD091F80311B36902379954328A48
:10242000B18A0132B2FBF1F3162F03FB1122328283
:10243000D2D1707F01280CD140F29200089A1CE0A2
:102440000221017042F26220C2F2000017E0089AF5
:1024500015E0708A904201D1002007E0421CB2FBD7
:10246000F1F3B76903FB1121385C7182316A089A74
:1024700048600120707740F29200C2F20000022111
:1024800001700020A8F8000090B26428C0F0F0802D
:1024900040F2D110C0F20200CAF802010120AAF8ED
:1024A000060106208AF8080142F64010C2F2000038
:1024B0008468D0F8188021BA090C90F84170AAF805
:1024C000091100250AF50470F4218AF80B818AF8B5
:1024D0000C71AAF80D51F2F72EF801203904C0F260
:1024E0000210C0F2060441EA0861CAE98104CAF890
:1024F0000C12C9F80000DAF8080242F6D031C9F827
:102500000000DAF80C02C2F20001C9F80000D9F8A4
:102510000000F0220860D9F8080040F00100C9F876
:10252000080008688AF81321010E8AF80F11010CBF
:102530008AF81011010A8AF811118AF81201318AF9
:10254000B08A00BF4A1CB2FBF0F303FB1020728A72
:10255000904200F08A800AEB050090F80221B369EE
:102560005A54318AB28A0131B1FBF2F303FB1211E2
:102570004B1CB3FBF2F7318207FB1232738A9A428B
:1025800073D090F80321B3695A54318AB28A013169
:10259000B1FBF2F303FB12114B1CB3FBF2F73182D8
:1025A00007FB1232738A9A425FD090F80421B36914
:1025B0005A54318AB28A0131B1FBF2F303FB121192
:1025C0004B1CB3FBF2F7318207FB1232738A9A423B
:1025D0004BD090F80521B3695A54318AB28A01313F
:1025E000B1FBF2F303FB12114B1CB3FBF2F7318288
:1025F00007FB1232738A9A4237D090F80621B369EA
:102600005A54318AB28A0131B1FBF2F303FB121141
:102610004B1CB3FBF2F7318207FB1232738A9A42EA
:1026200023D090F80701B26906355054318AB08A38
:102630000131B1FBF0F2122D02FB101131827FF457
:1026400081AF727F012A10D0728A8A4201D10020A4
:1026500007E0511CB1FBF0F3B76903FB1011B85C44
:102660007182316A4860012070770020ABF8000069
:10267000707B022840F0B4803188B268B3887488D7
:102680000AF101074FF0000E4FF0010CA5B2A9426C
:1026900034D01CFA84F4B4FBF3F0555D00FB134412
:1026A0003D70A0B28142748020D0105D7870601CB3
:1026B000C41A18BF0446A5B2A942748019D01CFAE6
:1026C00084F0B0FBF3F4555D04FB1304BD70A0B2BD
:1026D0008142748010D0105D0EF1040EF870601C01
:1026E000C41A18BF044674800437CFE74EF0010EB9
:1026F00004E04EF0020E01E04EF0030E0020707375
:102700005FFA8EF016288AF801E16CD19AF8010080
:10271000D12865D19AF81600F02861D10AF5017028
:102720004FF48071F1F707FFDAF80200DAF80610CB
:10273000DAF80A20DAF80E3000BA0AF5017C09BA94
:1027400012BA1BBA8CE80F00C9F80000DAF80802C8
:10275000C9F80000DAF80C02C9F80000DAF8100233
:10276000C9F80000D9F80000D9F8081041F00101BB
:10277000C9F808109AF81210B1EB106F30D19AF81E
:102780001310C0F3074291422AD19AF81410C0F3F3
:102790000722914224D19AF81510C0B281421FD16C
:1027A0009AF802209AF803109AF80500012A08BF47
:1027B000012905D0022A08BF012909D000BF0FE076
:1027C0000028F7D140F29200C2F20000002106E09A
:1027D0000028F3D140F29200C2F200000121017002
:1027E00000208AF8010109B0BDE8F08F42F64010E0
:1027F000C2F20000D0E95C12013142F10002C0E9EE
:102800005C12704780B542F20E2CC2F2000CBCF88C
:10281000002042F20040092AC4F2010029D8C3680E
:102820000A2143F00703C360436B61F3040343636E
:10283000816841F4800181600168890709D40168D9
:1028400089075CBF01685FEA817102D4016889076A
:10285000F2D542F6E631C2F20001C06C0B88184492
:1028600083B20880501C81B2B3FBF1F2ACF80000D7
:102870002FE042F6E63CC2F2000CBCF800E0C16872
:102880000A2241F00701C160416B4CF6CD4362F36F
:102890000401416381680EFB03F3DB0C41F480010A
:1028A00081600168890709D4016889075CBF0168F4
:1028B0005FEA817102D401688907F2D5C06CAEEB82
:1028C00003010844ACF8000080B24CF6CD41484307
:1028D000C20C90081109FE2988BF4FF47F7080BD9B
:1028E00042F2682CC2F2000C9CF8C0300D2B84BF61
:1028F0000120704703EB43020CEB82029061D1830D
:1029000091830020591C82F820008CF8C010704779
:1029100010B542F2682EC2F2000E9EF8C0104EF2C0
:10292000100CCEF2000C01B30422CCF800200022DF
:10293000CCF808204A1E0EF12403114653F80C4C23
:10294000844214D089B11C68844215D001290CD06E
:10295000DC6884420DD0022907D09C6984420AD0E9
:1029600004394C1C03F13003E8D1012014E00C3B86
:1029700002E00C3300E01833D0B2400050FA82F08D
:102980000EEB8000D0E906148EF8C020C3E90014D5
:1029900090F82000187200200421CCF8001010BD1F
:1029A00070B542F26824C2F2000494F8C000002816
:1029B00008BF70BD04F11805002604E00136864208
:1029C00005F10C050ED2A9880029F7D1297A012931
:1029D000F4D02968EA880029AA80EFD0884794F8C3
:1029E000C000EBE770BD000042F26822C2F20002B4
:1029F00092F8C030E3B102F1240C013B5CF80C2CDE
:102A0000824217D0A3B1DCF8002082421AD0012BF9
:102A10000ED0DCF80C2082420FD0022B08D0DCF85C
:102A2000182082420CD0043B5A1C0CF1300CE5D12A
:102A300001207047ACF10C0C04E00CF10C0C01E02F
:102A40000CF1180C00208CF80810704742F2682234
:102A5000C2F2000292F8C030E3B102F1240C013B53
:102A60005CF80C2C824217D0A3B1DCF80020824223
:102A70001AD0012B0ED0DCF80C2082420FD0022B92
:102A800008D0DCF8182082420CD0043B5A1C0CF110
:102A9000300CE5D101207047ACF10C0C04E00CF1D6
:102AA0000C0C01E00CF1180C0020ACF80410ACF890
:102AB0000610704742F2682CC2F2000C9CF8C0105D
:102AC000002908BF704780B5042901F0030E01D228
:102AD000002224E00CF1400301F0FC01002200BFC1
:102AE00033F8240C043200281CBF013823F8240CCE
:102AF00033F8180C00281CBF013823F8180C33F8E1
:102B00000C0C00281CBF013823F80C0C1888002876
:102B10001CBF01381880914203F13003E0D1BEF1AF
:102B2000000F1DD002EB42000CEB80010A4632F888
:102B30001C3F002B1CBF581E1080BEF1010F0FD090
:102B40000A4632F8283F002B1CBF581E1080BEF1E9
:102B5000020F05D031F8340F00281CBF013808805F
:102B6000BDE88040704700002DE9F04381B042F697
:102B7000F039C2F2000999F80D0040F29C080228D1
:102B8000C2F2000840F0C28040F2BC1CB9F800203C
:102B9000D9F80830B9F80460C2F2000CB9F80200A4
:102BA0000CF1010500214FF0010E00BF84B2A242DA
:102BB00037D01EFA80F0B0FBF6F71C5D07FB16005D
:102BC0002C7084B2A242A9F8020022D01C5C6C7066
:102BD000441CA01B18BF204684B2A242A9F80200E0
:102BE0001AD01EFA80F0B0FBF6F71C5D07FB16004A
:102BF000AC7084B2A242A9F8020010D01C5C04316F
:102C0000EC70441CA01B18BF2046A9F80200043534
:102C1000CCE741F0010104E041F0020101E041F0A4
:102C20000301002089F80D00C8B216288CF80111A4
:102C300040F073809CF80100D12867D19CF8160001
:102C4000F02863D1DCF80200DCF80610DCF80A207A
:102C5000DCF80E3000BA09BA0CF5017E12BA1BBAC4
:102C60008EE80F0043F20001C4F202010860DCF8B4
:102C700008020860DCF80C020860DCF8100208604A
:102C800008688A6842F001028A609CF81210B1EB71
:102C9000106F3BD19CF81310C0F30742914235D11D
:102CA0009CF81410C0F3072291422FD19CF8151004
:102CB000C0B281422AD19CF802109CF8030001297D
:102CC00008BF062806D001291FD1F8B9122088F8BC
:102CD00000001BE09CF80500062800F00A86072883
:102CE00014D19CF80F00013808280FD8DFE810F045
:102CF000BD06C2060900E606E1061307F406210731
:102D00005F06082088F8000000E000BF40F2BC1019
:102D1000C2F20000002180F8011198F8000012288A
:102D200000F23687DFE810F013009E01AE02390191
:102D300008033D03CE0230046C01FE03330162013F
:102D400030035300CE014A00FF022B07610342F615
:102D50004016C2F200060120A6F85A00A6F8550057
:102D600096F8410000210128F18300F07A840028C0
:102D700040F0AF8442F2F010C2F200000468B08B61
:102D8000F1F7CAFC01462046F1F7E0FBF1F7E7FC5A
:102D900081087C2900EBC00288BF4FF4FA70B08331
:102DA00090B24CF6CD425043202202EB90407C2959
:102DB00088BF4FF46970708400F08BBC42F64010FD
:102DC000C2F20000002180F8411000F0D8BE42F6A7
:102DD0008040C2F20000038A818A5F1CB7FBF1F6D3
:102DE00040F2880206FB1177468AC2F200020221F5
:102DF000B742517200F0BD8617788669F754038A8E
:102E0000878A0133B3FBF7F606FB17335E1CB6FB6C
:102E1000F7F5038205FB1767468AB74200F0A986DB
:102E200057788669F754038A878A0133B3FBF7F62C
:102E300006FB17335E1CB6FBF7F5038205FB17672D
:102E4000468AB74200F0958697788669F754038AD8
:102E5000878A0133B3FBF7F606FB17335E1CB6FB1C
:102E6000F7F5038205FB1767468AB74200F08186B3
:102E7000D7788669F754038A878A0133B3FBF7F65C
:102E800006FB17335E1CB6FBF7F5038205FB1767DD
:102E9000468AB74200F06D8617798669F754038A2F
:102EA000878A0133B3FBF7F606FB17335E1CB6FBCC
:102EB000F7F5038205FB1767468AB74200F059868B
:102EC00057798669F754038A878A0133B3FBF7F68B
:102ED00006FB17335E1CB6FBF7F5038205FB17678D
:102EE000468AB74200F0458697798669F754038A87
:102EF000878A0133B3FBF7F606FB17335E1CB6FB7C
:102F0000F7F5038205FB1767468AB74200F0318662
:102F1000D7798669F754038A878A0133B3FBF7F6BA
:102F200006FB17335E1CB6FBF7F5038205FB17673C
:102F3000468AB74200F01D86177A8669F754038ADD
:102F4000878A0133B3FBF7F606FB17335E1CB6FB2B
:102F5000F7F5038205FB1767468AB74200F009863A
:102F6000527A8769FA54038A828A0133B3FBF2F7F3
:102F7000467F07FB1237012E078200F0FA85438A4D
:102F8000BFB2BB4240F0E985002200F0EEBD42F640
:102F90004010C2F2000001212FE042F64016C2F2BA
:102FA00000060120A6F85A00A6F8570096F83F0040
:102FB0000021032886F8251000F01883002840F02F
:102FC000888342F20020C2F20000046896F82400D0
:102FD000F1F7A2FB01462046F1F7B8FAF1F7BFFB83
:102FE000C82828BFC82086F8240072E342F64010A3
:102FF000C2F20000002180F83F1080F84D10CAE1B5
:1030000042F64011C2F2000191F83F0001244FF056
:1030100001120028A1F85A40C1F8552040F052840E
:103020000020C88381F8250091F841000322002880
:1030300081F8892000F0AA83012840F0B783B1F815
:10304000AE0048F63962488400EB8000A038C3F631
:10305000E30250FB02F0421002EBD0708883A1F82B
:103060009E00A3E342F64016C2F200060120A6F835
:103070005A00A6F8550096F8410000210128F18376
:1030800000F0C782002840F0248342F2F010C2F220
:1030900000000468B08BF1F73FFB2146F1F7A8FA76
:1030A000F1F75DFB43F23432642898BF642000EBF3
:1030B000C001C3F23332A1FB0212B08302F120003F
:1030C000708406E342F68040C2F20000038A818ADF
:1030D0005F1CB7FBF1F640F2880206FB1177468AC7
:1030E000C2F200020121B742517200F060851778E8
:1030F0008669F754038A878A0133B3FBF7F606FB28
:1031000017335E1CB6FBF7F5038205FB1767468A8B
:10311000B74200F04C8557788669F754038A878A4E
:103120000133B3FBF7F606FB17335E1CB6FBF7F56E
:10313000038205FB1767468AB74200F03885977807
:103140008669F754038A878A0133B3FBF7F606FBD7
:1031500017335E1CB6FBF7F5038205FB1767468A3B
:10316000B74200F02485D7788669F754038A878AA6
:103170000133B3FBF7F606FB17335E1CB6FBF7F51E
:10318000038205FB1767468AB74200F0108517795E
:103190008669F754038A878A0133B3FBF7F606FB87
:1031A00017335E1CB6FBF7F5038205FB1767468AEB
:1031B000B74200F0FC8457798669F754038A878AFE
:1031C0000133B3FBF7F606FB17335E1CB6FBF7F5CE
:1031D000038205FB1767468AB74200F0E8849779B7
:1031E0008669F754038A878A0133B3FBF7F606FB37
:1031F00017335E1CB6FBF7F5038205FB1767468A9B
:10320000B74200F0D484D7798669F754038A878A55
:103210000133B3FBF7F606FB17335E1CB6FBF7F57D
:10322000038205FB1767468AB74200F0C084177A0D
:103230008669F754038A878A0133B3FBF7F606FBE6
:1032400017335E1CB6FBF7F5038205FB1767468A4A
:10325000B74200F0AC84527A8769FA54038A828AB2
:103260000133B3FBF2F7467F07FB1237012E0782CB
:1032700000F09D84438ABFB2BB4240F08C840022A0
:1032800000F091BC42F64014C2F200040120A4F800
:103290005A00A4F8550094F8410000210128E18368
:1032A00000F0D381002840F06A8442F2F010C2F2AC
:1032B00000000068F1F753FA6528A08380F02882A7
:1032C00064202AE242F64011C2F2000191F83F0068
:1032D00001244FF001120028A1F85A40C1F85520EE
:1032E00040F0F08291F8410000220028CA8381F862
:1032F000252081F8894000F07082012840F07D820D
:10330000B1F8AA0048F63962488400EB8000A03882
:10331000C3F6E30250FB02F0421002EBD070888348
:10332000A1F8920069E242F64010C2F200000121C9
:1033300080F8411000F041BC42F64016C2F200068F
:103340000120A6F85A00A6F8570096F83F00002181
:10335000032886F8251000F0A981002840F0B981E3
:1033600042F20020C2F20000046896F82400F1F74F
:10337000D3F92146F1F73CF9F1F7F1F9052898BFA7
:10338000052086F82400A4E142F64010C2F20000B5
:10339000032180F83F1042F6C020C2F20000022153
:1033A000F2E342F64014C2F200040120A4F85A00ED
:1033B000A4F8570094F83F000021032884F8251052
:1033C00000F09981002840F0CF8142F20020C2F243
:1033D00000000068F1F7C3F9052884F8240000F222
:1033E000B881052084F82400BEE140F2BC1040F210
:1033F000D111C2F20000C0F20101C0F80211012196
:1034000040F6002280F80611C0F2012280F80B116C
:103410000021C0F80721C0F80C11D0F80321C0F832
:103420000F1140F20213D0F80B7112BAC0F20A0366
:10343000D0F80F6100F5017C3FBA8CE88C0043F2B4
:10344000000336BAC4F20203C0F810621A60D0F862
:10345000082240F2E4571A60D0F80C22C2F20007AA
:103460001A60D0F810221A601A683A609A6842F01E
:1034700001029A603A68F027130E80F81331130C9A
:1034800080F81431130A80F8153180F81621B9F844
:103490001030B9F8142080F8177100BF5F1CB7FB1B
:1034A000F2F606FB1272B9F81270BA4200F06D83A0
:1034B000421892F80271D9F81860F754B9F8103030
:1034C000B9F814700133B3FBF7F606FB17335E1C33
:1034D000B6FBF7F5A9F8103005FB1767B9F81260CD
:1034E000B74200F0528392F80321D9F818700231E4
:1034F000FA54B9F81030B9F814200133B3FBF2F7DD
:10350000162907FB1233A9F81030C7D199F81D000E
:10351000012800F03A83B9F81200984240F0D881AF
:103520000020DFE142F64011C2F2000191F83F00B5
:1035300001244FF001120028A1F85A40C1F855208B
:1035400040F0C0810020C88381F8250091F8410037
:103550000422002881F8892000F06681012840F0CB
:103560007381B1F8B00048F63962488400EB8000FE
:10357000A038C3F6E30250FB02F0421002EBD07019
:103580008883A1F8A4005FE142F64011C2F2000175
:1035900091F83F0001244FF001120028A1F85A4091
:1035A000C1F8552040F08E810020C88381F82500A5
:1035B00091F841000222002881F8892000F05B8107
:1035C000012840F06881B1F8AC0048F639624884BF
:1035D00000EB8000A038C3F6E30250FB02F042107B
:1035E00002EBD0708883A1F8980054E142F20020E9
:1035F000C2F20000046896F82600F1F78DF8014643
:103600002046F0F7A3FFF1F7AAF8C82828BFC82082
:103610005DE042F2F810C2F200000468708CF1F72D
:103620007BF82146F0F7E4FFF1F799F8D42898BF2A
:10363000D42000EB800148F63962A039C3F6E302DA
:10364000A1FB0212708450082EE042F2F810C2F280
:1036500000000068F1F783F8D528608469D2D4208F
:103660006CE042F2F810C2F200000468708CF1F7CE
:1036700053F801462046F0F769FFF1F770F881082A
:10368000E82900EB800288BF4FF469707084A2F1D2
:10369000A00041F6724212FB00F0020C02EBD07067
:1036A000E82988BF4FF4FA70B08312E042F200209C
:1036B000C2F20000046896F82600F1F72DF82146C2
:1036C000F0F796FFF1F74BF8052898BF052086F82C
:1036D000260096F83C0001280AD0002840F04F82CE
:1036E00096F84E0002281CBF012086F83C0046E2F6
:1036F0000020708543E242F20020C2F20000006820
:10370000F1F72DF8052884F8260028D8052029E0AF
:10371000B0F5FA7F02D34FF4FA70A08300EBC0003B
:1037200080B24CF6CD414843202101EB90406084AB
:1037300025E2B0F5697F02D34FF46970608400EB35
:103740008000A03880B24EF28F314843C00CA08375
:1037500015E2C82824BFC82084F8240004E0C82843
:1037600002D3C82084F8260094F83C0001280AD02F
:10377000002840F0048294F84E0002281CBF01206B
:1037800084F83C00FBE100206085F8E1B1F89E0080
:1037900043F2343300EBC002C3F23333A2FB032302
:1037A000888303F120004884A1F8AE0091F8A000BE
:1037B000B1F8A22081F8240042F6C420C2F2000031
:1037C0000A85A1F88A200022D0F8047181F85420DB
:1037D00045F254010222032373E0B1F8920043F250
:1037E000343300EBC002C3F23333A2FB03238883DC
:1037F00003F120004884A1F8AA0091F89400B1F8E0
:10380000962081F8240042F6C420C2F200000A8506
:10381000A1F88A200022D0F8047181F8542045F2E2
:103820005401022201234CE0B1F8A40043F23433E6
:1038300000EBC002C3F23333A2FB0323888303F1FE
:1038400020004884A1F8B00091F8A600B1F8A820A3
:1038500081F8240042F6C420C2F200000A85A1F8D3
:103860008A200022D0F8047181F8542045F25401D6
:103870000222042325E0B1F8980043F2343300EB30
:10388000C002C3F23333A2FB0323888303F1200079
:103890004884A1F8AC0091F89A00B1F89C2081F816
:1038A000240042F6C420C2F200000A85A1F88A2052
:1038B0000022D0F8047181F8542045F2540102220C
:1038C0000223B84742F6C020C2F2000004705CE157
:1038D000411CB1FBF2F3D9F8187003FB1211385CEC
:1038E000A9F81210D9F820104860012089F81D00AD
:1038F0004BE19CF80C109CF80D20012908BF012A0F
:103900005AD0012908BF022A78D0012908BF002A0D
:1039100000F09780022908BF012A00F0D480022914
:1039200008BF022A00F0FC80022908BF002A00F02C
:1039300005819CF80F00002908BF012800F0958040
:10394000002908BF022800F09580002908BF03283D
:103950003FF4D7A9002908BF042800F0AF80002950
:1039600008BF052800F02E81002908BF062800F0B6
:103970002E81002908BF072800F02E81002908BFEA
:10398000082800F02E81002908BF092800F02E81A8
:10399000002908BF0A2800F02E81002908BF0B2843
:1039A00000F02E81002908BF0C287FF4AFA9112058
:1039B00088F80000FFF7AAB942F64010C2F20000F2
:1039C00090F8410001285AD0002872D19CF80F00CD
:1039D000F0F7A2FE42F2F011C2F20001086046F2D6
:1039E0006761C3F6E671F0F709FE4FF08441F0F726
:1039F000ADFD42F2F811C2F2000159E042F640106A
:103A0000C2F2000090F8410001286AD0002840F07E
:103A100082809CF80F00F0F77FFE42F2F011C2F2B4
:103A20000001086046F26761C3F6E671F0F7E6FD53
:103A30004FF08441F0F78AFD42F2F811C2F2000122
:103A400068E0BCF80E0040BAF0F75DFE42F2F011FB
:103A5000C2F20001086042F2F811C2F200010860EF
:103A6000022088F80000FFF751B9062088F800000E
:103A7000FFF74CB9072088F80000FFF747B99CF81A
:103A80000F00F0F749FE42F2F811C2F2000108609F
:103A900043F6E401C3F60E71F0F7B0FD43F6E4011E
:103AA000CCF28E11F0F752FD42F2F011C2F2000199
:103AB0000860002088F80000FFF728B9092088F87E
:103AC0000000FFF723B99CF80F00F0F725FE42F243
:103AD0000021C2F200010860032088F80000FFF70F
:103AE00015B99CF80F00F0F717FE42F2F811C2F278
:103AF0000001086043F6E401C3F60E71F0F77EFDA5
:103B000043F6E401CCF28E11F0F720FD42F2F01101
:103B1000C2F200010860012088F80000FFF7F6B843
:103B20009CF80F00F0F7F8FD42F20021C2F200010C
:103B30000860042088F80000FFF7E8B8BCF80E0021
:103B400040BAF0F7E0FD42F20021C2F20001086045
:103B5000052088F80000FFF7D9B85F1CB7FBF2F624
:103B6000856906FB1277EA5C4782036A5A60012284
:103B7000427742F64010C2F2000080F84E1042F642
:103B8000C020C2F2000001210170132088F800005B
:103B900001B0BDE8F0835F1CB7FBF2F6856906FB58
:103BA0001277EA5C4782036A5A600122427742F642
:103BB0004010C2F2000080F84E1042F6C020C2F25F
:103BC0000000E1E70A2088F80000FFF79FB80C200A
:103BD00088F80000FFF79AB80B2088F80000FFF77C
:103BE00095B80D2088F80000FFF790B80E2088F8EF
:103BF0000000FFF78BB8102088F80000FFF786B8A8
:103C00000F2088F80000FFF781B800002DE9F0438D
:103C100081B042F61449C2F2000999F80D0040F251
:103C20009D080228C2F2000840F0C28040F2D03C59
:103C3000B9F80020D9F80830B9F80460C2F2000CD5
:103C4000B9F802000CF1010500214FF0010E00BF90
:103C500084B2A24237D01EFA80F0B0FBF6F71C5DAA
:103C600007FB16002C7084B2A242A9F8020022D0F1
:103C70001C5C6C70441CA01B18BF204684B2A2427E
:103C8000A9F802001AD01EFA80F0B0FBF6F71C5D0E
:103C900007FB1600AC7084B2A242A9F8020010D053
:103CA0001C5C0431EC70441CA01B18BF2046A9F812
:103CB00002000435CCE741F0010104E041F00201CB
:103CC00001E041F00301002089F80D00C8B2162878
:103CD0008CF8011140F073809CF80100D12867D165
:103CE0009CF81600F02863D1DCF80200DCF806101E
:103CF000DCF80A20DCF80E3000BA09BA0CF5017EB7
:103D000012BA1BBA8EE80F0043F20001C4F202019E
:103D10000860DCF808020860DCF80C020860DCF8D7
:103D20001002086008688A6842F001028A609CF804
:103D30001210B1EB106F3BD19CF81310C0F3074287
:103D4000914235D19CF81410C0F3072291422FD133
:103D50009CF81510C0B281422AD19CF802109CF840
:103D60000300012908BF062806D001291FD1F8B990
:103D7000122088F800001BE09CF80500062800F0DF
:103D80005485072814D19CF80F00013808280FD853
:103D9000DFE810F007060C06090030062B065D066A
:103DA0003E066B06A905082088F8000000E000BF69
:103DB00040F2D030C2F20000002180F8011198F8E2
:103DC0000000122800F27C86DFE810F01300DB0010
:103DD000F40176005202870214027A03A900480314
:103DE00070009F007A0252000B01490045027106E3
:103DF000AB0242F64016C2F200060120A6F85A00B5
:103E0000A6F8550096F8410000210128F18300F042
:103E1000C483002840F0F98342F2F410C2F200009B
:103E20000468B08BF0F778FC01462046F0F78EFB73
:103E3000F0F795FC81087C2900EBC00288BF4FF4A5
:103E4000FA70B08390B24CF6CD425043202202EB80
:103E500090407C2988BF4FF469707084D5E342F6A6
:103E60004010C2F20000002180F8411000F01FBE97
:103E700042F64010C2F2000090F84010012940F0D4
:103E80001686012180F8401042F68041C2F20001FE
:103E90000F8A8A8A7E1CB6FBF2F540F2880305FB86
:103EA00012664D8AC2F200030222B4E042F64010CC
:103EB000C2F2000001212FE042F64016C2F20006D5
:103EC0000120A6F85A00A6F8570096F83F000021F6
:103ED000032886F8251000F02583002840F09583FC
:103EE00042F20420C2F20000046896F82400F0F7C1
:103EF00013FC01462046F0F729FBF0F730FCC828F8
:103F000028BFC82086F824007FE342F64010C2F2A2
:103F10000000002180F83F1080F84D10D7E142F6F4
:103F20004011C2F2000191F83F0001244FF001124C
:103F30000028A1F85A40C1F8552040F05F840020C5
:103F4000C88381F8250091F841000322002881F8F8
:103F5000892000F0B783012840F0C483B1F8AE0097
:103F600048F63962488400EB8000A038C3F6E302CB
:103F700050FB02F0421002EBD0708883A1F89E0043
:103F8000B0E342F64016C2F200060120A6F85A003D
:103F9000A6F8550096F8410000210128F18300F0B1
:103FA000D482002840F0318342F2F410C2F20000C3
:103FB0000468B08BF0F7B0FB2146F0F719FBF0F77F
:103FC000CEFB43F23432642898BF642000EBC0017A
:103FD000C3F23332A1FB0212B08302F120007084DD
:103FE00013E342F64010C2F2000090F8401001299D
:103FF00040F05D8542F68041C2F200010F8A8A8A54
:104000007E1CB6FBF2F540F2880305FB12664D8A72
:10401000C2F200030122AE425A7200F046851E78B9
:104020008D69EE550F8A8E8A0137B7FBF6F505FBD1
:1040300016777D1CB5FBF6F40F8204FB16564D8AED
:10404000AE4200F032855E788D69EE550F8A8E8A19
:104050000137B7FBF6F505FB16777D1CB5FBF6F4CB
:104060000F8204FB16564D8AAE4200F01E859E78E4
:104070008D69EE550F8A8E8A0137B7FBF6F505FB81
:1040800016777D1CB5FBF6F40F8204FB16564D8A9D
:10409000AE4200F00A85DE788D69EE550F8A8E8A71
:1040A0000137B7FBF6F505FB16777D1CB5FBF6F47B
:1040B0000F8204FB16564D8AAE4200F0F6841E793C
:1040C0008D69EE550F8A8E8A0137B7FBF6F505FB31
:1040D00016777D1CB5FBF6F40F8204FB16564D8A4D
:1040E000AE4200F0E2845E798D69EE550F8A8E8AC9
:1040F0000137B7FBF6F505FB16777D1CB5FBF6F42B
:104100000F8204FB16564D8AAE4200F0CE849E7993
:104110008D69EE550F8A8E8A0137B7FBF6F505FBE0
:1041200016777D1CB5FBF6F40F8204FB16564D8AFC
:10413000AE4200F0BA84DE798D69EE550F8A8E8A20
:104140000137B7FBF6F505FB16777D1CB5FBF6F4DA
:104150000F8204FB16564D8AAE4200F0A6841E7AEA
:104160008D69EE550F8A8E8A0137B7FBF6F505FB90
:1041700016777D1CB5FBF6F40F8204FB16564D8AAC
:10418000AE4200F092845B7A8E69F3550F8A8B8A77
:104190000137B7FBF3F64D7F06FB1376012D0E8238
:1041A00000F083844F8AB6B2B74240F07284002395
:1041B00000F077BC42F64014C2F200040120A4F8DB
:1041C0005A00A4F8550094F8410000210128E18329
:1041D00000F0D781002840F06A8442F2F410C2F265
:1041E00000000068F0F7BBFA6528A08380F02C82FD
:1041F00064202EE242F64011C2F2000191F83F0025
:1042000001244FF001120028A1F85A40C1F85520AE
:1042100040F0F48291F8410000220028CA8381F81E
:10422000252081F8894000F07482012840F08182C5
:10423000B1F8AA0048F63962488400EB8000A03843
:10424000C3F6E30250FB02F0421002EBD070888309
:10425000A1F892006DE242F64010C2F20000012186
:1042600080F8411042F6C020C2F2000000F024BCE9
:1042700042F64016C2F200060120A6F85A00A6F83F
:10428000570096F83F000021032886F8251000F01B
:10429000A981002840F0B98142F20420C2F2000056
:1042A000046896F82400F0F737FA2146F0F7A0F9F1
:1042B000F0F755FA052898BF052086F82400A4E1F8
:1042C00042F64010C2F20000032180F83F1042F68F
:1042D000C020C2F200000221EEE342F64014C2F216
:1042E00000040120A4F85A00A4F8570094F83F00F5
:1042F0000021032884F8251000F09981002840F05F
:10430000CF8142F20420C2F200000068F0F727FAE1
:10431000052884F8240000F2B881052084F82400E0
:10432000BEE140F2D03040F2D111C2F20000C0F242
:104330000101C0F80211012140F6002280F80611A7
:10434000C0F2012280F80B110021C0F80721C0F84B
:104350000C11D0F80321C0F80F1140F20213D0F86D
:104360000B7112BAC0F20A03D0F80F6100F5017C9C
:104370003FBA8CE88C0043F2000336BAC4F2020361
:10438000C0F810621A60D0F8082240F2E8571A60AC
:10439000D0F80C22C2F200071A60D0F810221A607E
:1043A0001A683A609A6842F001029A603A68F02707
:1043B000130E80F81331130C80F81431130A80F8AF
:1043C000153180F81621B9F81030B9F8142080F8AA
:1043D000177100BF5F1CB7FBF2F606FB1272B9F84B
:1043E0001270BA4200F06983421892F80271D9F84B
:1043F0001860F754B9F81030B9F814700133B3FBF2
:10440000F7F606FB17335E1CB6FBF7F5A9F810307C
:1044100005FB1767B9F81260B74200F04E8392F8B7
:104420000321D9F818700231FA54B9F81030B9F8EC
:1044300014200133B3FBF2F7162907FB1233A9F856
:104440001030C7D199F81D00012800F03683B9F863
:104450001200984240F0D8810020DFE142F640117E
:10446000C2F2000191F83F0001244FF00112002830
:10447000A1F85A40C1F8552040F0C0810020C883FF
:1044800081F8250091F841000422002881F8892054
:1044900000F06681012840F07381B1F8B00048F661
:1044A0003962488400EB8000A038C3F6E30250FB79
:1044B00002F0421002EBD0708883A1F8A4005FE103
:1044C00042F64011C2F2000191F83F0001244FF082
:1044D00001120028A1F85A40C1F8552040F08E8101
:1044E0000020C88381F8250091F8410002220028AD
:1044F00081F8892000F05B81012840F06881B1F8E3
:10450000AC0048F63962488400EB8000A038C3F65E
:10451000E30250FB02F0421002EBD0708883A1F856
:10452000980054E142F20420C2F20000046896F8B8
:104530002600F0F7F1F801462046F0F707F8F0F70B
:104540000EF9C82828BFC8205DE042F2FC10C2F274
:1045500000000468708CF0F7DFF82146F0F748F8A7
:10456000F0F7FDF8D42898BFD42000EB800148F67E
:104570003962A039C3F6E302A1FB0212708450082D
:104580002EE042F2FC10C2F200000068F0F7E7F8FB
:10459000D528608469D2D4206CE042F2FC10C2F2CB
:1045A00000000468708CF0F7B7F801462046EFF77A
:1045B000CDFFF0F7D4F88108E82900EB800288BF2E
:1045C0004FF469707084A2F1A00041F6724212FBB0
:1045D00000F0020C02EBD070E82988BF4FF4FA70AB
:1045E000B08312E042F20420C2F20000046896F8A0
:1045F0002600F0F791F82146EFF7FAFFF0F7AFF851
:10460000052898BF052086F8260096F83C0001286A
:104610000AD0002840F04B8296F84E0002281CBFBA
:10462000012086F83C0042E2002070853FE242F221
:104630000420C2F200000068F0F791F8052884F821
:10464000260028D8052029E0B0F5FA7F02D34FF4E0
:10465000FA70A08300EBC00080B24CF6CD41484315
:10466000202101EB9040608421E2B0F5697F02D304
:104670004FF46970608400EB8000A03880B24EF285
:104680008F314843C00CA08311E2C82824BFC82042
:1046900084F8240004E0C82802D3C82084F8260047
:1046A00094F83C0001280AD0002840F0008294F8D9
:1046B0004E0002281CBF012084F83C00F7E10020D6
:1046C0006085F4E1B1F89E0043F2343300EBC002A0
:1046D000C3F23333A2FB0323888303F12000488411
:1046E000A1F8AE0091F8A000B1F8A22081F8240052
:1046F00042F6C420C2F200000A85A1F88A200022F6
:10470000D0F8047181F8542045F2540102220323A9
:1047100073E0B1F8920043F2343300EBC002C3F20D
:104720003333A2FB0323888303F120004884A1F8DC
:10473000AA0091F89400B1F8962081F8240042F67E
:10474000C420C2F200000A85A1F88A200022D0F815
:10475000047181F8542045F25401022201234CE0F7
:10476000B1F8A40043F2343300EBC002C3F2333398
:10477000A2FB0323888303F120004884A1F8B00042
:1047800091F8A600B1F8A82081F8240042F6C420D0
:10479000C2F200000A85A1F88A200022D0F8047134
:1047A00081F8542045F254010222042325E0B1F897
:1047B000980043F2343300EBC002C3F23333A2FB60
:1047C0000323888303F120004884A1F8AC0091F80A
:1047D0009A00B1F89C2081F8240042F6C420C2F26D
:1047E00000000A85A1F88A200022D0F8047181F81F
:1047F000542045F2540102220223B84742F6C02059
:10480000C2F20000047058E1411CB1FBF2F3D9F888
:10481000187003FB1211385CA9F81210D9F8201097
:104820004860012089F81D0047E19CF80C109CF8B5
:104830000D20012908BF012A5AD0012908BF022AE8
:1048400078D0012908BF002A00F09780022908BF0C
:10485000012A00F0D480022908BF022A00F0FC805F
:10486000022908BF002A00F005819CF80F000029EA
:1048700008BF012800F09580002908BF022800F039
:104880009580002908BF03283FF48DAA002908BF9E
:10489000042800F0AF80002908BF052800F013812C
:1048A000002908BF062800F01381002908BF072847
:1048B00000F01381002908BF082800F013810029A7
:1048C00008BF092800F01381002908BF0A2800F05A
:1048D0001381002908BF0B2800F01381002908BFAD
:1048E0000C287FF465AA112088F80000FFF760BA51
:1048F00042F64010C2F2000090F8410001285AD060
:10490000002872D19CF80F00EFF706FF42F2F41175
:10491000C2F20001086046F26761C3F6E671EFF784
:104920006DFE4FF08441EFF711FE42F2FC11C2F22E
:10493000000159E042F64010C2F2000090F8410038
:1049400001286AD0002840F082809CF80F00EFF721
:10495000E3FE42F2F411C2F20001086046F2676120
:10496000C3F6E671EFF74AFE4FF08441EFF7EEFD34
:1049700042F2FC11C2F2000168E0BCF80E0040BA3D
:10498000EFF7C1FE42F2F411C2F20001086042F2F8
:10499000FC11C2F200010860022088F80000FFF755
:1049A00007BA062088F80000FFF702BA072088F847
:1049B0000000FFF7FDB99CF80F00EFF7ADFE42F2E3
:1049C000FC11C2F20001086043F6E401C3F60E7167
:1049D000EFF714FE43F6E401CCF28E11EFF7B6FDCB
:1049E00042F2F411C2F200010860002088F80000D1
:1049F000FFF7DEB9092088F80000FFF7D9B99CF865
:104A00000F00EFF789FE42F20421C2F200010860B4
:104A1000032088F80000FFF7CBB99CF80F00EFF7F0
:104A20007BFE42F2FC11C2F20001086043F6E40191
:104A3000C3F60E71EFF7E2FD43F6E401CCF28E11FE
:104A4000EFF784FD42F2F411C2F200010860012088
:104A500088F80000FFF7ACB99CF80F00EFF75CFE98
:104A600042F20421C2F200010860042088F800002C
:104A7000FFF79EB9BCF80E0040BAEFF744FE42F2D1
:104A80000421C2F200010860052088F80000FFF749
:104A90008FB97E1CB6FBF3F58C6905FB1366E35DED
:104AA0004E820F6A7B6001234B7780F84E2042F6DE
:104AB000C020C2F2000001210170132088F800001C
:104AC00001B0BDE8F0830A2088F80000FFF770B954
:104AD0000C2088F80000FFF76BB90B2088F8000065
:104AE000FFF766B90D2088F80000FFF761B90E20C6
:104AF00088F80000FFF75CB9102088F80000FFF785
:104B000057B90F2088F80000FFF752B910B50138E7
:104B1000C0B2032803D823A353F820C003E042F611
:104B2000384CC2F2000CBCF810E0BCF8143000BFE6
:104B30000EF10100B0FBF3F404FB1300BCF81230DB
:104B400098422ED011F8010BDCF81830013A03F826
:104B50000E00BCF81000BCF8143000F10100B0FBEE
:104B6000F3F404FB130EACF810E0E1D19CF81D0047
:104B7000012808BF10BDBCF81210714501D10020FA
:104B800009E0481CB0FBF3F2DCF8184002FB13020A
:104B9000605CACF81220DCF82010486001208CF832
:104BA0001D0010BD5C2C0020802C0020F02B00206C
:104BB000142C002010B541F20800C4F20100006876
:104BC000C0F3001142F64010C2F2000090F84020FD
:104BD00081F00103012A80F83D300CD190F83C208F
:104BE000012A51D0002A74D180F83C10002180F8AD
:104BF0002E10818510BD022A6BD190F85020012A19
:104C000067D190F85120002A63D14468D0F814E0AD
:104C1000A4F12E02B2F5177F4FF0000238BF012237
:104C2000BEF1950F4FF0000388BF01231A424FF0E9
:104C3000000C4CD100294AD0818D4A1C91B24B29DD
:104C4000828546D340F28A22944228BFBEF1960F55
:104C500040D240F2EE22914238BF10BD0021BEF199
:104C6000950F4FF0000288BF01222E2C38BF012182
:104C7000114002D1BEF1950F2FD80122002918BF93
:104C8000022280F83E2028E090F83F2042F0020304
:104C9000022B1ED1022A08BF002924D04268A2F1AB
:104CA0002E03B3F5177F22D309B3818D40F28A23F7
:104CB000013181859A4289B228BF4B290AD240F23C
:104CC000EE23994205D32D2A30D8022103E0A0F823
:104CD0002CC010BD032180F83E10012180F82E1059
:104CE0000021818510BD4268002380F83F300023F9
:104CF000462A8385EDD80029EBD190F84A10012986
:104D0000E7D1418D01318AB2B2F5967F4185E0D974
:104D1000002180F83C10418542F6C021C2F200011A
:104D200002220A70012180F82E1010BD41699529D8
:104D3000D3D80121CFE702E008C8121F08C1002A1A
:104D4000FAD170477047002001E001C1121F002A0C
:104D5000FBD17047000000000102030408020706AF
:104D60000605050404040303030202020202010112
:104D7000020201010100FFFFFFFEFEFEFEFCFBFB45
:104D8000FAF9F8F7F10C0707060404030200FFFE26
:104D9000FDFCFDFDFDFCFCFCFCFBF7F5F5F5F3F27D
:104DA000F0EEEDEBEAE9E8E8E8E7E5E2DFDE000057
:104DB000D04D010800000020A0000000364D010881
:104DC000704E0108A000002028300000464D010868
:104DD0000D00E8030A0A0A0A0A0A0A0A0A0A0A006D
:104DE000E803E8035AA50B8203105AA5010000014D
:104DF00000005AA50B8203105AA501000101000012
:104E0000E8030A0A0A0A0A0A0A0A08000A0A080043
:104E10005AA506825047000000000A00000C01401D
:104E200002000000000000000000000001320F0A34
:104E3000000C014001000000000000000000000024
:104E400001320F0A001001402000000000000000A5
:104E50000000000001320F0A5AA5078200845A019F
:104E60000001025AA5068250390000001313000009
:04000005080041713D
:00000001FF
