:020000040800F2
:10400000C8300020854100083D49000835490008B6
:10401000394900082D49000899790008000000007E
:10402000000000000000000000000000A16900087E
:1040300031490008000000001D4A0008A569000879
:104040009F4100089F4100089F4100089F410008D0
:104050009F4100089F4100089F4100089F410008C0
:104060009F4100089F4100089F4100089F410008B0
:104070009F4100089F4100089F4100089F410008A0
:104080009F4100089F4100089F4100089F41000890
:104090009F4100089F4100089F4100089F41000880
:1040A0009F4100089F4100089F4100089F41000870
:1040B00041710008297600089F4100089F410008CF
:1040C0009F4100089F4100089F4100089F41000850
:1040D0009F410008A97700084D780008F178000892
:1040E0009F4100089F4100089F4100080000000018
:1040F00000000000000000000000000000000000C0
:10410000000000009F4100089F41000800000000DF
:104110005976000801770008000000000000000048
:104120009F4100089F4100089F4100089F410008EF
:10413000000000000000000000000000000000007F
:104140000000000000000000000000009F41000887
:1041500000000000000000009F4100089F4100088F
:104160000000000000000000000000009F41000867
:10417000DFF80CD000F032F900480047010B0108CD
:10418000C83000200648804706480047FEE7FEE7A3
:10419000FEE7FEE7FEE7FEE7FEE7FEE7FEE7FEE7F7
:1041A00099700008714100082DE9FE4F804681EAB0
:1041B0000300C00F0C46009021F0004123F00045A1
:1041C000B8EB0200A94105D24046214690461C4664
:1041D0000B46024623F00040104347D0270DC7F39B
:1041E0000A00C3F30A510290401A019040286BDA8A
:1041F000C3F3130040F4801B0098924620B10023C3
:10420000D2EB030A63EB0B0B01985946C0F1400255
:10421000504600F0FBF806460D4650465946019AB6
:1042200000F013F910EB08006141002487EA1152F5
:1042300084EAE7731A4340D0009A62B3019A012AD4
:104240004FEA075215DC001B61EB02014FF0004200
:1042500002EA0752CDE90042001C41F580113246C6
:104260002B4600F013F903B0BDE8F08F404621461D
:10427000F9E7001B61EB0201001C41F580130018F7
:104280005B412018A2F5001747EB030140EAD57007
:10429000B6196D4111E06D084FEA360645EAC07562
:1042A0004FEA0752001B61EB0201001C41F580112F
:1042B00049084FEA30000019514132462B4603B0FD
:1042C000BDE8F04F00F0D3B8009801224000002371
:1042D000D0EB020263EBE073009821464FEAE074F2
:1042E000B8EB000061EB0401E9E783F000435BE712
:1042F00081F0004158E72DE9FE4F81EA030404F004
:10430000004421F0004100944FF0000B23F00043E3
:1043100050EA01045ED052EA03045BD0C3F30A54AE
:10432000C1F30A552C44A4F2F3340194A0FB0254C7
:10433000C1F3130141F48011C3F3130343F4801359
:1043400001FB024400FB034E840A970A44EA8154AD
:1043500047EA8357A4FB076802958D0A05FB07858A
:104360004FEA932C04FB0C542705029D4FEA065894
:1043700047EA1637B5EB08056EEB070C870E920E71
:1043800047EA811742EA8312A7FB0201B6EB0B0151
:1043900064EB00042B0D43EA0C335E1844EB1C5015
:1043A000DA465146E7FB0201C5F313044FEA0B332B
:1043B00043EA14534FEA0432019C43EA0603A4F192
:1043C0000C040294009CCDE900B400F05FF803B047
:1043D000BDE8F08F00200146F9E700001CB5094850
:1043E0000090094801900546009C06E0E06840F016
:1043F000010394E8070098471034AC42F6D3FFF766
:10440000BBFE00000051010820510108202A04DBF6
:10441000203A00FA02F1002070479140C2F12003D7
:1044200020FA03F3194390407047202A04DB203A16
:1044300021FA02F00021704721FA02F3D040C2F1C4
:1044400020029140084319467047202A06DBCB170B
:10445000203A41FA02F043EAE07306E041FA02F33F
:10446000D040C2F12002914008431946704710B570
:10447000141E73F1000408DA401C41F10001921887
:104480005B411A4301D120F0010010BD2DE9F04D30
:1044900092469B4611B1B1FA81F202E0B0FA80F285
:1044A00020329046FFF7B2FF04460F4640EA0A006A
:1044B00041EA0B0153465A46084313D0114653EACA
:1044C000010019D0C8F140025046FFF7AEFF054683
:1044D0000E46504659464246FFF798FF084305D01E
:1044E000012004E020463946BDE8F08D0020054358
:1044F00046EAE0762C4337430A986305E40AA0EBCA
:1045000008000022FD0A44EA47540A3002D5002080
:104510000146E9E7010510196941DDE9084500197F
:104520006941BDE8F04DA2E7D2B201E000F8012BED
:10453000491EFBD270470022F6E710B513460A4623
:1045400004461946FFF7F0FF204610BDF0B480EA9C
:104550000102D40F4200B2EB410F02D202460846DC
:1045600011464A0042D0C30DDDB2C1F3C752AD1AA5
:10457000202D35DAC1F3160141F4000204B1524294
:10458000C5F1200602FA06F12A411044B3EBD05FD0
:1045900023D0C4B1012DA0EBC35009DCF0BC4FF017
:1045A000004202EAC352DBB200F5000000F08FB90E
:1045B000400000F1807000EBC350A0F1807040EA31
:1045C000D170490009E0490841EAC071A0EBC3502D
:1045D00000F50000400800EBC350F0BC00F06EB9DD
:1045E0006142012202EB4101001BF6E7F0BC70477B
:1045F00081F00041AAE780F00040A7E780EA0102CD
:1046000010B502F00043400022D04A001FD0010E36
:1046100001EB1261C0F35600C2F3560240F40000F1
:1046200042F40002A0FB022000047F39140400D0F1
:10463000401C50EA124001D44000491EC2B20C0690
:1046400004EBD010401C4008802A02D003E0002078
:1046500010BD20F00100002900DA0020184310BD31
:10466000002801DBC0F10040002901DBC1F100415D
:10467000814201D80120704700207047002801DBEB
:10468000C0F10040002901DBC1F10041814201D2AB
:104690000120704700207047002801DBC0F1004076
:1046A000002901DBC1F10041814201D301207047A3
:1046B00000207047002801DBC0F10040002901DB29
:1046C000C1F10041814201D90120704700207047AB
:1046D00030B5041E71F1000404DB4FF00044404289
:1046E00064EB0101141E73F1000405DB1C464FF05E
:1046F0000043524263EB0403101A8B4101D30120A3
:1047000030BD002030BD30B5041E71F1000404DB63
:104710004FF00044404264EB0101141E73F10004A9
:1047200005DB1C464FF00043524263EB0403801A42
:10473000994101D2012030BD002030BDC10F80EA77
:10474000E0700844CA079623002100F0C0B8962301
:104750000022114600F0BBB80EB5C10F80EAE07030
:104760000844CA07002140F233438DE80E000A4690
:104770000B46FFF78BFE03B000BD0EB540F2334190
:1047800002910021CDE900110A460B46FFF77EFE9B
:1047900003B000BD00F0004220F00040C10DC0F3A6
:1047A000160040F400007F2901DA002070479629A6
:1047B00003DCC1F19601C84001E096398840002A27
:1047C000F4D04042704720F00040C10DC0F3160005
:1047D00040F400007F2901DA00207047962903DCAD
:1047E000C1F19601C840704796398840704770B54E
:1047F000C1F30A5201F000450024C1F3130140F255
:10480000FF3341F480119A4201DA002070BD40F27A
:1048100033439A42A2F2334203DC5242FFF705FED1
:1048200000E090402C43F1D0404270BDC1F30A52E9
:1048300010B5C1F3130140F2FF3341F480119A42E5
:1048400001DA002010BD40F233439A42A2F2334213
:1048500003DC5242FFF7E9FD10BD904010BD00F0AF
:10486000004230F000400AD0C10D01F56071C0F384
:10487000160042EA0151C208400711437047002068
:104880000146704701F0004330B421F0004150EA86
:10489000010206D00A0DA2F56072C1F31301002ACD
:1048A00002DC30BC00207047440F44EAC104C10060
:1048B000E01830BC00EBC250AFF300800029A8BF65
:1048C0007047401C490008BF20F00100704710B439
:1048D000B0FA80FC00FA0CF050EA010404BF10BCEE
:1048E000704749B1CCF1200421FA04F411FA0CF11B
:1048F00018BF012121430843A3EB0C01CB1D4FEA54
:1049000000614FEA102042BF002010BC704700EB4E
:10491000C35010440029A4BF10BC7047401C49007C
:1049200008BF20F0010010BC70470000FEE7000047
:1049300070470000FEE70000FEE70000704700003F
:10494000F0B583B0FFF754FE42F21026C2F2000623
:1049500070617169F069FFF7F9FDF0614CF60004D0
:10496000F069C4F22F742146FFF788FE002808BFC3
:10497000F461F06900210024FFF79CFE002808BFC5
:10498000F461D6E900457069776A3169FFF730FE56
:10499000B06170692146FFF731FEF16904460846AF
:1049A0002946FFF72BFE0290019702980199FFF725
:1049B00057FE002804BF019802900298019981F0E7
:1049C0000041FFF769FE18B9019880F0004002909D
:1049D00002982146FFF7BAFDB269B16804467569CD
:1049E0001046FFF70BFE01462046FFF7AFFD306291
:1049F0003561306AB16AFFF733FE002804BFB06A40
:104A00003062306AB16A81F00041FFF745FE00284C
:104A100004BF00203062306A03B0F0BD7047000070
:104A20002DE9F04381B042F68042C2F20002517B90
:104A3000022914D1461C5788002331461588BD42EF
:104A400010D095680133EF5D01F8017B5788958898
:104A50000137B7FBF5F404FB15775780EEE700F15B
:104A6000810789E0002151730746D9B2092907F867
:104A7000813F40F0BD8031785A2940F07D808178B7
:104A8000A52940F0798081790B39712900F2748071
:104A9000DFE811F0750050049B0301053905720031
:104AA00072007200100471048B0481056405060312
:104AB000180481039A02B604C804AE0593056C027B
:104AC000930326067E026403D9022A04BC02DC0694
:104AD000BF063003C603E404F3033F072803A5051C
:104AE0002F075C0243054B021D024D0347041D06C0
:104AF00072007200B10072006402AD0472007200B4
:104B00007200230572004807DB04CF0172007200B7
:104B100072007A016A070A07AB017705CF05A00189
:104B2000710654069D0772007200720072007200D6
:104B300072007200720072007200720072007200E5
:104B400072007200720072007200720072007200D5
:104B500072007200720072007200720072007200C5
:104B600072007200720072007200720072007200B5
:104B7000720072005F0794070020387038E042F638
:104B80004015C2F2000595F83F100229F4D0012229
:104B9000A5F85B20A5F8562000220029EA8385F8B5
:104BA0004720E9D1017A447A0802FFF7D5FD804613
:104BB00020460E46FFF7E1FD0023C4F20403002265
:104BC000FFF799FB42463346FFF7EEFAFFF70FFE79
:104BD00043F23432642898BF642000EBC001C3F272
:104BE0003332A1FB0212A88302F120006884C3E7DC
:104BF00001B0BDE8F083417A42F640100029C2F2CC
:104C0000000018BF012180F85210B5D04FF48C710C
:104C10004FF433720A264FF00135A0F8C610142164
:104C200042843C220685C0F842500125A0F88E60DF
:104C30004FF4AF76C0F2040180F82420322280F8CD
:104C40004650A0F84C50A0F8966040F2962640F2EC
:104C5000F025C0F8CA10142142861E22C0F2CC26CC
:104C6000C0F24A352823C0F20501C286C0F8AE6002
:104C70001426C0F8B25028259622C0F20A03C0F8C4
:104C8000D210C0F8FA10C0F820114FF4FA71C0F237
:104C90000A06C0F21405A0F8B620C0F8BA30A0F891
:104CA000DE202822C0F8F2302823A0F832111E217D
:104CB0004FF48034C0F898601E26C0F8A4503C25FC
:104CC000C0F20302C0F20803C0F206018464C0F21D
:104CD0000F06C0F21E051424C0F8E2201E22C0F800
:104CE00010312823C0F8361128214FF4BE794FF037
:104CF000640E4FF0000CC0F89E604FF4C8764FF47D
:104D0000E178C0F8AA504FF48275C0F20304C0F2F3
:104D10000402C0F20403C0F20501A0F81C9080F860
:104D200026E080F83AC080F841C0A0F89C90A0F836
:104D3000A260A0F8A880A0F8BE50C0F8C240A0F8B9
:104D4000CEE0A0F8E650C0F8EA40A0F8EE90A0F857
:104D5000F650A0F80461C0F80821A0F80C81A0F872
:104D60001491C0F81831A0F81C51A0F82A61C0F8BD
:104D70002E21A0F83A91C0F83E31A0F84251C0F877
:104D8000461180F88DC0F7E642F64011C2F20001EC
:104D900091F83F20002A7FF4EFAE0122A1F85B20BA
:104DA000A1F856200022CA83407A012801F07382BC
:104DB00000287FF4E1AE91F84100012801F05B8406
:104DC00000287FF4D9AE888B6422642888BF421EF5
:104DD00000F0EEBD42F64010C2F2000090F83F1025
:104DE00000297FF4C9AE00F0B2BC407A012800F07F
:104DF000438600287FF4C0AE42F64010C2F20000A5
:104E000090F83F10032901F03A8300297FF4B4AEF3
:104E10000121A0F85B10A0F8581090F8241000228F
:104E20000A2980F8252040F25F85053980F8241092
:104E3000A2E642F64014C2F2000494F83F100029A2
:104E40007FF49AAE407A012801F0358200287FF481
:104E500093AE40F2B110C2F2000001780131CAB243
:104E60000A2A0170FFF488AE40F2B011C2F20001CC
:104E70000A78002A7FF480AE0022027001200870B8
:104E800042F6C020C2F200000221017094F84100F5
:104E900094F82430B4F88E100128A4F89830A4F8BF
:104EA0009A1001F0E284002841F0FC84A38B43F2C5
:104EB000343103EBC300C3F23331A0FB010101F134
:104EC0002000A4F89630A4F8AE0001F0DFBC42F652
:104ED0004011C2F2000191F83F20002A7FF44CAE4D
:104EE00091F84130427A012B0ED1007A42EA00203B
:104EF00000EB800048F63962A038C3F6E30250FBAD
:104F000002F0421002EBD072087F91F83A30801A1A
:104F1000184440B26428A8BF642010F1640FD8BFC1
:104F20006FF0630081F83A0026E6008940F2E7322C
:104F300000BA010C914238BF020C42F64010C2F296
:104F40000000012A98BF0122C28615E6407A42F687
:104F50004011C2F2000181F846000DE6407A42F6A7
:104F60004011C2F2000181F8480005E6008940F2D4
:104F7000E73200BA010C914238BF020C42F64010F1
:104F8000C2F20000012A98BF0122A0F8AC20F3E58C
:104F900042F64011C2F2000191F88C20032A3FF63C
:104FA000EBADDFE812F00400C0069506B2060089FA
:104FB000C82300BA020CC82A38BF030C052B98BFBF
:104FC0000523A1F8BA30D7E542F64011C2F200013C
:104FD00091F84120002A00F06D85012A40F090856B
:104FE000008948F6396200BA000CA1F8B20000EB63
:104FF0008000A038C3F6E30250FB02F0421002EB3F
:10500000D07290B2A1F8A22000F07CBD42F640110F
:10501000C2F2000191F88C20032A3FF6ADADDFE823
:1050200012F00400BE066506AF06008940F2E733C1
:1050300000BA020C9A4238BF030C012B98BF01231F
:10504000A1F8C43098E542F64011C2F2000191F88F
:105050008C20032A3FF690ADDFE812F00400CF0663
:105060007306B006008991F8412040BA012AA1F8E0
:10507000BE000ED100EB800048F63962A038C3F6BE
:10508000E30250FB02F0421002EBD07290B2A1F8A2
:10509000BE20642801F237826420A1F8BE006BE5CF
:1050A00042F64011C2F2000191F84120002A00F0BE
:1050B0001485012A40F04385008948F6396200BA18
:1050C000000CA1F8B00000EB8000A038C3F6E302AA
:1050D00050FB02F0421002EBD07290B2A1F89C207B
:1050E00000F02FBD407A42F64011C2F2000181F873
:1050F000420041E542F64011C2F2000191F88C20D5
:10510000032A3FF639ADDFE812F00400C406970623
:10511000A606008940F2E73300BA020C9A4238BF73
:10512000030C012B98BF0123A1F8CC3024E50089A2
:1051300040F2E73200BA010C914238BF020C42F64D
:1051400040100029C2F200004FF0000108BF012208
:10515000A0F88E20028580F854100DE542F640112B
:10516000C2F2000191F88C20032A3FF605ADDFE87A
:1051700012F00400DC068106CD06008940F2E73318
:1051800000BA020C9A4238BF030C012B98BF0123CE
:10519000A1F8BC30F0E4008940F2E73200BA010C1B
:1051A000914238BF020C42F64010C2F20000012AC0
:1051B00098BF0122A0F8A020DEE4407A42F6401118
:1051C000C2F2000181F88C00D6E442F64011C2F22E
:1051D000000191F83F20022A3FF4CEAC0123A1F850
:1051E0005B30A1F856300023002ACB837FF4C4AC97
:1051F000008991F8412000BA012A4FEA104241F09B
:10520000008202EB820048F63963A038C3F6E3035C
:1052100050FB03F35E10104606EBD37201F0FBB9AE
:1052200042F64011C2F2000191F88C20032A3FF6A9
:10523000A3ACDFE812F00400B7063D06890600893A
:1052400091F8412040BA012AA1F8CE000ED100EB1E
:10525000800048F63962A038C3F6E30250FB02F042
:10526000421002EBD07290B2A1F8CE20642801F275
:105270006E816420A1F8CE007EE442F64011C2F2B5
:10528000000191F88C20032A3FF676ACDFE812F09B
:105290000400A9062F067B06008940F2E73300BA16
:1052A000020C9A4238BF030C012B98BF0123A1F8CE
:1052B000D43061E4407A42F64011C2F2000181F834
:1052C0004E0059E40089C82200BA010CC82938BF31
:1052D000020C42F64010C2F20000052A98BF0522D7
:1052E000A0F89E20FFF748BC42F64011C2F2000130
:1052F00091F88C20032A3FF63FACDFE812F004005F
:105300009D0681068F060089C82300BA020CC82AB0
:1053100038BF030C052B98BF0523A1F8C230FFF757
:105320002BBC407A42F64011C2F2000181F84900DC
:10533000FFF722BC42F64011C2F2000191F83F2073
:10534000022A3FF419AC01230026032AA1F85B309E
:10535000A1F8583081F8256081F8473000F088873F
:10536000002A7FF409AC407A052898BF052081F80F
:105370002400FFF701BC008900BA000C022800F0ED
:105380009B84012800F08A8400287FF4F5AB42F664
:105390004010C2F20000012180F84D1080F840104A
:1053A0000021A0F84F10FFF7E7BB42F64011C2F210
:1053B000000191F84120002A00F0E083012A40F02A
:1053C000FE83008948F6396200BA000CA1F8AE00ED
:1053D00000EB8000A038C3F6E30250FB02F042105D
:1053E00002EBD07290B2A1F8962000F0EABB407AAE
:1053F00042F64011C2F2000181F84D00FFF7BCBB3C
:105400000089C82200BA010CC82938BF020C42F634
:105410004010C2F20000052A98BF0522A0F8A4207F
:10542000FFF7AABB008940F2E73200BA010C9142B3
:1054300038BF020C42F64010C2F20000012A98BFA9
:105440000122A0F8A620FFF797BB407A42F6401150
:10545000C2F2000181F84A00FFF78EBB42F640110C
:10546000C2F2000191F88C20032A3FF685ABDFE8F9
:1054700012F004000D06F105FF050089C82300BAEB
:10548000020CC82A38BF030C052B98BF0523A1F8CE
:10549000D230FFF771BB42F64011C2F2000191F821
:1054A0003F30022B3FF468AB01220026032BA1F80A
:1054B0005B20A1F8582081F8256000F0E186002BE0
:1054C0007FF45AAB407A052898BF0520C82828BF2A
:1054D000C82081F82400FFF74FBB417A42F6401004
:1054E000C2F20000002980F8501000F05A83012910
:1054F0007FF442ABB0F8BC10A0F89210012180F804
:105500004F10FFF739BB42F64010C2F2000090F88E
:105510003F1000297FF430AB19E1008901BA42F64F
:105520004010C2F2000090F84120090C002A418688
:1055300000F03C83012A7FF41FABD42928BFD4217B
:10554000212998BF212101EB8101A03989B24EF2B6
:105550008F325143C90C4186FFF70EBB008940F2E0
:10556000E73200BA010C914238BF020C42F64010FB
:10557000C2F20000012A98BF0122A0F89A20FFF78A
:10558000FBBA42F64010C2F2000090F83F1000292A
:105590007FF4F2AADBE00089C82200BA010CC82916
:1055A00038BF020C42F64010C2F20000052A98BF34
:1055B0000522A0F89820FFF7DFBA0089C82200BAB8
:1055C000010CC82938BF020C42F64010C2F200009C
:1055D000052A98BF0522A0F8AA20FFF7CDBA407A85
:1055E00042F64011C2F2000181F84300FFF7C4BA4D
:1055F00042F64011C2F2000191F84120002A00F069
:10560000FD82012A40F00D83008948F6396200BA14
:10561000000CA1F8B40000EB8000A038C3F6E30250
:1056200050FB02F0421002EBD07290B2A1F8A82019
:10563000F9E242F64014C2F2000494F83F10002947
:105640007FF49AAA407A012800F0698600287FF446
:1056500093AA40F2B310C2F2000001780131CAB23D
:105660000A2A0170FFF488AA40F2B211C2F20001C6
:105670000A78002A7FF480AA0022027001200870B4
:1056800042F6C020C2F200000221017094F84100ED
:1056900094F82430B4F88E100128A4F89E30A4F8B1
:1056A000A01001F00881002841F02281A38B43F271
:1056B000343103EBC300C3F23331A0FB010101F12C
:1056C0002000A4F89C30A4F8B00001F005B9407A9D
:1056D00042F64011C2F2000181F84C00FFF74CBACB
:1056E00042F64011C2F2000191F88C20032A3FF6E5
:1056F00043AADFE812F004001705D904F804008972
:1057000091F8412040BA012AA1F8B6000ED100EB71
:10571000800048F63962A038C3F6E30250FB02F07D
:10572000421002EBD07290B2A1F8B620642800F2C9
:1057300032876420A1F8B600FFF71EBA42F6401087
:10574000C2F2000090F83F1000297FF415AA90F8EB
:105750003C100022012980F8542000F08A810029A1
:105760007FF40AAA90F84E1002291CBF012180F88C
:105770003C10FFF701BA42F64014C2F2000494F85C
:105780003F1000297FF4F8A9407A012800F0F8853D
:1057900000287FF4F1A940F2B510C2F200000178B0
:1057A0000131CAB20A2A0170FFF4E6A940F2B4112D
:1057B000C2F200010A78002A7FF4DEA900220270FA
:1057C0000120087042F6C020C2F2000002210170E0
:1057D00094F8410094F82430B4F88E100128A4F80D
:1057E000A430A4F8A61001F08C80002841F0A68017
:1057F000A38B43F2343103EBC300C3F23331A0FB7C
:10580000010101F12000A4F8A230A4F8B20001F0D7
:1058100089B842F64011C2F2000191F88C20032AA7
:105820003FF6AAA9DFE812F00400F7049D04CA04B9
:105830000089C82300BA020CC82A38BF030C052B04
:1058400098BF0523A1F8CA30FFF796B942F6401178
:10585000C2F2000191F88C20032A3FF68DA9DFE8FF
:1058600012F00400E8048E04BB04008991F8412082
:1058700040BA012AA1F8C6000ED100EB800048F61C
:105880003962A038C3F6E30250FB02F0421002EB8B
:10589000D07290B2A1F8C620642800F2A0866420DD
:1058A000A1F8C600FFF768B9407A012800F0D88156
:1058B00000287FF461A942F64010C2F2000090F87F
:1058C0003F10032900F0F38500297FF455A9012139
:1058D000A0F85B10A0F8581090F8241000220529B9
:1058E00080F8252000F2B386052180F82410FFF708
:1058F00043B940F2B811C2F20001407A0B7842F687
:105900004012C2F20002834282F844003FF434A9FC
:1059100017E0407A42F64011C2F2000181F84100DE
:10592000FFF72AB940F2B911C2F20001407A0B78B0
:1059300042F64012C2F20002834282F845003FF470
:105940001BA9002382F8543082F83F300870FFF71B
:1059500013B942F64010C2F2000090F8550000283A
:105960003FF40AA90CF0D8FB42F64011C2F2000144
:1059700091F83F20002A7FF4FFA80122A1F85B20C4
:10598000A1F856200022CA83407A012800F0298518
:1059900000287FF4F1A891F84100012800F07C86EE
:1059A00000287FF4E9A8888B421F6A2838BF642248
:1059B00090B2C00010FA82F000F024BD42F6401010
:1059C000C2F20000012180F85510FFF7D5B842F669
:1059D0004015C2F2000595F83F1000297FF4CCA8CD
:1059E000407A012800F01A8500287FF4C5A840F20B
:1059F000B710C2F2000001780131CAB20A2A017060
:105A0000FFF4BAA840F2B611C2F200010A78002AE7
:105A10007FF4B2A8002202700120087042F6C02074
:105A2000C2F200000221017095F8410095F824307F
:105A3000B5F88E1042F6C4240128C2F20004A5F87D
:105A4000AA30A5F8AC1000F08287002840F09987B2
:105A5000AB8B43F2343103EBC300C3F23331A0FB11
:105A6000010101F12000A5F8A830A5F8B40000F06C
:105A70007FBF8285FFF780B842F64010C2F2000077
:105A800090F83F10032900F0068500297FF474A8E0
:105A90000121A0F85B10A0F8581090F82410002203
:105AA000C32980F8252080F0F480053180F8241087
:105AB000FFF762B8B1F8B22043F23433008902EB49
:105AC000C202C3F23333A2FB032340BA03F1200224
:105AD000A1F8A200A1F8B22014E0B1F8B02043F27E
:105AE0003433008902EBC202C3F23333A2FB032337
:105AF00040BA03F12002A1F89C00A1F8B02020E0F8
:105B0000B1F8A200652801D2642004E0B0F5FA7F64
:105B100003D34FF4FA70A1F8A200B1F8B200D42870
:105B200004D8D420A1F8B200FFF726B8B0F5697FF9
:105B300024BF4FF46970A1F8B200FFF71DB8B1F8A7
:105B40009C00652801D2642004E0B0F5FA7F03D3FD
:105B50004FF4FA70A1F89C00B1F8B000D42804D832
:105B6000D420A1F8B000FFF707B8B0F5697F24BFD3
:105B70004FF46970A1F8B000FEF7FEBFB1F8AE2097
:105B800043F23433008902EBC202C3F23333A2FB87
:105B9000032340BA03F12002A1F89600A1F8AE2039
:105BA0000FE0002180F84F10FEF7E6BF002900F05B
:105BB000B283642924BF64214186FEF7DDBFB1F8BA
:105BC0009600652801D2642004E0B0F5FA7F03D383
:105BD0004FF4FA70A1F89600B1F8AE00D42804D8BA
:105BE000D420A1F8AE00FEF7C7BFB0F5697F24BF8F
:105BF0004FF46970A1F8AE00FEF7BEBFB1F8B42053
:105C000043F23433008902EBC202C3F23333A2FB06
:105C1000032340BA03F12002A1F8A800A1F8B420A0
:105C200001E0B1F8A800652801D2642004E0B0F5D5
:105C3000FA7F03D34FF4FA70A1F8A800B1F8B400CA
:105C4000D42804D8D420A1F8B400FEF795BFB0F54D
:105C5000697F24BF4FF46970A1F8B400FEF78CBFD0
:105C600042F64010C2F2000090F83F10032900F005
:105C70002B8400297EF480AF0121A0F85B10A0F8EE
:105C8000581090F824100022C82980F82520C0F070
:105C9000E384C82180F82410FEF76EBF42F640105E
:105CA000C2F20000012180F84010002180F84D1060
:105CB000A0F84F10FEF760BF42F64010C2F200009D
:105CC000022180F84010002180F84D10FEF754BFEB
:105CD0000089C82300BA020CC82A38BF030C052B60
:105CE00098BF0523A1F80831FEF746BF008940F2AE
:105CF000E73300BA020C9A4238BF030C012B98BF5D
:105D00000123A1F81231FEF737BF0089C82300BA7A
:105D1000020CC82A38BF030C052B98BF0523A1F835
:105D20002E31FEF729BF0089C82300BA020CC82A09
:105D300038BF030C052B98BF0523A1F8E230FEF70E
:105D40001BBF008991F8412040BA012AA1F80C013B
:105D50000ED100EB800048F63962A038C3F6E302AA
:105D600050FB02F0421002EBD07290B2A1F80C216D
:105D7000642800F2B6836420A1F80C01FEF7FCBE93
:105D8000008940F2E73300BA020C9A4238BF030C94
:105D9000012B98BF0123A1F83831FEF7EDBE008931
:105DA00040F2E73300BA020C9A4238BF030C012BD1
:105DB00098BF0123A1F8EC30FEF7DEBE008991F810
:105DC000412040BA012AA1F832010ED100EB800037
:105DD00048F63962A038C3F6E30250FB02F04210E5
:105DE00002EBD07290B2A1F83221642800F28283D3
:105DF0006420A1F83201FEF7BFBE008991F841206E
:105E000040BA012AA1F8E6000ED100EB800048F666
:105E10003962A038C3F6E30250FB02F0421002EBF5
:105E2000D07290B2A1F8E620642800F27583642055
:105E3000A1F8E600FEF7A0BE008940F2E73300BA01
:105E4000020C9A4238BF030C012B98BF0123A1F822
:105E50001A31FEF791BE008940F2E73300BA020C16
:105E60009A4238BF030C012B98BF0123A1F840319F
:105E7000FEF782BE008940F2E73300BA020C9A4274
:105E800038BF030C012B98BF0123A1F80A31FEF79C
:105E900073BE008940F2E73300BA020C9A4238BF61
:105EA000030C012B98BF0123A1F8F430FEF764BE68
:105EB000008991F8412040BA012AA1F81C010ED1B5
:105EC00000EB800048F63962A038C3F6E30250FBCD
:105ED00002F0421002EBD07290B2A1F81C216428AB
:105EE00000F223836420A1F81C01FEF745BE00895F
:105EF00040F2E73300BA020C9A4238BF030C012B80
:105F000098BF0123A1F82231FEF736BE008940F286
:105F1000E73300BA020C9A4238BF030C012B98BF3A
:105F20000123A1F83031FEF727BE008940F2E733A4
:105F300000BA020C9A4238BF030C012B98BF012310
:105F4000A1F8E430FEF718BE008991F8412040BA6C
:105F5000012AA1F842010ED100EB800048F6396217
:105F6000A038C3F6E30250FB02F0421002EBD072FD
:105F700090B2A1F84221642800F2E0826420A1F8E6
:105F80004201FEF7F9BD008940F2E73300BA020C86
:105F90009A4238BF030C012B98BF0123A1F8483166
:105FA000FEF7EABD008991F8412040BA012AA1F824
:105FB000F6000ED100EB800048F63962A038C3F637
:105FC000E30250FB02F0421002EBD07290B2A1F853
:105FD000F620642800F2C4826420A1F8F600FEF7DF
:105FE000CBBD008940F2E73300BA020C9A4238BFB9
:105FF000030C012B98BF0123A1F8FC30FEF7BCBDB8
:106000000089C82300BA020CC82A38BF030C052B2C
:1060100098BF0523A1F81031FEF7AEBD0089C82353
:1060200000BA020CC82A38BF030C052B98BF052301
:10603000A1F83631FEF7A0BD0089C82300BA020CD2
:10604000C82A38BF030C052B98BF0523A1F8EA30F6
:10605000FEF792BD0089C82300BA020CC82A38BFD7
:10606000030C052B98BF0523A1F82031FEF784BD52
:106070000089C82300BA020CC82A38BF030C052BBC
:1060800098BF0523A1F84631FEF776BD0089C823E5
:1060900000BA020CC82A38BF030C052B98BF052391
:1060A000A1F8FA30FEF768BD008991F8412040BAA6
:1060B000012AA1F804010ED100EB800048F63962F4
:1060C000A038C3F6E30250FB02F0421002EBD0729C
:1060D00090B2A1F80421642800F24B826420A1F858
:1060E0000401FEF749BD008991F8412040BA012A18
:1060F000A1F82A010ED100EB800048F63962A038E1
:10610000C3F6E30250FB02F0421002EBD07290B2F1
:10611000A1F82A21642800F235826420A1F82A011E
:10612000FEF72ABD008991F8412040BA012AA1F862
:10613000DE000ED100EB800048F63962A038C3F6CD
:10614000E30250FB02F0421002EBD07290B2A1F8D1
:10615000DE20642800F228826420A1F8DE00FEF729
:106160000BBD0089C82300BA020CC82A38BF030C33
:10617000052B98BF0523A1F81831FEF7FDBC008957
:1061800091F8412040BA012AA1F814010ED100EB88
:10619000800048F63962A038C3F6E30250FB02F0F3
:1061A000421002EBD07290B2A1F81421642800F2E0
:1061B00004826420A1F81401FEF7DEBC0089C82324
:1061C00000BA020CC82A38BF030C052B98BF052360
:1061D000A1F83E31FEF7D0BC008991F8412040BAC9
:1061E000012AA1F83A010ED100EB800048F639628D
:1061F000A038C3F6E30250FB02F0421002EBD0726B
:1062000090B2A1F83A21642800F2E0816420A1F85C
:106210003A01FEF7B1BC0089C82300BA020CC82AB3
:1062200038BF030C052B98BF0523A1F8F230FEF709
:10623000A3BC008991F8412040BA012AA1F8EE00E0
:106240000ED100EB800048F63962A038C3F6E302B5
:1062500050FB02F0421002EBD07290B2A1F8EE2097
:10626000642800F2C5816420A1F8EE00FEF784BC2A
:10627000407A012888BF034681F82630FEF77CBCAF
:10628000407A012888BF0246C82A28BFC82281F860
:106290002620FEF771BC91F84100012800F0F18141
:1062A00000287EF469AC888B4FF4FA72B0F5FA7F5F
:1062B00038BF421CA4E040F2B015C2F200052878B5
:1062C000002840F03F824FF00110C4F85600002033
:1062D000E08384F8250094F8410001210028A4F807
:1062E0005B1084F88D1000F00682012840F01382C4
:1062F000B4F8AE0048F63961608400EB8000A03845
:10630000C3F6E30150FB01F0411001EBD070A08314
:10631000A4F89600FFE100214186FEF72DBC40F273
:10632000B215C2F200052878002840F0388201201A
:10633000A4F85B004FF00110C4F856000020E08381
:1063400084F8250094F841000221002884F88D107B
:1063500000F0FE81012840F00B82B4F8B00048F64E
:106360003961608400EB8000A038C3F6E30150FB84
:1063700001F0411001EBD070A083A4F89C00F7E17C
:1063800040F2B415C2F200052878002840F03482AB
:106390000120A4F85B004FF00110C4F85600002063
:1063A000E08384F8250094F841000321002884F854
:1063B0008D1000F0FA81012840F00782B4F8B20095
:1063C00048F63961608400EB8000A038C3F6E30131
:1063D00050FB01F0411001EBD070A083A4F8A200A3
:1063E000F3E191F84100012800F06E8100287EF46D
:1063F000C3AB888B421DB0F5F77F88BF4FF4FA72AC
:1064000002EBC20043F23433C3F23333A0FB030385
:1064100003F120008A834884FEF7AEBB40F2B61435
:10642000C2F200042078002840F016820120A5F86E
:106430005B004FF00110C5F856000020E88385F896
:10644000250095F841000421002885F88D1000F002
:10645000DC81012840F0E981B5F8B40048F63961E3
:10646000688400EB8000A038C3F6E30150FB01F024
:10647000411001EBD070A883A5F8A800D5E190F8F1
:10648000261001220A29A0F85B2018D9053980F8C6
:106490002610FEF771BB90F826100122C329A0F840
:1064A0005B2019D2053180F82610FEF765BB90F805
:1064B000261001220529A0F85B2000F2D2800521D8
:1064C00080F82610FEF758BB90F826100122C82944
:1064D000A0F85B20C0F0CA80C82180F82610FEF723
:1064E0004BBBB0F5FA7F24BF4FF4FA70A1F80C0152
:1064F000FEF742BBB0F5FA7F24BF4FF4FA70A1F863
:106500003201FEF739BBB0F5FA7F24BF4FF4FA70C1
:10651000A1F8BE00FEF730BBB0F5FA7F24BF4FF400
:10652000FA70A1F8E600FEF727BBB0F5FA7F24BFAA
:106530004FF4FA70A1F81C01FEF71EBBB0F5FA7F0C
:1065400024BF4FF4FA70A1F84201FEF715BBB0F575
:10655000FA7F24BF4FF4FA70A1F8CE00FEF70CBB0F
:10656000B0F5FA7F24BF4FF4FA70A1F8F600FEF7F9
:1065700003BBB0F5FA7F24BF4FF4FA70A1F8040111
:10658000FEF7FABAB0F5FA7F24BF4FF4FA70A1F81B
:106590002A01FEF7F1BAB0F5FA7F24BF4FF4FA7082
:1065A000A1F8B600FEF7E8BAB0F5FA7F24BF4FF4C1
:1065B000FA70A1F8DE00FEF7DFBAB0F5FA7F24BF6B
:1065C0004FF4FA70A1F81401FEF7D6BAB0F5FA7FCD
:1065D00024BF4FF4FA70A1F83A01FEF7CDBAB0F536
:1065E000FA7F24BF4FF4FA70A1F8C600FEF7C4BAD0
:1065F000B0F5FA7F24BF4FF4FA70A1F8EE00FEF771
:10660000BBBA43F2343302EBC200C3F23333A0FB14
:10661000030303F120008A8392B2652A488401D2E1
:10662000642204E0B2F5FA7F02D34FF4FA728A834F
:1066300080B2D42803D8D4204884FEF79DBAB0F5A0
:10664000697F24BF4FF469704884FEF795BA013919
:1066500080F82410FEF790BA013180F82410FEF77C
:106660008BBA013980F82610FEF786BA013180F81E
:106670002610FEF781BA488CD422D42888BF421E47
:1066800010E0488C4FF46972B0F5697F38BF421C46
:106690004A8402EB82000AE0488CA0F12602FB2823
:1066A00038BFD42290B2800010FA82F04A8448F6B3
:1066B0003962A038C3F6E30250FB02F0420802EB55
:1066C000D0708883FEF758BA488C40F27D3300F1D1
:1066D0002602984288BF4FF4697202EB820048F6A6
:1066E0003963A038C3F6E303A0FB030358084A84C8
:1066F0008883FEF741BAB4F8960043F2343200EBD7
:10670000C001C3F23332A1FB0212A08302F12000C8
:106710006084A4F8AE0094F89800B4F89A1084F855
:10672000240042F6C420C2F200002185A4F88E1095
:106730000021D0F8046184F8541045F2540102227B
:106740000123B04740F2B1110020C2F2000158E02D
:10675000B4F89C0043F2343200EBC001C3F2333290
:10676000A1FB0212A08302F120006084A4F8B00013
:1067700094F89E00B4F8A01084F8240042F6C420D7
:10678000C2F200002185A4F88E100021D0F8046127
:1067900084F8541045F2540102220223B04740F21B
:1067A000B3110020C2F200012BE0B4F8A20043F2C2
:1067B000343200EBC001C3F23332A1FB0212A083DA
:1067C00002F120006084A4F8B20094F8A400B4F8A8
:1067D000A61084F8240042F6C420C2F200002185ED
:1067E000A4F88E100021D0F8046184F8541045F20A
:1067F000540102220323B04740F2B5110020C2F237
:10680000000128700870FEF7B7B9B5F8A80043F288
:10681000343200EBC001C3F23332A1FB0212A88371
:1068200002F120006884A5F8B40095F8AA00B5F834
:10683000AC1085F8240042F6C420C2F2000029857D
:10684000A5F88E100021D0F8046185F8541045F2A7
:10685000540102220423B04740F2B7110020C2F2D3
:10686000000120700870FEF787B9638C48F6396123
:1068700003EB8300A038C3F6E30150FB01F04108AD
:1068800001EBD070A4F8AE30A4F8960042F6C42014
:10689000C2F20000D0F8046145F215010222B047AF
:1068A000B4F8983042F6C420C2F20000D0F8046177
:1068B00045F216016AE0638C48F6396103EB830008
:1068C000A038C3F6E30150FB01F0410801EBD070A2
:1068D000A4F8B030A4F89C0042F6C420C2F2000034
:1068E000D0F8046145F218010222B047B4F89E3096
:1068F00042F6C420C2F20000D0F8046145F219014A
:1069000044E0638C48F6396103EB8300A038C3F69A
:10691000E30150FB01F0410801EBD070A4F8B23064
:10692000A4F8A20042F6C420C2F20000D0F804612C
:1069300045F21B010222B047B4F8A43042F6C4204D
:10694000C2F20000D0F8046145F21C011EE06B8C1D
:1069500048F6396103EB8300A038C3F6E30150FB2E
:1069600001F0410801EBD070A5F8B430A5F8A800FB
:10697000D4F80461204645F21E010222B047B5F862
:10698000AA30D4F80461204645F21F010222B04724
:1069900042F6E730C2F2000001210170FEF7ECB8C8
:1069A00070470000B0B540F20200C2F2000001885A
:1069B00042F64014013901800904C2F200040AD1F0
:1069C00042F6A841C2F200010A68626100220A6030
:1069D0004FF47A71018040F2BA15C2F200052878AE
:1069E000002869D12078012866D142F20040C4F223
:1069F0000100C1680A2241F00701C160416B62F3E6
:106A000004014163816841F4800181600168890764
:106A100009D4016889075CBF01685FEA817102D40B
:106A200001688907F2D5C16C1022C1F38D01616044
:106A3000C16841F4E011C160416B62F3040141633C
:106A4000816841F4800181600168890709D4016887
:106A500089075CBF01685FEA817102D40168890718
:106A6000F2D5C06C40F2EC51C2F2000108800888F7
:106A7000FDF783FE43F6E30244F63863CEF28E322E
:106A8000C3F6C873FDF737FC4EF636224AF6F553C7
:106A9000C1F63B32CCF27103FDF786FBFDF7A7FE92
:106AA000411E89B23129A4F8940005D86068800895
:106AB0007C289CBF0120287094F83F00022840F2F7
:106AC0003000C2F2000018D1018801390A040180A7
:106AD00018D1228F4FF47A710180501E01B2B1F1AA
:106AE000FF3F20870EDC002084F83F0042F6C020E4
:106AF000C2F200000221017004E0E28E4FF47A71CC
:106B00000180228794F85000A0B1012840F0FC8158
:106B100042F20C20C2F20000027894F88C10DAB134
:106B2000032900F28381DFE801F00295466D94F8B5
:106B30004F1027E042F20C20C2F200000021017049
:106B400040F21000C2F200004FF47A72028084F822
:106B50004F10A4F89210D7E101220329027000F22D
:106B60006581DFE801F0027A2B5294F84F104A1E3B
:106B7000D2B2042A06D20FF2105353F82220128800
:106B8000A4F89220032900F0FA80022900F0BA80CC
:106B9000012940F02B8194F85110002940F04681E2
:106BA00094F84110012900F09181002940F03E81C4
:106BB000B4F8B62033E194F84F100CE094F84F107D
:106BC0004A1ED2B2042A06D20FF29C4353F8222066
:106BD0001288A4F89220032974D0022962D00129D6
:106BE00040F0A08094F85110002940F01F8194F8E3
:106BF0004110012900F05581002940F01781B4F8B7
:106C000004210CE194F84F100CE094F84F104A1E48
:106C1000D2B2042A06D20FF2404353F8222012883F
:106C2000A4F89220032900F09C8002295AD001295F
:106C300040F0B38094F85110002940F0F78094F8A8
:106C40004110012900F03981002940F0EF80B4F8AB
:106C50002A21E4E094F84F100CE094F84F104A1EFB
:106C6000D2B2042A06D20FF2104353F8222012881F
:106C7000A4F89220032900F0AE80022963D00129F4
:106C800040F0C18094F85110002940F0CF8094F872
:106C90004110012900F01D81002940F0C780B4F89F
:106CA000DE20BCE094F85110002940F0BF8094F839
:106CB0004110012900F0EC80002940F0B780B4F8C1
:106CC0000C21ACE094F85110002940F0AF8094F80A
:106CD0004110012900F0DF80002940F0A780B4F8BE
:106CE00014219CE094F85110002940F09F8094F802
:106CF0004110012900F0D280002940F09780B4F8BB
:106D000032218CE094F85110002940F08F8094F8E3
:106D10004110012900F0C880002940F08780B4F8B4
:106D2000BE207CE0042940F0818094F851100029B5
:106D30007CD194F84110012900F09E80002975D182
:106D4000B4F81C216BE094F8511000296ED194F82E
:106D50004110012900F0AB80002967D1B4F8E6208A
:106D60005DE094F85110002960D194F84110012998
:106D700000F0A080002959D1B4F83A214FE094F8EE
:106D80005110002952D194F84110012900F0988047
:106D900000294BD1B4F8C62041E0042946D194F82B
:106DA0005110002942D194F84110012967D0E9BB64
:106DB000B4F84231A168A3F10A02914240F21002F4
:106DC000C2F2000203DD0A339942C0F290804FF410
:106DD0007A70108098E094F8511039BB94F8411003
:106DE000012970D011BBB4F8EE2018E004291DD1A0
:106DF00094F85110D1B994F84110012942D0A9B9A1
:106E0000B4F8CE200BE0042910D194F8511069B9E0
:106E100094F84110012938D041B9B4F8F620A1689E
:106E2000A2F10A03994268DD0A325AE040F21001E9
:106E3000C2F200010988090466D140F21001B4F8D9
:106E40009230C2F200014FF47A720A80591E0AB2DF
:106E5000B2F1FF3FA4F8921056DC94F84F200021C5
:106E60000170501CC2B2052A84F84F0024BFA4F858
:106E70009210A4F84F1047E0B4F81E212BE0B4F8AC
:106E8000442128E0B4F8D02025E0B4F8F82022E02E
:106E9000B4F80E211FE0B4F816211CE0B4F8342138
:106EA00019E0B4F8062116E0B4F8C02013E0B4F8F5
:106EB000E82010E0B4F83C210DE0B4F82C210AE001
:106EC000B4F8C82007E0B4F8F02004E0B4F8B82023
:106ED00001E0B4F8E020A168A2F1120399420CDDB0
:106EE0001232914209DA40F21002C2F20002118815
:106EF00001391180090407D19FE740F21000C2F266
:106F000000004FF47A71018094F85400002840F298
:106F10001200C2F200002BD094F83D10012908D1D4
:106F2000002184F8541042F6C021C2F2000102226E
:106F30000A70018801390A04018020D1B4F8901048
:106F400001390AB2B2F1FF3FA4F890100CDCB4F89A
:106F50008E100222A4F89010002184F8541042F6FA
:106F6000C021C2F200010A704FF47A71018006E07C
:106F7000B4F88E204FF47A710180A4F8902042F684
:106F8000AC40C2F200000068804742F63840C2F2CE
:106F90000000417B012906D1017B002907BF0221A6
:106FA000417301390173017F00291CBF0139017749
:106FB00042F65C40C2F20000417B012906D1017B10
:106FC000002907BF0221417301390173017F0029A4
:106FD0001CBF0139017742F68040C2F20000417BBC
:106FE000012906D1017B002907BF02214173013924
:106FF0000173017F00291CBF0139017742F6F0308F
:10700000C2F20000417B012906D1017B002907BFA4
:107010000221417301390173017F00291CBF01392D
:10702000017742F61440C2F20000417B012906D1EB
:10703000017B002907BF0221417301390173017FE0
:1070400000291CBF0139017742F6A440C2F20000BA
:10705000016801310160B0BD702A0020782A00204B
:10706000802A0020882A00204A2A0020522A002054
:107070005A2A0020622A0020242A00202C2A0020DC
:10708000342A00203C2A0020FC290020042A002069
:107090000C2A0020142A002041F20000C4F2020051
:1070A000C16941F08051C16147F25001C4F2000151
:1070B0000A7842F004020A70C16921F08051C1616E
:1070C000016841F0010101600168890709D4016884
:1070D00089075CBF01685FEA817102D40168890792
:1070E000F2D5416821F00301416000BF416811F011
:1070F0000C0F0BD0416811F00C0F07D0416811F054
:107100000C0F03D0416811F00C0FEFD101684FF65E
:10711000FF72CFF6F262114001600021416041F63A
:107120001071C1624FF4801101634FF41F0181603F
:107130004EF60850CEF200004FF00061016070473B
:107140002DE9F04F81B040F2100BC4F2000BDBF8D8
:107150000000C00700F0F08142F64017C2F20007BD
:107160003878012840F0CD8140F2AC00C2F2000036
:10717000007842F210260128C2F2000617D1B46846
:107180004EF20005C4F2AB6520462946FDF792FA9F
:10719000002804BFB5602C46D6F804804FF080412B
:1071A00040464FF08045FDF785FA40B109E04EF2C8
:1071B00000040025C4F2AB64C4F2C005B460A84664
:1071C000756040F2B005C2F20005B5F800A042F6C5
:1071D000E06082450AD3D7E95E014FF0000A013032
:1071E00041F10001A5F800A0C7E95E0197F8400051
:1071F000022814D0012840F07E8197F84D00002825
:1072000066D0012840F0838097F83F00022800F004
:107210007180002840F07B80B88B323072E097F8A4
:107220005110B88B40F2B402C2F200020029108063
:1072300040F0618197F85000002850D0012840F0BC
:107240005A8140F2B200C2F20000027897F84F1063
:107250008A4206D0017000203062F06170613061B6
:10726000F06097F85300002800F045810020C4F238
:107270007A4049F69A114EF20008C3F69971C4F2A9
:10728000AB6886E803010BF09BFC97F88C107860E4
:10729000032900F2848197F93B20104497F93A20A2
:1072A000A0EB0209DFE811F004006B0151015E015F
:1072B00097F84F000138042800F27181DFE810F0E0
:1072C0000500920183018C016C01B7F8B6408BE197
:1072D00097F83F00022812D0C8B9B88B12E00BF023
:1072E0006FFC786000203062F06170613061F060A6
:1072F000386600E1B88B798E0844323002E0B88BF2
:10730000798E084440F2B401C2F20001088097F877
:107310003D0090B197F84A1079B1012808BF0129C2
:1073200040F0DB800BF04CFC786000203866306267
:10733000F06170613061F060CFE097F85300002891
:1073400000F0CB800BF03CFC97F93B1097F93A200A
:1073500078600844A0EB020940F2AA00C2F20000E3
:10736000018840F2B400C2F20000BD8B0088A9423F
:1073700006B20ED000F052FD42F2102187F83B0019
:107380000020C2F20001C86140F2AA00C2F200006F
:1073900005800FFA89F906F164014945A6F16400F8
:1073A00052DB484550DC701D48456EDB701F484578
:1073B0006BDC40F2AE00C2F20000018801318AB2FB
:1073C0003C2A01806CD30021018040F2AC010120F5
:1073D000C2F2000108700021CCF2FA41204600966A
:1073E000FDF7B4F84EF20001C4F2AB610446FDF7BC
:1073F00037F942F210250028C2F2000540461CBFB2
:107400004EF20004C4F2AB64AC60FDF728FA49F612
:107410009A1249F69913C9F69912CBF6B973FCF78B
:10742000C3FE00224FF08043044688464FF0804A56
:10743000FDF769F9002800F0848020464146FDF7F9
:1074400021FA009E68602BE049450BDA40F2B0015A
:107450000AF10100C2F2000142F210260880C2F2D5
:10746000000638E048456ADD47F60070C4F23B701C
:1074700040F2B00138660AF10100C2F2000142F2A6
:1074800010260880C2F2000627E040F2AC0100207E
:10749000C2F20001087040F2AE01C2F200010880A1
:1074A0003046FDF74BF904464846FDF747F90146DB
:1074B0002046FDF745FA40F2B002C2F20002118800
:1074C00038660131118042F210260021C2F2000616
:1074D000FDF7F0F808B90020386697F83F00032858
:1074E00009D10BF06DFB7860002038663062F061E6
:1074F00070613061F06097F83E0000281CBF0020EA
:1075000038663C6E002120460025FDF7A9F810B929
:1075100097F8550008B100243D662046FDF753F961
:10752000CBF824004FF08040016841F00101016078
:107530006FF00100CBF8000001B0BDE8F08F386EAD
:10754000C1E7009EC5F804A0AAE797F84F000138EC
:10755000042824D8DFE800F0032B31252000B7F8F9
:10756000044141E097F84F000138042817D8DFE8BC
:1075700000F00327301B1300B7F82A4134E097F8D6
:107580004F00013804280AD8DFE800F0032029144E
:107590000600B7F8DE4027E00020A7F84F00386E5D
:1075A00037E0B7F81C411FE0B7F842411CE0B7F8DC
:1075B0000C4119E0B7F8F64016E0B7F8144113E0B3
:1075C000B7F8324110E0B7F8C6400DE0B7F8E64032
:1075D0000AE0B7F83A4107E0B7F8CE4004E0B7F860
:1075E000EE4001E0B7F8BE40204600F017FC87F8F7
:1075F0003B002046FDF7ABF804460FFA89F0FDF793
:107600009DF801462046FDF79BF92988386601312F
:10761000298000210024FDF74DF8002808BF3C66B2
:10762000C6F8088067E7000040F21040C4F200008E
:107630000168890744BF50F8041C5FEA817100D4D7
:10764000704742F6A841C2F200010A6801320A609E
:107650006FF002010160704710B544F60040C4F2BB
:1076600000000168C168890644BF01685FEA816162
:1076700007D4C168490644BF01685FEA416123D469
:1076800010BD0168416842F6F031C2F20001D0F845
:1076900004C0B1F800E08A880EF10103B3FBF2F4F4
:1076A00004FB12324B889A420AD08A6802F80EC054
:1076B0000A888B880132B2FBF3F404FB13220A80A0
:1076C0004FF482728A81D4E76FF04001016042F684
:1076D000F031C2F200010B8A4A8A934202D10020A3
:1076E000487710BD8B8A541CB4FBF3FCD1F818E02A
:1076F0000CFB13431EF802204B82426010BD0000B9
:1077000010B545F20000C4F200000168C1688906A6
:1077100044BF01685FEA816107D4C168490644BF7C
:1077200001685FEA416123D410BD0168416842F6F7
:107730001441C2F20001D0F804C0B1F800E08A8818
:107740000EF10103B3FBF2F404FB12324B889A42B0
:107750000AD08A6802F80EC00A888B880132B2FB10
:10776000F3F404FB13220A804FF482728A81D4E777
:107770006FF04001016042F61441C2F200010B8A31
:107780004A8A934202D10020487710BD8B8A541C4C
:10779000B4FBF3FCD1F818E00CFB13431EF80220F5
:1077A0004B82426010BD000010B543F60000C4F2E9
:1077B00001000168C168890644BF01685FEA816110
:1077C00007D4C168490644BF01685FEA416121D41A
:1077D00010BD42F63841C2F20001D0F804C0B1F841
:1077E00000E08A880EF10103B3FBF2F404FB1232CD
:1077F0004B889A420AD08A6802F80EC00A888B88A1
:107800000132B2FBF3F404FB13220A804FF48272BC
:107810008A81D6E76FF04001016042F63841C2F23A
:1078200000010B8A4A8A934202D10020487710BD9A
:107830008B8A541CB4FBF3FCD1F818E00CFB134307
:107840001EF802204B82426010BD000010B544F2C9
:107850000040C4F200000168C168890644BF0168A5
:107860005FEA816107D4C168490644BF01685FEAE5
:10787000416121D410BD42F65C41C2F20001D0F852
:1078800004C0B1F800E08A880EF10103B3FBF2F402
:1078900004FB12324B889A420AD08A6802F80EC062
:1078A0000A888B880132B2FBF3F404FB13220A80AE
:1078B0004FF482728A81D6E76FF04001016042F690
:1078C0005C41C2F200010B8A4A8A934202D1002035
:1078D000487710BD8B8A541CB4FBF3FCD1F818E038
:1078E0000CFB13431EF802204B82426010BD0000C7
:1078F00010B544F60000C4F200000168C1688906B2
:1079000044BF01685FEA816107D4C168490644BF8A
:1079100001685FEA416123D410BD0168416842F605
:107920008041C2F20001D0F804C0B1F800E08A88BA
:107930000EF10103B3FBF2F404FB12324B889A42BE
:107940000AD08A6802F80EC00A888B880132B2FB1E
:10795000F3F404FB13220A804FF482728A81D4E785
:107960006FF04001016042F68041C2F200010B8AD3
:107970004A8A934202D10020487710BD8B8A541C5A
:10798000B4FBF3FCD1F818E00CFB13431EF8022003
:107990004B82426010BD0000FEE70000B0B54AF225
:1079A0005A5CA0F882C0033242F6804C80F88420F2
:1079B0008222C2F2000C80F885200A0ABCF810E08E
:1079C00080F88620BCF814200EF10104B4FBF2F517
:1079D00080F8871005FB1241BCF812401A0AA14238
:1079E00080F8882080F8893000F0DF8090F88210DD
:1079F000DCF8182002F80E10BCF81010BCF81420A7
:107A00000131B1FBF2F303FB12114B1CB3FBF2F596
:107A1000ACF8101005FB1232BCF812309A4200F09C
:107A2000C48090F88320DCF818305A54BCF8101049
:107A3000BCF814200131B1FBF2F303FB12114B1C13
:107A4000B3FBF2F5ACF8101005FB1232BCF81230A3
:107A50009A4200F0AA8090F88420DCF818305A543A
:107A6000BCF81010BCF814200131B1FBF2F303FB99
:107A700012114B1CB3FBF2F5ACF8101005FB1232DF
:107A8000BCF812309A4200F0908090F88520DCF823
:107A900018305A54BCF81010BCF814200131B1FB56
:107AA000F2F303FB12114B1CB3FBF2F5ACF8101010
:107AB00005FB1232BCF812309A4276D090F886203C
:107AC000DCF818305A54BCF81010BCF814200131FE
:107AD000B1FBF2F303FB12114B1CB3FBF2F5ACF854
:107AE000101005FB1232BCF812309A425DD090F8AB
:107AF0008720DCF818305A54BCF81010BCF8142059
:107B00000131B1FBF2F303FB12114B1CB3FBF2F595
:107B1000ACF8101005FB1232BCF812309A4244D077
:107B200090F88820DCF818305A54BCF81010BCF8D3
:107B300014200131B1FBF2F303FB12114B1CB3FB18
:107B4000F2F5ACF8101005FB1232BCF812309A4274
:107B50002BD090F88900DCF818205054BCF8101095
:107B6000BCF814000131B1FBF0F29CF81D3002FBAF
:107B70001012012BACF8102008BFB0BDBCF81210D9
:107B800092B2914201D1002009E04A1CB2FBF0F30D
:107B9000DCF8185003FB1022685CACF81220DCF80B
:107BA0002010486001208CF81D00B0BD4EF60C502E
:107BB000BFF34F8FCEF200000168042201F4E061B0
:107BC000C0F2FA5211430160BFF34F8F00BF00BFF4
:107BD00000BF00BFFAE7000040F61440C4F2010005
:107BE0004FF480510160704740F61040C4F201002C
:107BF0004FF4805101607047B0B542F64014C2F2B4
:107C0000000494F8550018B1BDE8B040FFF7E4BF98
:107C10002078012838D194F84200012816D140F28A
:107C2000A805C2F200052878DFE800F003663951A4
:107C30002F0042F6C020C2F200000078022860D077
:107C4000012814BF00200120287007E0FFF7C4FFBF
:107C500042F6C020C2F200000021017094F83E00FC
:107C600090B140F2EE50C2F2000001780131CAB288
:107C7000502A017038BFB0BD0021017042F6C0200B
:107C8000C2F2000002210170B0BDFFF7A5FF42F66D
:107C9000C020C2F20000002101702970DEE7FFF76A
:107CA000A3FF40F2A000C2F20000D0E900120131AF
:107CB00042F10002B1F1140372F10003C0E90012B5
:107CC000CCD3042129700021C0E90011C6E740F29D
:107CD000A000C2F20000D0E90012013142F100021E
:107CE0008B1E72F10003C0E90012B7D30021C0E976
:107CF000001104202870B1E7FFF776FF03202870F9
:107D0000ACE702202870A9E7F0B541F20401C4F203
:107D100002010A68C2F3810341F20022022BC0F281
:107D20007A020CD0002B46D10B6D9B0543D5CB6A54
:107D30009B0144BF46F60042C0F2DC223BE00B68E8
:107D40008C6A1F0C002C1DD40C680B68C4F3834490
:107D5000C3F341731D016E1C0F2C354618BF02255D
:107D6000002B18BF3546FB0705EB040304D00F6852
:107D7000BF0301D45A431EE040F60012C0F23D0298
:107D80005A4318E08B6A8C6AC3F3031E8B6A40F671
:107D9000001CC0F23D0CC4F30824FD0703F00703E8
:107DA00003D00D68AD0358BF94460CFB04F20EFAE5
:107DB00003F3B2FBF3F202600B6812A7C3F30313E1
:107DC000FB5C45F2A607DA4042600B68C0F601078B
:107DD000C3F30223FB5C22FA03F3C3600B68C3F313
:107DE000C223FB5C0427DA4082600B68096807EA5B
:107DF0009363C1F38131194406A3595CB2FBF1F1DD
:107E00000161F0BD00000000000000000102030459
:107E10000607080902040608020C081082B00022B6
:107E200065288DF80720ADF804208DF80320C0F0F8
:107E30008C8042F64011C2F2000191F824101F29F3
:107E400028D3820800214A2A8DF8031050D86422D2
:107E5000ADF804208DF807109DF8071013296DD890
:107E600045F2AE01C0F60101BDF804209DF80330D3
:107E70001A44824266D2BDF804200A32ADF80420CA
:107E80009DF8072001328DF807209DF80720142A5D
:107E9000EAD357E00139132957D881084A298DF8C8
:107EA000032055D86421ADF804108DF807209DF803
:107EB0000710132949D845F2D701C0F6010100BFC8
:107EC000BDF804209DF803301A4482423AD2BDF82E
:107ED00004200A32ADF804209DF8072001328DF805
:107EE00007209DF80720142A4FF00002E8D32CE069
:107EF0004FF49671ADF8041014218DF807109DF819
:107F0000071027291AD845F2AE01C0F6010100BFBB
:107F1000BDF804209DF803301A44824212D2BDF805
:107F200004200A32ADF804209DF8072001328DF8B4
:107F300007209DF80720282AEAD303E045F2AE0186
:107F4000C0F601019DF807000A5C50B202B070470C
:107F50004FF49671ADF8041014218DF807109DF8B8
:107F6000071027291AD845F2D701C0F6010100BF32
:107F7000BDF804209DF803301A448242E2D2BDF8D5
:107F800004200A32ADF804209DF8072001328DF854
:107F900007209DF80720282AEAD3D3E745F2D70126
:107FA000C0F60101CEE700002DE9F04F8DB042F69A
:107FB0004018C2F2000898F8000001281CBF0DB05C
:107FC000BDE8F08F40F2B709C2F2000999F800004D
:107FD00042F6C42A0928C2F2000A02F2FB81DFE855
:107FE00010F00A00E6012F0169014C000C02550255
:107FF000A9014A03D60042F6DE37C2F200073878FC
:10800000DFE810F00900490617062206DA055406D3
:108010005F063806710642F24E20C2F20000027876
:1080200098F84E108A4241F0D58040F23900C2F2F1
:108030000000037898F83D108B4241F0218242F213
:108040004F20C2F20000017898F85620914241F08A
:108050009186B8F81E20B8F81C00824241F056877D
:1080600031B1B8F82020B8F822309A4241F0518757
:10807000002941F0138202F061B842F6E235C2F203
:1080800000052878DFE810F01000A60782079407A3
:108090006707BA07D1079D07FD077907DA07540775
:1080A0007007C3074B078B0740F20E00C2F20000B7
:1080B000037898F8401098F852208B4242F20A2335
:1080C000C2F2000341F0AB811F78974241F0A781D3
:1080D00040F20D00C2F20000027898F841108A4286
:1080E00041F01C8640F20B00C2F20000027898F8C2
:1080F00042108A4241F0C18640F20C00C2F20000F8
:10810000027898F843108A4242F0158040F20A0043
:10811000C2F20000027898F84A108A4242F0868043
:1081200040F20800C2F20000027898F844108A4237
:1081300042F0F58040F20900C2F20000027898F89F
:10814000451043468A4242F0F48040F20600C2F2F3
:108150000000027893F846108A4242F0ED8042F225
:108160000B20C2F20000027893F84C108A4242F0D1
:10817000E68040F20700C2F20000027893F84D104A
:108180008A421ABF01700126002602F0DAB898F878
:108190004E001A2841F0C38042F6D535C2F20005E0
:1081A00028780026DFE810F00C00BA088B08750864
:1081B00040089B08BA08A308BA0880085B0866084C
:1081C00042F24721C2F200010A7842F2462040F210
:1081D0003207C2F200000132C2F2000703780A70CF
:1081E000397898F850600133B142037041F08183CF
:1081F00040F23307C2F200073C7898F84F60B4426F
:1082000041F0F48542F24227C2F200073C88B8F9F7
:108210009260B44241F08687DBB20A2BC1F0E78757
:1082200042F24022C2F200021788D8F8083000213A
:108230000026BB421CBF13800526017001F06EB8FA
:1082400042F6DF35C2F200052878DFE810F00500BD
:10825000980274028D02690242F25420C2F20000B8
:10826000027898F84E108A4240F0588542F2552024
:10827000C2F20000027898F83F108A4240F0AF87BF
:1082800042F25321C2F200010A7898F85400824267
:1082900041F0C882B8F82A10002801F0AD85B8F97D
:1082A0009000814200F0868580B2A8F82A0002245E
:1082B00001F0BDBA42F6D636C2F200063078302858
:1082C00001F21285DFE810F031002E0C060C160CBE
:1082D000B60B570C740C210C8F0CDF0B820CAB0B04
:1082E000D00B670C980B110C860B480C7D0CC40C42
:1082F000520C620CAF0CD90CF70BEA0BFB0C740B95
:10830000E10CEE0C9A0C3B0C9F0C9D0B790B600B57
:10831000650B4E0BF60CBC0CC30B4D0CD10C410B7A
:10832000930BA70C030D5B0BA20B05F057F805464A
:1083300001F0EDBE98F84E0042F6D7371A28C2F287
:10834000000700F0C181022841F0E284387801285A
:1083500000F03D84002841F0DB84D8F8040098F94F
:108360003B1098F93A200844801AFCF7F0F90021F4
:1083700098F84D40CCF248210546FCF7E7F8064650
:108380000021012C18BF2E46C4F2C8213046FCF74C
:1083900067F900281CBF0026C4F2C8263046FCF747
:1083A000F9F940F21401C2F2000140BAA4E198F8D0
:1083B0004E001A2800F24283012106228140C0F2B9
:1083C0000042114200F03A8398F83C10002900F076
:1083D0009C81012940F0328398F83D1029B942F67A
:1083E000E032C2F200020123137098F83F20032A02
:1083F00040F00B8398F826101EE342F6D435C2F203
:10840000000529780220DFE811F00F00570E220541
:108410003105FE044C05660540057E05160572050E
:10842000D8040A055A05AF0440F20400C2F2000065
:10843000027898F88D108A4240F0ED87501E03288C
:1084400001F21F86DFE810F00400050EC80DEC0DE8
:10845000B8F81C00B8F89610884241F01486B8F8B5
:108460002200B8F8AE10884241F00D8698F824003A
:10847000B8F89810814241F00686B8F82800B8F89C
:108480009A10884241F0FF8501F0FBBD42F6E635C7
:10849000C2F2000529780120DFE811F00600B901D9
:1084A0007C018401D801D70198F84000012803D04D
:1084B000022842F0B5801A2042F68041C2F2000143
:1084C0000B8A8A8A5F1CB7FBF2F606FB12774E8A8C
:1084D00040F28802C2F20002B742507202F09E805F
:1084E00017788E69F7540B8A8F8A0133B3FBF7F63E
:1084F00006FB17335E1CB6FBF7F40B8204FB176711
:108500004E8AB74202F08A8057788E69F7540B8AF8
:108510008F8A0133B3FBF7F606FB17335E1CB6FBFD
:10852000F7F40B8204FB17674E8AB74202F076809D
:1085300097788E69F7540B8A8F8A0133B3FBF7F66D
:1085400006FB17335E1CB6FBF7F40B8204FB1767C0
:108550004E8AB74202F06280D7788E69F7540B8A50
:108560008F8A0133B3FBF7F606FB17335E1CB6FBAD
:10857000F7F40B8204FB17674E8AB74202F04E8075
:1085800017798E69F7540B8A8F8A0133B3FBF7F69C
:1085900006FB17335E1CB6FBF7F40B8204FB176770
:1085A0004E8AB74202F03A8057798E69F7540B8AA7
:1085B0008F8A0133B3FBF7F606FB17335E1CB6FB5D
:1085C000F7F40B8204FB17674E8AB74202F026804D
:1085D00097798E69F7540B8A8F8A0133B3FBF7F6CC
:1085E00006FB17335E1CB6FBF7F40B8204FB176720
:1085F0004E8AB74202F01280D7798E69F7540B8AFF
:108600008F8A0133B3FBF7F606FB17335E1CB6FB0C
:10861000F7F40B8204FB17674E8AB74201F0FE871E
:10862000177A8E69F7540B8A8F8A0133B3FBF7F6FA
:1086300006FB17335E1CB6FBF7F40B8204FB1767CF
:108640004E8AB74201F0EA87527A8F69FA540B8A50
:108650008A8A0133B3FBF2F74E7F07FB1237012EF4
:108660000F8201F0DB874B8ABFB2BB4241F0CA8761
:10867000002201F0CFBF42F6D836C2F200063078B1
:10868000DFE810F0080077025602610247027F021D
:108690008B026C02544642F24D2AC2F2000A9AF84A
:1086A000000098F84D20471CD8F8040098F93B10BA
:1086B000012A8AF8007040F0F28498F93A200844C0
:1086C000801A323800F0EFBC3878012800F08E8232
:1086D000002841F01D83D8F8040098F93B1098F960
:1086E0003A200844801A652838BF642040F21401FB
:1086F00000BAC2F20001000C888102200E220CF0A8
:10870000A1FB3878013001F004BB98F82410002256
:10871000C8F8181042F6E031C2F200010A708DE18B
:1087200098F84E00012800F02B83022840F0428385
:1087300045F2120126E398F84E00022800F0288343
:10874000012840F0378398F83F00DAF804710228D6
:108750000CBFB8F83830B8F8903042F6C420C2F2F6
:10876000000045F2080123E398F84E00012800F0CC
:108770003283022840F0778346F203112DE398F804
:108780004E00012800F03383022840F07B8346F23C
:1087900003112EE3DAF8047198F85230504645F28E
:1087A0003C0109E042F6E730C2F20000DAF8047159
:1087B0000378504645F249010222B847012198F852
:1087C0004E0029700E2841F0E98598F83F0098F88E
:1087D0004D10022818BF012941F0F78542F6E33217
:1087E000C2F200021378002B41F0EF8501231370D1
:1087F00042F6E432C2F20002117042F6E531C2F2F2
:1088000000010870002088F83F0001F0DCBD98F8F6
:108810005200002800F0C08442F25C2098F84E100C
:10882000C2F200000288142904BF0132028092B211
:10883000012A08D0142902D1B2F5C87FBED3002185
:10884000018088F852100221B9E71A2042F68041CF
:10885000C2F200010B8A8A8A5F1CB7FBF2F606FBA4
:1088600012774E8A40F28802C2F20002B74250727A
:1088700001F0908517788E69F7540B8A8F8A01333F
:10888000B3FBF7F606FB17335E1CB6FBF7F40B825F
:1088900004FB17674E8AB74201F07C8557788E69D2
:1088A000F7540B8A8F8A0133B3FBF7F606FB1733B5
:1088B0005E1CB6FBF7F40B8204FB17674E8AB742C7
:1088C00001F0688597788E69F7540B8A8F8A013397
:1088D000B3FBF7F606FB17335E1CB6FBF7F40B820F
:1088E00004FB17674E8AB74201F05485D7788E692A
:1088F000F7540B8A8F8A0133B3FBF7F606FB173365
:108900005E1CB6FBF7F40B8204FB17674E8AB74276
:1089100001F0408517798E69F7540B8A8F8A0133ED
:10892000B3FBF7F606FB17335E1CB6FBF7F40B82BE
:1089300004FB17674E8AB74201F02C8557798E6980
:10894000F7540B8A8F8A0133B3FBF7F606FB173314
:108950005E1CB6FBF7F40B8204FB17674E8AB74226
:1089600001F0188597798E69F7540B8A8F8A013345
:10897000B3FBF7F606FB17335E1CB6FBF7F40B826E
:1089800004FB17674E8AB74201F00485D7798E69D8
:10899000F7540B8A8F8A0133B3FBF7F606FB1733C4
:1089A0005E1CB6FBF7F40B8204FB17674E8AB742D6
:1089B00001F0F084177A8E69F7540B8A8F8A01339D
:1089C000B3FBF7F606FB17335E1CB6FBF7F40B821E
:1089D00004FB17674E8AB74201F0DC84527A8F6934
:1089E000FA540B8A8A8A0133B3FBF2F74E7F07FBF6
:1089F0001237012E0F8201F0CD844B8ABFB2BB42E9
:108A000041F0BC84002201F0C1BC12F0FD0F15D171
:108A100001290FD198F84A1001290BD142F6E03113
:108A2000C2F200010978012904D198F858100029F0
:108A300001F07D8398F82410C8F8181042F6E1354B
:108A4000C2F200052978DFE801F004472C352152F5
:108A50005B0042F25821C2F200010A78824240F0E3
:108A60006E8198F83F10032900F0E686002940F057
:108A7000648742F25621C2F200010A78012A41F0CD
:108A8000808100200870042600F058BFDAF80471D5
:108A9000504645F2040102220023B847052600F0A3
:108AA0004DBF012800F0A483022840F0BB8346F2AA
:108AB000F3019FE3022800F0A483012840F03D87E2
:108AC000DAF80471B8F81830504645F20E01022267
:108AD000B847062600F032BFDAF80471504645F276
:108AE0000401022201230226B84700F027BF012813
:108AF00000F08F83022840F0958346F2F3018AE369
:108B0000DAF80471B8F81830504645F20C0100F05C
:108B100012BF98F83F000025002800F08684032843
:108B200000F08284022841F0F282012500F07DBC31
:108B3000DAF80471504645F20501022200230025AF
:108B4000B84701F0E4BA98F83C00DAF80471B0FADA
:108B500080F04309504645F2020119E042F2283004
:108B6000C2F20000DAF804710378504645F20A01B7
:108B70000EE0DAF80471504645F2050102220123A5
:108B800007E0DAF8047198F83E3050464FF4A041FF
:108B90000222B847002501F0BABA42F22830C2F2E8
:108BA0000000DAF804710378504645F20901022208
:108BB000B847072501F0ABBADAF80461504645F230
:108BC000030102220023B047052500F068BC98F895
:108BD0003C0020B1012841F09B80D8F8180040F2F9
:108BE0002201C2F20001487301F08EB898F85000DB
:108BF000002800F09783012841F08A8098F88C00C3
:108C0000032801F28580DFE810F00400720954099E
:108C1000630998F84F000138032801F27980DFE8F2
:108C200010F00400720B5D0B690B98F8BA4001F06C
:108C300066B898F84E00012800F07D83022840F0C5
:108C4000E68346F2C30178E398F84E00022800F06C
:108C50007D83012871D142F6DC30C2F20000DAF8DF
:108C600004610388504645F207010222B0470725F8
:108C700000F015BC98F84100012800F06F8300282F
:108C800040F00C8449F6991549F69A16C3F6D97541
:108C9000C9F699166AE3DAF80461504645F2030111
:108CA000022201230225B04700F0F9BB98F84E00DC
:108CB000012800F06F83022840F0AB8346F2C30125
:108CC0006AE398F84E00022800F06F83012834D13F
:108CD000DAF80461B8F80830504645F2070102227C
:108CE000B0470825DBE398F84100002800F06783CF
:108CF000012840F0D383D8F80800DAF80441B0F531
:108D0000697F80F27A83FBF727FD47F6E1224EF276
:108D10004713CAF61462C3F6CA7361E398F8543075
:108D200098F83F200124002B08BF03240127022AC2
:108D300008BF3C46017000F07ABD0025B1E3421E39
:108D4000012A01F24E8098F83F20032A01F03D806D
:108D5000002A41F046800122A8F8582042F2592208
:108D6000C2F2000201F03BB898F88D30DAF80471D5
:108D7000504645F254010222B847002001F09CB948
:108D800045F20801DAF80471B8F8283050460FE0CF
:108D900098F83F00DAF8047102280CBFB8F83830B0
:108DA000B8F8903042F6C420C2F2000045F2120139
:108DB0000222B847002400F03ABD98F8410001288B
:108DC00000F05985002840F06F85DAF80471B8F892
:108DD000A83000F054BD46F23301DAF80471504671
:108DE00002224FF6FF73B847042400F020BD46F27C
:108DF0003301DAF804715046022244F2507302241F
:108E0000B84700F014BDDAF80471B8F89A3050464B
:108E100045F217010222B847052001F04DB9DAF8F2
:108E20000471B8F8AA30504645F21F010222B84733
:108E30000D2001F041B9DAF80471B8F8A4305046B9
:108E400045F21C010222B8470A2001F035B998F812
:108E50004100002800F01B85012840F0418508F101
:108E6000AE0000F016BD042400F0E1BCDAF8047195
:108E7000B8F89830504645F216010222B84704204F
:108E800001F01AB9022400F0D2BCDAF80471B8F883
:108E9000A030504645F21A010222B847082001F0DE
:108EA0000BB998F84100012800F00185002840F036
:108EB0001A85DAF80471B8F89C3000F0FCBCDAF8D6
:108EC0000471B8F8AC30504645F220010222B84790
:108ED0000E2001F0F1B8DAF80471B8F89E3050466F
:108EE00045F219010222B847072001F0E5B8DAF887
:108EF0000471B8F8A630504645F21D010222B84769
:108F00000B2001F0D9B898F84100002800F0DB846C
:108F1000012840F0EB8408F1B20000F0D6BCDAF88A
:108F20000471B8F83630504645F2340100F003BD04
:108F300042F25E20C2F2000040F240010078C2F22C
:108F400000010026887102200922A1F807600BF0B9
:108F500079FF00F0F3BCDAF8047198F8433050461A
:108F600045F2300100F0E7BCDAF8047198F84C30B3
:108F7000504645F2380100F0DEBCDAF8047198F88A
:108F80004A30504645F2450100F0D5BCDAF804718C
:108F900098F84130504645F22E0100F0CCBCDAF88A
:108FA000047198F84D30504645F23E0100F0C3BCC4
:108FB000DAF8047198F84230504645F22F0100F07B
:108FC000BABCDAF8047198F84630504645F23201DE
:108FD00000F0B1BC98F8400098F84D10012808BF87
:108FE000012900F08984012808BF002900F0B88613
:108FF000022840F0BD86022300F0B3BEDAF8047107
:1090000098F84430504645F2310100F094BC98F88D
:109010004100012800F07284002840F09484DAF8BE
:109020000471B8F8323000F078BCDAF8047198F8BE
:109030004530504645F2440100F07DBC42F6EE302A
:10904000C2F20000007840F2940142F6EC320028AF
:1090500018BF0520C2F20001C2F2000212780872A5
:1090600042F6EA30C2F20000002A18BF042200785B
:10907000CA718871022009220BF0E4FE0B2600F071
:109080005DBC98F84100012800F04E84002840F0B3
:109090005484DAF80471B8F81C3000F049BC98F92F
:1090A0003A200844801A98F84010012913D198F802
:1090B0003F10032909D098F83D10002900F03186AF
:1090C00098F84A10002900F02C86002042F228313E
:1090D000C2F20001087040F23700C2F200000278CC
:1090E00098F83C10CB4642F249298A42C2F2000964
:1090F0004ED140F23800C2F20000027898F83F10DA
:109100008A4240F09B8140F23600C2F200000278B1
:1091100098F83E108A4240F0208642F24A20C2F27D
:109120000000027899F800108A4240F0B28642F2BC
:109130004B2042F22831C2F20000C2F20001027854
:109140000B789A4241F0168042F24C20C2F20000A5
:109150000578D8F86000FBF71DFB46F669514843D7
:10916000000E85424FF0000500F09886F9B21029F4
:10917000C0F0948698F84E108AF80050012940F00B
:109180008D8642F24C21C2F20001087001F001B854
:109190000170032500F082BE42F6E730C2F2000003
:1091A0000178012940F04E8142F25C22C2F20002B5
:1091B00011884B1C9FB200294FF0010108BF032109
:1091C000C82F1380FFF4FBAA002111800170032136
:1091D000FFF7F5BA4A1E012A40F256815DE10324E9
:1091E000022908BF0124002918BF012101701EE3D4
:1091F00046F26301DAF804715046022243F67F43D7
:109200000FE0DAF80471B8F81830504645F2110151
:1092100091E346F26301DAF80471504602224FF6F8
:10922000FF73B847032689E398F88C00032800F2FF
:109230007580DFE810F004001006EC05FE0598F8D4
:109240004F000138032869D8DFE810F004002F0828
:1092500005081D08DAF80471B8F8BA3058E0DAF8F1
:109260000471504646F2930102224FF6FF73B8474D
:109270000B20287098F85000002800F0F780012893
:109280004BD1DAF80471B8F89230504645F24101FA
:1092900041E0DAF8047198F84F30504645F2430146
:1092A0000222B847042639E0DAF80471504646F243
:1092B0009301022244F25073B8470B262EE0DAF8ED
:1092C000047198F85030504645F242010222B847E6
:1092D00098F850000A26012808BF09261EE0DAF88F
:1092E0000471B8F80830504645F23F0113E0D8F851
:1092F000081098F83C0098F82730DAF80471B8F8AC
:1093000018204529D8BF1346012818BF13469BB221
:10931000504645F240010222B84700262E70002038
:1093200001F056B8D8F804004728C0F0DF8498F858
:10933000274000F0E4BC46F20301DAF8046150462D
:1093400002224FF66043B0470325A8E042F6DC3026
:10935000C2F20000DAF8046103882AE04EF24715F1
:1093600047F6E126C3F6CA75CAF6146642F6DC3043
:10937000C2F200000088DAF80441FBF7FEF9024669
:109380000B4630462946FAF7B6FFFBF730FA03469C
:1093900050462EE046F20301DAF8046150460222FC
:1093A0004FF6FF73B047062579E0DAF80461B8F8A4
:1093B0000830504645F210010222B0476EE0D8F85E
:1093C0000800DAF80441B0F5FA7F16DAFBF7C4F9C1
:1093D00049F69A1249F69913C9F69912C3F6D97348
:1093E000FAF789FFFBF703FA034642F6C420C2F2FC
:1093F000000045F20B01022207E042F6C420C2F24F
:10940000000045F20B010222C823A04746E00325D5
:1094100047E0062545E001700E2000F037BE0170E0
:109420001A70012600F08EBF0225DAF8047150464A
:1094300045F2010102222B46FFF7ABBB0170042568
:1094400000F02CBD98F84E0098F84010282808BF6E
:10945000012900F0CF8402294FF0010108BF052146
:109460000122282818BF1146FFF7A9B9DAF80471BC
:10947000504645F24101022200230026B8474DE73D
:10948000013A012A09D841B90122A8F8562042F22E
:109490004F22C2F20002002313700170002598F8D9
:1094A0004E001A283D7000F2B781012101FA00F048
:1094B0000621C0F20041084200F0AE8198F8414018
:1094C00024B1012C0AD108F1220001E008F11C00AE
:1094D000008842F6DC31C2F200010880D8F804703E
:1094E00098F93B0098F93A103844401AFBF72FF9E5
:1094F000002198F84D6098F84090CCF2482105463C
:10950000FBF724F8B9F1010F18BF2846012E18BF48
:109510002846012C63D0002C40F07E81FBF73AF9FD
:109520000546C8F8080098F83D0098F84A2080F0F1
:10953000010082F0010298F83F101043B0FA80F069
:109540004009033918BF012100EA010640F29303E4
:10955000012EC2F2000340F0B28042F6DA30C2F2CD
:1095600000000C960078464642F6DB38C2F200084E
:109570001C78002818BF3F1B98F80000B760013026
:1095800088F80000C0B2FBF7F8F88246B08B8B4633
:10959000FBF7F3F849F69A1249F69913C9F69912AE
:1095A000C3F6C973FAF7A7FE52465B46FBF790F87D
:1095B000002840F0BC80002088F80000012C88BF03
:1095C000A01E42F6401842F6C42A0C9E40F29303B5
:1095D000C2F20008C2F2000AC2F2000387E046F2BB
:1095E0006761C3F6E671FBF709F84FF08441FAF7BB
:1095F000ADFFFBF7CFF8054698F83D0098F84A20F4
:1096000080F0010082F0010298F83F101043B0FA98
:1096100080F04009033918BF012100EA010BBBF1BA
:10962000010FC8F8085064D14CF6CD4107EBC700D4
:10963000CCF6CC41A0FB010142F6DA30C2F20000C8
:10964000007840F2930342F6DB368A08C2F2000348
:10965000C2F20006474693F80080002818BFC8EB06
:109660009102307802F1200401303070C0B2BC6049
:10967000FBF783F88246B88B0F46FBF77EF849F676
:109680009A1249F69913C9F69912C3F6B973FAF703
:1096900032FE52463B46FBF71BF8002879D10020EA
:1096A0003070B8F1050F88BFA8F1060042F64018E7
:1096B00042F6C42AC2F20008C2F2000A31E042F6C1
:1096C000D930C2F2000001780131CAB20B2A017010
:1096D00005D342F6DA30C2F200000121017042F6F1
:1096E000DB30C2F200000021017032202F461870DA
:1096F00026E042F6D930C2F2000001780131CAB248
:109700000B2A017005D342F6DA30C2F200000121C3
:10971000017042F6DB30C2F20000002101705A20D5
:109720002C4640F29301C2F20001087039E042F683
:10973000401842F6C42A0C9EC2F20008C2F2000A87
:10974000B9F1020F04BFC8F808502F46B8F89400CA
:109750008742BCBFC8F808000746B9F1010F5BD1CA
:1097600098F84300012857D1B8F81C00002200F1F6
:1097700014018F424FF0000128BF0121A0F1140312
:109780009F42D8BF01221143314308BFC8F80800E7
:1097900042E042F6401842F6C42AC2F20008C2F281
:1097A000000AB8F8940043F2343100EBC000C3F271
:1097B0003331A0FB010101F12000B9F1020F08BF14
:1097C0002C4684420146C8BF2146B9F1020F04D09D
:1097D0008442B8BFC8F8081001E0C8F80810B9F111
:1097E000010F19D198F84300012815D1B8F82200CB
:1097F000002300F1240291424FF00002A0F124075F
:1098000028BF0122B942D8BF012342EA030151EA2D
:109810000B0101D1C8F8080040F2B709C2F20009F3
:1098200000F0D3BD0124002808BF0324087099F874
:1098300000002C7000F0CBBD42F25620C2F20000B6
:109840000178002900F0CF8242F25720C2F20000D6
:10985000027898F826108A426FD040F23E02C2F297
:1098600000021388013B1F04138066D10823138074
:109870000170032662E0DAF80471B8F8B43050469B
:1098800045F21E010222B8470C2000F015BC08F179
:109890009600DAF804710388504645F21501022259
:1098A000B847032000F008BC0C2000F005BCDAF833
:1098B0000471B8F8B030504645F218010222B8479A
:1098C000062000F0F9BB08F1A200DAF80471038861
:1098D000504645F21B010222B847092000F0ECBBBC
:1098E000032000F0E9BB062000F0E6BB092000F0F1
:1098F000E3BB3E70022611E5002332E2B8F83200E5
:1099000043F2343100EBC000C3F23331A0FB01015C
:10991000DAF8047101F1200083B2504645F23301B8
:109920000222B8470E2609E0DAF80471B8F82230AE
:10993000504645F235010222B847002699F800004A
:109940002E7000F044BD0E26F8E798F8410001287B
:1099500000F0F482002840F0D883DAF80471B8F8F7
:109960003A31BDE398F84100012800F0EC8200286C
:1099700040F0CB83DAF80471B8F82A3128E3DAF83A
:109980000471B8F846317CE1DAF80471B8F8203196
:1099900077E1DAF80471B8F82231504645F22D012A
:1099A0000222B84798F85250002D18BF2525AEE383
:1099B000DAF80471B8F80A3146E198F84100012854
:1099C00000F0C682002840F0A083DAF80471B8F8ED
:1099D0001C3195E398F84100012800F0BE82002870
:1099E00040F09383DAF80471B8F8E63080E3DAF8EF
:1099F0000471B8F83E310AE1DAF80471B8F8E230DF
:109A000061E1DAF80471B8F81A3108E1DAF80471A2
:109A1000B8F84831504645F22D01FFF7B9B8DAF8E9
:109A20000471B8F8D230504645F22C010222B847F2
:109A30000C256CE398F84100012800F0938200287F
:109A400040F0BB82DAF80471B8F8BE308EE298F8C4
:109A50004100012800F09182002840F05683DAF896
:109A60000471B8F8323143E3DAF80471B8F8D4304D
:109A7000504645F22D010222B84798F85250002D69
:109A800018BF0D2543E3DAF80471B8F8CC3050461E
:109A900045F22A010222B8470A2538E398F8410026
:109AA000012800F06F82002840F02F83DAF804715B
:109AB000B8F804318CE2DAF80471B8F8FC3050469A
:109AC00045F22D010222B84798F85250002D18BFD8
:109AD00019251CE3DAF80471B8F8BA30504645F29B
:109AE00023010222B847032511E3DAF80471B8F81C
:109AF000E430A9E0DAF80471B8F8BC30504645F219
:109B000024010222B847042501E398F84100012806
:109B100000F03D82002840F0D482DAF80471B8F8F1
:109B2000C63038E298F84100012800F03B82002856
:109B300040F0C982DAF80471B8F8B63036E298F825
:109B40004100012800F03B82002840F0DE82DAF874
:109B50000471B8F81431C3E2DAF80471B8F8EA30E5
:109B6000A4E0DAF80471B8F836319FE0DAF804714D
:109B7000B8F8F2304BE0DAF80471B8F8C230504669
:109B800045F226010222B8470625C0E2DAF8047140
:109B9000B8F8F43043E098F84100012800F014824E
:109BA000002840F0B282DAF80471B8F8DE300FE233
:109BB000DAF80471B8F8C430504645F22701FEF7D0
:109BC000F6BFDAF80471B8F8EC3052E098F84100CA
:109BD000012800F01A82002840F07782DAF8047138
:109BE000B8F8CE3015E2DAF80471B8F8CA30504649
:109BF00045F229010222B847092588E2DAF8047102
:109C0000B8F8123135E0DAF80471B8F81831504676
:109C100045F2290177E2DAF80471B8F8403150468C
:109C200045F22A016FE298F84100012800F04F82C6
:109C3000002840F06A82DAF80471B8F8F6305FE282
:109C4000DAF80471B8F83031504645F224015AE28E
:109C500098F84100012800F03F82002840F055822A
:109C6000DAF80471B8F8EE303AE2DAF80471B8F8CC
:109C70003831504645F2270145E2DAF80471B8F868
:109C8000FA30504645F22C013DE298F84100012897
:109C900000F02A82002840F03882DAF80471B8F81F
:109CA0000C3125E2DAF80471B8F81031504645F26B
:109CB000260128E2DAF80471B8F82E3103E0DAF868
:109CC0000471B8F80831504645F223011BE298F8B8
:109CD0004100012800F01082002840F01682DAF8D6
:109CE0000471B8F842310BE2042071E3DAF8046140
:109CF000504645F24001022200230024B04740F2C2
:109D00002201C2F200014C7302200E220BF09AF8DD
:109D1000002099F800103870481C59E301700226A1
:109D200010E3B8F81C2001B202F164038B42A2F1E7
:109D30006403C0F2A5808B4200F3A280831A914293
:109D4000B8BF131A42F22830C2F2000091420370E9
:109D50007FF4C1A90120FFF7B9B9017005259DE085
:109D60000123DAF80471504645F214010222B84783
:109D70000F26E3E50125002A08BF04250270FFF73E
:109D80008EBB42F25921C2F200010B7898F858209C
:109D9000934240F0C081002A00F0FD8198F8242011
:109DA00098F82530934200F0F68140F23E00C2F26E
:109DB0000000018801390B0401807FF4BEAD082149
:109DC000018088F825200326B8E542F25622C2F227
:109DD00000020023137042F25722C2F20002002355
:109DE00013700870A9E501260670A7E53E700326EA
:109DF000FFF794BA0420D0E2B8F8280081423EF47C
:109E0000D9AFB8F890000424A8F82A000FE598F814
:109E10004F00013803283FF681AADFE810F0040064
:109E200022020A021002DAF80471B8F80831FFF7CA
:109E30006FBA98F84F00013803283FF66FAADFE8A1
:109E400010F00400280204021C02DAF80471B8F8C9
:109E50002E31FFF75DBA98F84F00013803283FF61E
:109E60005DAADFE810F00400280204021C02DAF800
:109E70000471B8F8E230FFF74BBA0170032661E2D3
:109E800064209142CCBF00208B423FF71FA9FFF70F
:109E900022B90225002918BF01250170D8F8140045
:109EA0000021632888BF012189F80010A246D94605
:109EB0002DE198F84F00013803283FF629AFDFE87D
:109EC00010F0040010020402070298F8084116E797
:109ED00098F84F00013803283FF61AAFDFE810F07A
:109EE00004000D02FB01070298F82E4107E798F8DD
:109EF0004F00013803283FF60BAFDFE810F00400F5
:109F00000702F501010298F8E240F8E6002900F0A6
:109F1000158140F23A01C2F200010A88013A1304A5
:109F20000A807FF4BBAA08220A80B8F82210A8F899
:109F30001E00A8F820100325FFF7B1BADAF8047163
:109F4000B8F83C31CCE0DAF80471B8F82C313FE0D5
:109F5000DAF80471B8F81E31D2E0DAF80471B8F812
:109F6000E830C5E0DAF80471B8F8C030504645F280
:109F700025010222B8470525C9E0DAF80471B8F8CE
:109F80003431B5E0DAF80471B8F8063120E0DAF8D7
:109F90000471B8F8C830504645F228010222B8478B
:109FA0000825B4E0DAF80471B8F8B830504645F244
:109FB000220102220225B847A9E00525A7E0DAF828
:109FC0000471B8F816318BE0DAF80471B8F8E030B3
:109FD000504645F2220196E0B8F81C00B8F8A210ED
:109FE000884250D1B8F82200B8F8B21088424AD15D
:109FF00098F82400B8F8A410814244D1B8F8280099
:10A00000B8F8A61088423CD03DE0DAF80471B8F800
:10A01000D030504645F22B010222B8470B2576E09E
:10A02000B8F81C00B8F8A81088422CD1B8F8220063
:10A03000B8F8B410884226D198F82400B8F8AA10CD
:10A04000814220D1B8F82800B8F8AC10884218D066
:10A0500019E0B8F81C00B8F89C10884213D1B8F881
:10A060002200B8F8B01088420DD198F82400B8F852
:10A070009E10814207D1B8F82800B8F8A010884295
:10A0800001D1002002E0002088F88D0040F2050197
:10A09000C2F200010B7898F8412093421CBF0A706D
:10A0A000022042F20821C2F200010B7898F85220F7
:10A0B00093421CBF0A70022099F800102870481CB7
:10A0C00086E1082523E0022521E00B251FE0DAF8D0
:10A0D0000471B8F8F83013E0DAF80471B8F8F03029
:10A0E000504645F228010EE0DAF80471B8F80E3156
:10A0F000504645F2250106E0DAF80471B8F844311B
:10A10000504645F22B010222B8473078451C99F899
:10A11000000035705BE10126002A08BF04260A70A2
:10A12000FFF70CBCB0B238800B26FFF7F7B898F8F1
:10A130002710FEF781BC0170042603E142F2522091
:10A14000C2F200000178D8F808204B1C42F25021DE
:10A15000C2F200010E880025B24203703FF49FA9AD
:10A16000DBB20A2BFFF49BA9002303700A800625AB
:10A17000FFF795B9FAB2102A4FF00005FFF48EAE42
:10A1800098F84E208AF80050012A7FF487AE0978AB
:10A190000170062582E642F25A22C2F200021778C6
:10A1A00098F827309F4240F08C8040F23C02C2F287
:10A1B0000002177898F83C309F4240F0B38040F29C
:10A1C0003D02C2F20002177898F83D3044469F42A3
:10A1D00009D00138012805D823B90120A4F8580076
:10A1E0000020087013700026A046FFF7A7BBD0B26E
:10A1F0000A284FF00006FFF491A800297FF48EA8EA
:10A2000042F24420C2F200000388D8F8181098F8EF
:10A210002720994242F23E234446C2F2000378D1FD
:10A220001F88974275D1A046FFF778B801700926BC
:10A2300088E0DAF80471B8F81831FFF769B8DAF88D
:10A240000471B8F82031FFF763B8DAF80471B8F890
:10A250003E31FFF75DB8DAF80471B8F8CA30FFF79D
:10A2600057B8DAF80471B8F81031FFF751B8DAF8D6
:10A270000471B8F8F230FFF74BB8DAF80471B8F8A7
:10A280004631FFF745B8DAF80471B8F8D230FFF775
:10A290003FB8DAF80471B8F83631FFF739B8DAF8B0
:10A2A0000471B8F8FA30FFF733B8DAF80471B8F887
:10A2B000C230FFF72DB8DAF80471B8F8EA30FFF7CA
:10A2C00027B813700326FFF739BB98F8184116E535
:10A2D00098F8204113E598F83E4110E598F8CA40F7
:10A2E0000DE598F810410AE598F8F24007E598F86E
:10A2F000464104E598F8D24001E598F83641FEE47D
:10A3000098F8FA40FBE498F8C240F8E498F8EA407C
:10A31000F5E401801A800726A046FEF7FFBF017012
:10A3200005260FE00026002B08BF03261370FFF759
:10A3300005BB0170062604E00170072601E00170EC
:10A340000C26984642F20920C2F20000027898F8E2
:10A350004E108A423FF4F2AA0C290BD00E2905D0E8
:10A36000132908D10A260170FFF7E8BA0826017000
:10A37000FFF7E4BA0D260170FFF7E0BA5F1CB7FBE8
:10A38000F2F68C6906FB1277E25C4F820B6A5A6028
:10A3900001224A7788F84E000120287042F6E33007
:10A3A000C2F20000017801290FD10021017042F6AC
:10A3B000E530C2F20000017842F6E430C2F200005B
:10A3C000007888F83F1088F84D0099F800000130B7
:10A3D00089F8000040F2B600C2F2000000780028C0
:10A3E00040F00981B8F81C0043F2343700EBC0009C
:10A3F000C3F23337A0FB0702B8F832000C9200EB2F
:10A40000C000A0FB0702B8F896000B9200EBC0005A
:10A41000A0FB0702B8F89C000A9200EBC000A0FB6A
:10A420000702B8F8A200099200EBC000A0FB0702E7
:10A43000B8F8A800089200EBC000A0FB0702B8F82B
:10A44000B600079200EBC000A0FB0702B8F8BE0000
:10A45000069200EBC000A0FB0702B8F8C600059208
:10A4600000EBC000A0FB0702B8F8CE00049200EB9E
:10A47000C000A0FB0702B8F8DE00039200EBC000AA
:10A48000A0FB0702B8F8E600029200EBC000A0FBB8
:10A490000702B8F8EE00019200EBC000A0FB070B2A
:10A4A000B8F8F60000EBC000A0FB0709B8F80401FB
:10A4B00000EBC000A0FB0706B8F80C0100EBC000E1
:10A4C000A0FB0705B8F8140100EBC000A0FB0704CF
:10A4D000B8F81C0100EBC000A0FB070EB8F82A0179
:10A4E00000EBC000A0FB070CB8F8320100EBC00085
:10A4F000A0FB0703B8F83A0100EBC000A0FB07027D
:10A50000B8F8420100EBC000A0FB077142F6EA3048
:10A51000C2F200000127077042F6EC30C2F20000E0
:10A52000077042F6EE30C2F20000077042F25E2081
:10A53000C2F2000007700C982030A8F822000B9897
:10A540002030A8F834000A982030A8F8AE00099806
:10A550002030A8F8B00008982030A8F8B20007987A
:10A560002030A8F8B40006982030A8F8B800059864
:10A570002030A8F8C00004982030A8F8C80003983C
:10A580002030A8F8D00002982030A8F8E000019808
:10A590002030A8F8E8000BF12000A8F8F00009F13D
:10A5A0002000A8F8F80006F12000A8F8060105F13F
:10A5B0002000A8F80E0104F12000A8F816010EF101
:10A5C0002000A8F81E010CF12000A8F82C0103F1CE
:10A5D0002000A8F8340102F12000A8F83C0101F1A4
:10A5E0002000A8F84401002088F88D0040F2B60051
:10A5F000C2F200000770DAF8081150460DB0BDE84D
:10A60000F04F08475F1CB7FBF2F68C6906FB127728
:10A61000E25C4F820B6A5A6001224A7788F84E004A
:10A6200042F6EE30C2F20000007840F2940142F6A9
:10A63000EC32002818BF0520C2F20001C2F200026D
:10A640001378087242F68040C2F20000002B18BF57
:10A650000423028A878A561CB6FBF7F4CB7104FBED
:10A66000176342F6EA37C2F20007468A3F78B342E0
:10A670008F713EF4A3A80B788769BB54028A838A42
:10A680000132B2FBF3F707FB1322571CB7FBF3F6BB
:10A69000028206FB1373478ABB423EF48FA84B78B5
:10A6A0008769BB54028A838A0132B2FBF3F707FB46
:10A6B0001322571CB7FBF3F6028206FB1373478A7B
:10A6C000BB423EF47BA88B788769BB54028A838A9D
:10A6D0000132B2FBF3F707FB1322571CB7FBF3F66B
:10A6E000028206FB1373478ABB423EF467A8CB780D
:10A6F0008769BB54028A838A0132B2FBF3F707FBF6
:10A700001322571CB7FBF3F6028206FB1373478A2A
:10A71000BB423EF453A80B798769BB54028A838AF3
:10A720000132B2FBF3F707FB1322571CB7FBF3F61A
:10A73000028206FB1373478ABB423EF43FA84B7963
:10A740008769BB54028A838A0132B2FBF3F707FBA5
:10A750001322571CB7FBF3F6028206FB1373478ADA
:10A76000BB423EF42BA88B798769BB54028A838A4B
:10A770000132B2FBF3F707FB1322571CB7FBF3F6CA
:10A78000028206FB1373478ABB423EF417A8CB79BB
:10A790008769BB54028A838A0132B2FBF3F707FB55
:10A7A0001322571CB7FBF3F6028206FB1373478A8A
:10A7B000BB423EF403A8097A83699954028A818ACC
:10A7C0000132B2FBF1F3477F03FB1123012F038218
:10A7D0003DF4F4AF428A9BB29A4201D1002107E0D6
:10A7E000531CB3FBF1F7866907FB1133B15C43825D
:10A7F000026A516001214177FDF7E1BF42F23D213C
:10A80000C2F200010878002843F20000C4F2000000
:10A8100004D101220A704CF6CC4101604AF6AA210B
:10A820000160704742F20C02C4F20202536843F026
:10A830000103536001801068C00708D11068400709
:10A8400058BF1068506820F0010050607047002029
:10A85000CFF6F0701168C9071CBF11685FEAC171BB
:10A86000ECD01168C9071CBF11685FEAC171E5D05F
:10A870001168C9071CBF11685FEAC171DED0116899
:10A88000C9071CBF11685FEAC171D7D01168C90739
:10A890001CBF11685FEAC171D0D01168C9071CBF25
:10A8A00011685FEAC171C9D01168C9071CBF11687E
:10A8B0005FEAC171C2D01168C9071CBF11685FEAA5
:10A8C000C171BBD01030C5D1BCE7000042F20C0111
:10A8D000C4F202014A6842F002024A608860486895
:10A8E00040F0400048600868C00708D10868400789
:10A8F00058BF0868486820F00200486070474FF071
:10A9000040400A68D2071CBF0A685FEAC272EDD0F5
:10A910000A68D2071CBF0A685FEAC272E6D00A68FA
:10A92000D2071CBF0A685FEAC272DFD00A68D2078A
:10A930001CBF0A685FEAC272D8D00A68D2071CBF7F
:10A940000A685FEAC272D1D00A68D2071CBF0A68DF
:10A950005FEAC272CAD00A68D2071CBF0A685FEAFF
:10A96000C272C3D00A68D2071CBF0A685FEAC2720B
:10A97000BCD01030C5D1BDE72DE9F04FE3B042F6B1
:10A980004018C2F2000898F8550010B163B0BDE855
:10A99000F08F40F29B17C2F2000738780328F5D8F1
:10A9A000DFE810F00400DC070F00B20740F2BC0043
:10A9B000C2F200000078002801F05C84012001F060
:10A9C00055BC40F2BD00C2F2000000784FF20143D6
:10A9D000C0F6010310F0010103F105004FF601423A
:10A9E00003F10707C0F6010208BF501D08BFD71DBD
:10A9F00003F10906002903F10B0508BF02F109065E
:10AA000008BF02F10B0503F1D109002903F10D0B79
:10AA100003F10F0A03F1110408BF02F1D10908BFC5
:10AA200002F10D0B002908BF02F10F0A08BF02F165
:10AA30001104009403F11304002908BF02F1130468
:10AA4000019403F1150408BF02F11504029403F107
:10AA50001704002908BF02F11704039403F1190435
:10AA600008BF02F11904049403F11B04002908BF74
:10AA700002F11B04059403F11D0408BF02F11D043B
:10AA8000069403F11F04002908BF02F11F04079474
:10AA900003F1210408BF02F12104089403F1230407
:10AAA000002908BF02F12304099403F1250408BF1B
:10AAB00002F125040A9403F12704002908BF02F1DA
:10AAC00027040B9403F1290408BF02F129040C9414
:10AAD00003F12B04002908BF02F12B040D9403F1AC
:10AAE0002D0408BF02F12D040E9403F12F04002958
:10AAF00008BF02F12F040F9403F1310408BF02F1E3
:10AB00003104109403F13304002908BF02F1330427
:10AB1000119403F1350408BF02F13504129403F1D6
:10AB20003704002908BF02F13704139403F13904F4
:10AB300008BF02F13904149403F13B04002908BF53
:10AB400002F13B04159403F13D0408BF02F13D04FA
:10AB5000169403F13F04002908BF02F13F04179443
:10AB600003F1410408BF02F14104189403F14304C6
:10AB7000002908BF02F14304199403F1450408BFFA
:10AB800002F145041A9403F14704002908BF02F1B9
:10AB900047041B9403F1490408BF02F149041C94C3
:10ABA00003F14B04002908BF02F14B041D9403F18B
:10ABB0004D0408BF02F14D041E9403F14F04002917
:10ABC00008BF02F14F041F9403F1510408BF02F1C2
:10ABD0005104209403F15304002908BF02F15304E7
:10ABE000219403F1550408BF02F15504229403F1A6
:10ABF0005704002908BF02F15704239403F15904B4
:10AC000008BF02F15904249403F15B04002908BF32
:10AC100002F15B04259403F15D0408BF02F15D04B9
:10AC2000269403F15F04002908BF02F15F04279412
:10AC300003F1610408BF02F16104289403F1630485
:10AC4000002908BF02F16304299403F1650408BFD9
:10AC500002F165042A9403F16704002908BF02F198
:10AC600067042B9403F1690408BF02F169042C9472
:10AC700003F16B04002908BF02F16B042D9403F16A
:10AC80006D0408BF02F16D042E9403F16F040029D6
:10AC900008BF02F16F042F9403F1710408BF02F1A1
:10ACA0007104309403F17304002908BF02F17304A6
:10ACB000319403F1750408BF02F17504329403F175
:10ACC0007704002908BF02F17704339403F1790473
:10ACD00008BF02F17904349403F17B04002908BF12
:10ACE00002F17B04359403F17D0408BF02F17D0479
:10ACF000369403F17F04002908BF02F17F043794E2
:10AD000003F1810408BF02F18104389403F1830444
:10AD1000002908BF02F18304399403F1850408BFB8
:10AD200002F185043A9403F18704002908BF02F177
:10AD300087043B9403F1890408BF02F189043C9421
:10AD400003F18B04002908BF02F18B043D9403F149
:10AD50008D0408BF02F18D043E9403F18F04002995
:10AD600008BF02F18F043F9403F1910408BF02F180
:10AD70009104409403F19304002908BF02F1930465
:10AD8000419403F1950408BF02F19504429403F144
:10AD90009704002908BF02F19704439403F1990432
:10ADA00008BF02F19904449403F19B04002908BFF1
:10ADB00002F19B04459403F19D0408BF02F19D0438
:10ADC000469403F19F04002908BF02F19F044794B1
:10ADD00003F1A10408BF02F1A104489403F1A30404
:10ADE000002908BF02F1A304499403F1A50408BF98
:10ADF00002F1A5044A9403F1A704002908BF02F157
:10AE0000A7044B9403F1A90408BF02F1A9044C94D0
:10AE100003F1AB04002908BF02F1AB044D9403F128
:10AE2000AD0408BF02F1AD044E9403F1AF04002954
:10AE300008BF02F1AF044F9403F1B10408BF02F15F
:10AE4000B104509403F1B304002908BF02F1B30424
:10AE5000519403F1B50408BF02F1B504529403F113
:10AE6000B704002908BF02F1B704539403F1B904F1
:10AE700008BF02F1B904549403F1BB04002908BFD0
:10AE800002F1BB04559403F1BD0408BF02F1BD04F7
:10AE9000569403F1BF04002908BF02F1BF04579480
:10AEA00003F1C10408BF02F1C104589403F1C304C3
:10AEB000002908BF02F1C304599403F1C50408BF77
:10AEC00002F1C5045A9403F1C704002908BF02F136
:10AED000C7045B9403F1C90408BF02F1C9045C9480
:10AEE00003F1CB04002908BF02F1CB045D9403F108
:10AEF000CD0408BF02F1CD045E9403F1CF04002914
:10AF000008BF02F1CF045F9403F1D50408BF02F13A
:10AF1000D504002998F93A10609403F1D70489B256
:10AF200008BF02F1D704FFF77DFCB8F832103846AD
:10AF3000FFF778FCB8F836103046FFF773FCB8F826
:10AF400028102846FFF76EFC98F840104846FFF797
:10AF500069FC98F841105846FFF764FC98F84210D5
:10AF60005046FFF75FFC98F843100098FFF75AFC33
:10AF700098F844100198FFF755FC98F8451002988E
:10AF8000FFF750FC98F846100398FFF74BFC98F831
:10AF900048100498FFF746FC98F849100598FFF709
:10AFA00041FC98F84B100698FFF73CFC98F84D10C0
:10AFB0000798FFF737FC98F84C100898FFF732FC19
:10AFC000B8F896100998FFF72DFCB8F898100A9871
:10AFD000FFF728FCB8F89A100B98FFF723FCB8F895
:10AFE0009C100C98FFF71EFCB8F89E100D98FFF708
:10AFF00019FCB8F8A0100E98FFF714FCB8F8A210CE
:10B000000F98FFF70FFCB8F8A4101098FFF70AFC90
:10B01000B8F8A6101198FFF705FCB8F8A810129818
:10B02000FFF700FCB8F8AA101398FFF7FBFBB8F87D
:10B03000AC101498FFF7F6FBB8F8B6101598FFF7A8
:10B04000F1FBB8F8BA101698FFF7ECFBB8F8BC1093
:10B050001798FFF7E7FBB8F8BE101898FFF7E2FB68
:10B06000B8F8C2101998FFF7DDFBB8F8C4101A98A9
:10B07000FFF7D8FBB8F8C6101B98FFF7D3FBB8F85A
:10B08000CA101C98FFF7CEFBB8F8CC101D98FFF73C
:10B09000C9FBB8F8CE101E98FFF7C4FBB8F8D21061
:10B0A0001F98FFF7BFFBB8F8D4102098FFF7BAFB42
:10B0B000B8F8D6102198FFF7B5FBB8F8DA10229847
:10B0C000FFF7B0FBB8F8DC102398FFF7ABFBB8F83C
:10B0D000DE102498FFF7A6FBB8F8E2102598FFF7DA
:10B0E000A1FBB8F8E4102698FFF79CFBB8F8E6102F
:10B0F0002798FFF797FBB8F8EA102898FFF792FB1C
:10B10000B8F8EC102998FFF78DFBB8F8EE102A98E4
:10B11000FFF788FBB8F8F2102B98FFF783FBB8F81D
:10B12000F4102C98FFF77EFBB8F8F6102D98FFF777
:10B1300079FBB8F8FA102E98FFF774FBB8F8FC10FA
:10B140002F98FFF76FFBB8F8FE103098FFF76AFBF7
:10B15000B8F800113198FFF765FBB8F80211329882
:10B16000FFF760FBB8F804113398FFF75BFBB8F802
:10B1700008113498FFF756FBB8F80A113598FFF715
:10B1800051FBB8F80C113698FFF74CFBB8F81011CA
:10B190003798FFF747FBB8F812113898FFF742FBD2
:10B1A000B8F814113998FFF73DFBB8F818113A9820
:10B1B000FFF738FBB8F81A113B98FFF733FBB8F8E4
:10B1C0001C113C98FFF72EFBB8F820113D98FFF7B3
:10B1D00029FBB8F822113E98FFF724FBB8F8241198
:10B1E0003F98FFF71FFBB8F826114098FFF71AFBAE
:10B1F000B8F828114198FFF715FBB8F82A114298C2
:10B20000FFF710FBB8F82E114398FFF70BFBB8F8C7
:10B2100030114498FFF706FBB8F832114598FFF754
:10B2200001FBB8F836114698FFF7FCFAB8F8381168
:10B230004798FFF7F7FAB8F83A114898FFF7F2FA8B
:10B24000B8F83E114998FFF7EDFAB8F840114A985E
:10B25000FFF7E8FAB8F842114B98FFF7E3FAB8F8AD
:10B2600046114C98FFF7DEFAB8F848114D98FFF7F1
:10B27000D9FAB8F84A114E98FFF7D4FAB8F84C1139
:10B280004F98FFF7CFFAB8F84E115098FFF7CAFA67
:10B29000B8F850115198FFF7C5FAB8F85211529802
:10B2A000FFF7C0FAB8F854115398FFF7BBFAB8F893
:10B2B00056115498FFF7B6FAB8F858115598FFF799
:10B2C000B1FAB8F85A115698FFF7ACFAB8F85C1111
:10B2D0005798FFF7A7FAB8F85E115898FFF7A2FA47
:10B2E000B8F860115998FFF79DFAB8F862115A98AA
:10B2F000FFF798FAB8F864115B98FFF793FAB8F87B
:10B3000066115C98FFF78EFAB8F868115D98FFF740
:10B3100089FAB8F86A115E98FFF784FAB8F86C11E8
:10B320005F98FFF77FFAB8F870116098FFF77AFA24
:10B33000B8F878112046FFF775FA98F93A0040F20C
:10B340008411C2F200010880B8F8320040F2861180
:10B35000C2F200010880B8F8360040F28811C2F24B
:10B3600000010880B8F8280040F28A11C2F20001FA
:10B37000088040F2821098F84010C2F2000098F85D
:10B380004120017040F29810C2F2000098F842305B
:10B39000027040F28D10C2F2000098F84370037002
:10B3A00040F27E10C2F20000077098F8440040F2AC
:10B3B0008011C2F20001087098F8450040F2811136
:10B3C000C2F20001087040F2C00098F84610C2F2C4
:10B3D000000098F84820017040F28310C2F200008B
:10B3E00098F84930027040F29910C2F2000098F8C3
:10B3F0004B70037040F29A10C2F20000077098F888
:10B400004D0040F27F11C2F20001087098F84C0024
:10B4100040F28C11C2F200010870B8F8960040F2B8
:10B42000C201C2F200010880B8F8980040F2C601DB
:10B43000C2F200010880B8F89A0040F2C401C2F2DA
:10B4400000010880B8F89C0040F2C801C2F2000177
:10B450000880B8F89E0040F2CC01C2F200010880DA
:10B46000B8F8A00040F2CA01C2F200010880B8F8A2
:10B47000A20040F2CE01C2F200010880B8F8A40098
:10B4800040F2D201C2F200010880B8F8A60040F2F2
:10B49000D001C2F200010880B8F8A80040F2D4013F
:10B4A000C2F200010880B8F8AA0040F2D801C2F246
:10B4B00000010880B8F8AC0040F2D601C2F20001E9
:10B4C0000880B8F8B60040F2DA01C2F20001088044
:10B4D000B8F8BA0040F2DE01C2F200010880B8F804
:10B4E000BC0040F2DC01C2F200010880B8F8BE00E6
:10B4F00040F2E001C2F200010880B8F8C20040F258
:10B50000F001C2F200010880B8F8C40040F2E8017E
:10B51000C2F200010880B8F8C60040F2E201C2F2AF
:10B5200000010880B8F8CA0040F2F201C2F200013E
:10B530000880B8F8CC0040F2EA01C2F200010880AD
:10B54000B8F8CE0040F2E401C2F200010880B8F879
:10B55000D20040F2F401C2F200010880B8F8D40031
:10B5600040F2EC01C2F200010880B8F8D60040F2C7
:10B57000E601C2F200010880B8F8DA0040F2F601F4
:10B58000C2F200010880B8F8DC0040F2EE01C2F21D
:10B5900000010880B8F8DE0040F2F801C2F20001B4
:10B5A0000880B8F8E20040F2FC01C2F20001088015
:10B5B000B8F8E40040F2FA01C2F200010880B8F8DD
:10B5C000E60040F2FE01C2F200010880B8F8EA008D
:10B5D00040F20E11C2F200010880B8F8EC0040F20F
:10B5E0000611C2F200010880B8F8EE0040F2001126
:10B5F000C2F200010880B8F8F20040F21011C2F265
:10B6000000010880B8F8F40040F20811C2F200010D
:10B610000880B8F8F60040F20211C2F2000108807A
:10B62000B8F8FA0040F21211C2F200010880B8F82E
:10B63000FC0040F20A11C2F200010880B8F8FE00D6
:10B6400040F20411C2F200010880B8F8000140F293
:10B650001411C2F200010880B8F8020140F20C1186
:10B66000C2F200010880B8F8040140F21611C2F2DB
:10B6700000010880B8F8080140F21A11C2F2000176
:10B680000880B8F80A0140F21811C2F200010880DF
:10B69000B8F80C0140F21C11C2F200010880B8F8A1
:10B6A000100140F22C11C2F200010880B8F812011A
:10B6B00040F22411C2F200010880B8F8140140F2EF
:10B6C0001E11C2F200010880B8F8180140F22E11D4
:10B6D000C2F200010880B8F81A0140F22611C2F245
:10B6E00000010880B8F81C0140F22011C2F20001EC
:10B6F0000880B8F8200140F23011C2F20001088041
:10B70000B8F8220140F22811C2F200010880B8F80E
:10B71000240140F22211C2F200010880B8F826018B
:10B7200040F23211C2F200010880B8F8280140F25C
:10B730002A11C2F200010880B8F82A0140F234113F
:10B74000C2F200010880B8F82E0140F23811C2F2AE
:10B7500000010880B8F8300140F23611C2F2000151
:10B760000880B8F8320140F23A11C2F200010880B4
:10B77000B8F8360140F24A11C2F200010880B8F868
:10B78000380140F24211C2F200010880B8F83A01D3
:10B7900040F23C11C2F200010880B8F83E0140F2CC
:10B7A0004C11C2F200010880B8F8400140F2441187
:10B7B000C2F200010880B8F8420140F23E11C2F224
:10B7C00000010880B8F8460140F24E11C2F20001B3
:10B7D0000880B8F8480140F24611C2F20001088022
:10B7E000B8F84A0140F24011C2F200010880B8F8EE
:10B7F0004C0140F25011C2F200010880B8F84E012D
:10B8000040F24811C2F200010880B8F8500140F23D
:10B810005211C2F200010880B8F8520140F25611EC
:10B82000C2F200010880B8F8540140F25411C2F28B
:10B8300000010880B8F8560140F25811C2F2000128
:10B840000880B8F8580140F26811C2F2000108807F
:10B85000B8F85A0140F26011C2F200010880B8F84D
:10B860005C0140F25A11C2F200010880B8F85E0192
:10B8700040F26A11C2F200010880B8F8600140F29B
:10B880006211C2F200010880B8F8620140F25C1156
:10B89000C2F200010880B8F8640140F26C11C2F2F3
:10B8A00000010880B8F8660140F26411C2F200019C
:10B8B0000880B8F8680140F25E11C2F20001088009
:10B8C000B8F86A0140F26E11C2F200010880B8F8BF
:10B8D0006C0140F26611C2F2000108F5B8730880ED
:10B8E0000FCB40F29017C2F20007C7E9000140F207
:10B8F0009B17C2F2000740F270103978C2F20000C4
:10B90000C0E9002300F0B1BC40F2BD0440F2BE0526
:10B91000C2F20004C2F200054FF2014022782988E9
:10B92000C0F60100D9304FF60143C0F60103D2073B
:10B9300008BF03F1D900FEF775FF42F20400C4F21C
:10B940000200C16841F08001C1602888217801307F
:10B950002880481C2070002000F088BC40F27A1932
:10B96000C2F20009B9F80000B8F81C10884240F093
:10B97000288440F27C10C2F20000008898F824105D
:10B98000884240F01E8440F27810C2F20000008825
:10B9900098F82610884240F0148440F28410C2F2D5
:10B9A000000098F93A10008889B2884240F0098472
:10B9B00040F28610C2F200000088B8F832108842C7
:10B9C00040F0FF8340F28810C2F200000088B8F80F
:10B9D0003610884240F0F58340F28A10C2F200002F
:10B9E0000088B8F82810884240F0EB8340F28210BB
:10B9F000C2F20000007898F84010884240F0E183DD
:10BA000040F29810C2F20000007898F84110884285
:10BA100040F0D78340F28D10C2F20000007898F811
:10BA20004210884240F0CD8340F27E10C2F2000006
:10BA3000007898F84310884240F0C38340F28010A9
:10BA4000C2F20000007898F84410884240F0B983B0
:10BA500040F28110C2F20000007898F84510884248
:10BA600040F0AF8340F2C000C2F20000007898F8C6
:10BA70004610884240F0A58340F28310C2F20000D5
:10BA8000007898F84810884240F09B8340F2991063
:10BA9000C2F20000007898F84910884240F0918383
:10BAA00040F29A10C2F20000007898F84B108842D9
:10BAB00040F0878340F27F10C2F20000007898F8CF
:10BAC0004D10884240F07D8340F28C10C2F200009D
:10BAD000007898F84C10884240F0738340F2C2001E
:10BAE000C2F200000088B8F89610884240F06983DE
:10BAF00040F2C600C2F200000088B8F898108842F0
:10BB000040F05F8340F2C400C2F200000088B8F841
:10BB10009A10884240F0558340F2C800C2F20000FB
:10BB20000088B8F89C10884240F04B8340F2CC006B
:10BB3000C2F200000088B8F89E10884240F04183AD
:10BB400040F2CA00C2F200000088B8F8A010884293
:10BB500040F0378340F2CE00C2F200000088B8F80F
:10BB6000A210884240F02D8340F2D200C2F20000C1
:10BB70000088B8F8A410884240F0238340F2D00037
:10BB8000C2F200000088B8F8A610884240F019837D
:10BB900040F2D400C2F200000088B8F8A810884231
:10BBA00040F00F8340F2D800C2F200000088B8F8DD
:10BBB000AA10884240F0058340F2D600C2F200008D
:10BBC0000088B8F8AC10884240F0FB8240F2DA00FE
:10BBD000C2F200000088B8F8B610884240F0F18246
:10BBE00040F2DE00C2F200000088B8F8BA108842C5
:10BBF00040F0E78240F2DC00C2F200000088B8F8B2
:10BC0000BC10884240F0DD8240F2E000C2F2000049
:10BC10000088B8F8BE10884240F0D38240F2F000AD
:10BC2000C2F200000088B8F8C210884240F0C98211
:10BC300040F2E800C2F200000088B8F8C410884260
:10BC400040F0BF8240F2E200C2F200000088B8F883
:10BC5000C610884240F0B58240F2F200C2F2000005
:10BC60000088B8F8CA10884240F0AB8240F2EA007F
:10BC7000C2F200000088B8F8CC10884240F0A182DF
:10BC800040F2E400C2F200000088B8F8CE1088420A
:10BC900040F0978240F2F400C2F200000088B8F849
:10BCA000D210884240F08D8240F2EC00C2F20000D7
:10BCB0000088B8F8D410884240F0838240F2E60051
:10BCC000C2F200000088B8F8D610884240F07982AD
:10BCD00040F2F600C2F200000088B8F8DA1088429C
:10BCE00040F06F8240F2EE00C2F200000088B8F827
:10BCF000DC10884240F0658240F2F800C2F2000099
:10BD00000088B8F8DE10884240F05B8240F2FC0008
:10BD1000C2F200000088B8F8E210884240F0518278
:10BD200040F2FA00C2F200000088B8F8E41088423D
:10BD300040F0478240F2FE00C2F200000088B8F8EE
:10BD4000E610884240F03D8240F20E10C2F2000040
:10BD50000088B8F8EA10884240F0338240F20610BA
:10BD6000C2F200000088B8F8EC10884240F0298246
:10BD700040F20010C2F200000088B8F8EE108842CD
:10BD800040F01F8240F21010C2F200000088B8F8A4
:10BD9000F210884240F0158240F20810C2F2000012
:10BDA0000088B8F8F410884240F00B8240F202108C
:10BDB000C2F200000088B8F8F610884240F0018214
:10BDC00040F21210C2F200000088B8F8FA1088425F
:10BDD00040F0F78140F20A10C2F200000088B8F883
:10BDE000FC10884240F0ED8140F20410C2F20000E5
:10BDF0000088B8F8FE10884240F0E38140F2141049
:10BE0000C2F200000088B8F80011884240F0D981E1
:10BE100040F20C10C2F200000088B8F8021188420B
:10BE200040F0CF8140F21610C2F200000088B8F84E
:10BE30000411884240F0C58140F21A10C2F200009D
:10BE40000088B8F80811884240F0BB8140F2181011
:10BE5000C2F200000088B8F80A11884240F0B181AF
:10BE600040F21C10C2F200000088B8F80C118842A1
:10BE700040F0A78140F22C10C2F200000088B8F810
:10BE80001011884240F09D8140F22410C2F200005F
:10BE90000088B8F81211884240F0938140F21E10D9
:10BEA000C2F200000088B8F81411884240F089817D
:10BEB00040F22E10C2F200000088B8F81811884233
:10BEC00040F07F8140F22610C2F200000088B8F8EE
:10BED0001A11884240F0758140F22010C2F2000031
:10BEE0000088B8F81C11884240F06B8140F2301095
:10BEF000C2F200000088B8F82011884240F0618149
:10BF000040F22810C2F200000088B8F822118842DE
:10BF100040F0578140F22210C2F200000088B8F8C9
:10BF20002411884240F04D8140F23210C2F20000EC
:10BF30000088B8F82611884240F0438140F22A1068
:10BF4000C2F200000088B8F82811884240F0398118
:10BF500040F23410C2F200000088B8F82A1188427A
:10BF600040F02F8140F23810C2F200000088B8F88B
:10BF70002E11884240F0258140F23610C2F20000B6
:10BF80000088B8F83011884240F01B8140F23A1026
:10BF9000C2F200000088B8F83211884240F01181E6
:10BFA00040F24A10C2F200000088B8F83611884208
:10BFB00040F0078140F24210C2F200000088B8F859
:10BFC0003811884240F0FD8040F23C10C2F200007F
:10BFD0000088B8F83A11884240F0F38040F24C10E3
:10BFE000C2F200000088B8F83E11884240F0E980B3
:10BFF00040F24410C2F200000088B8F840118842B4
:10C0000040F0DF8040F23E10C2F200000088B8F835
:10C010004211884240F0D58040F24E10C2F200003A
:10C020000088B8F84611884240F0CB8040F24610B4
:10C03000C2F200000088B8F84811884240F0C18080
:10C0400040F24010C2F200000088B8F84A1188425D
:10C0500040F0B78040F25010C2F200000088B8F8FB
:10C060004C11884240F0AD8040F24810C2F200000E
:10C070000088B8F84E11884240F0A38040F2521078
:10C08000C2F200000088B8F85011884240F0998050
:10C0900040F25610C2F200000088B8F852118842EF
:10C0A00040F08F8040F25410C2F200000088B8F8CF
:10C0B0005411884240F0858040F25810C2F20000CE
:10C0C0000088B8F8561188427BD140F26810C2F25D
:10C0D00000000088B8F85811884272D140F2601010
:10C0E000C2F200000088B8F85A11884269D140F2C3
:10C0F0005A10C2F200000088B8F85C11884260D182
:10C1000040F26A10C2F200000088B8F85E1188425E
:10C1100057D140F26210C2F200000088B8F86011F6
:10C1200088424ED140F25C10C2F200000088B8F89C
:10C130006211884245D140F26C10C2F200000088C2
:10C14000B8F8641188423CD140F26410C2F2000099
:10C150000088B8F86611884233D140F25E10C2F20E
:10C1600000000088B8F8681188422AD140F26E10A9
:10C17000C2F200000088B8F86A11884221D140F26A
:10C180006610C2F200000088B8F86C11884218D11D
:10C1900040F29010C2F20000D0E90001D8E95C231F
:10C1A0005940504008430CD140F27010C2F20000D8
:10C1B000D0E90001D8E95E235940504008433EF4DD
:10C1C000E5AB98F85B0000287EF4E0AB42F2040097
:10C1D00040F22311C4F20200C4F26751016048F634
:10C1E000AB11CCF6EF51016040F2BD00C2F200008D
:10C1F00000784FF20141C0F6010110F00100A1F1F9
:10C20000010401F101054FF6014208BF01F2FF747C
:10C21000C0F6010208BF551CCE1C0028204608BFEE
:10C22000D61CFEF753FBB8F81C102046FEF7FAFAAE
:10C2300098F824102846FEF7F5FA98F826103046AC
:10C24000FEF7F0FAB8F81C0098F82410A9F80000DE
:10C2500040F27C10C2F2000098F82620018040F2E3
:10C2600078103978C2F200000280481C387063B040
:10C27000BDE8F08F4FF20140C0F601004FF6FF74A9
:10C280000021024652F8013C6B298DF88831136871
:10C290008DF889319DF889319DF8887147EA03232B
:10C2A000ADF88A31BDF88A31ADF88631BDF88631F6
:10C2B00004D80231A34202F10202E3D1BDF8861193
:10C2C000A1425DD04FF60141C0F6010100220B46AC
:10C2D00053F8017C6B2A8DF888711F688DF889717D
:10C2E0009DF889719DF8886146EA0727ADF88A7143
:10C2F000BDF88A71ADF88671BDF8867104D8023236
:10C30000A74203F10203E3D1BDF88621A24237D050
:10C31000D0F8D920D0F8DA008DF889218DF886017F
:10C320009DF886019DF8892142EA0020ADF88A0136
:10C33000BDF88A5140F2B800C2F200000580D1F881
:10C34000D900D1F8DA108DF889018DF886119DF8A1
:10C3500086019DF8891141EA0020ADF88A01BDF8F7
:10C360008A6140F2BA00C2F20000B542068062D98A
:10C3700001F090F840F2BE00C2F20000058064E0D7
:10C38000002100BF50F8012C6B298DF8882102682C
:10C390008DF889219DF889219DF8883143EA022290
:10C3A000ADF88A21BDF88A21ADF88621BDF8862135
:10C3B00004D80231A24200F10200E3D1BDF88601A7
:10C3C000A04206D001F066F840F2B800C2F20000C8
:10C3D0002AE04FF60140C0F60100002150F8012C80
:10C3E0006B298DF8882102688DF889219DF88921B3
:10C3F0009DF8883143EA0222ADF88A21BDF88A21EE
:10C40000ADF88621BDF8862104D80231A24200F1A0
:10C410000200E3D1BDF88601A04214D002F094F8E6
:10C4200040F2BA00C2F20000008840F2BE01C2F23F
:10C430000001088009E002F087F840F2BE00C2F275
:10C440000000068001E003F0D9F8B8F81C004FF6B0
:10C450006E61A0F2F51080B288429CBF4FF4BE70AE
:10C46000A8F81C0098F82400A4F163013730C0B28A
:10C470003B289CBF3C2088F82400B8F8320089B2E1
:10C48000653880B288423CBF3220A8F83200B8F844
:10C4900036004FF61841A0F57A7080B288429CBFF2
:10C4A0001E20A8F8360098F84000033810F1030F5A
:10C4B0009CBF012088F8400098F84100022824BF62
:10C4C000002088F8410098F84200022824BF01208B
:10C4D00088F8420098F84310022924BF012188F807
:10C4E000431098F84420032A24BF012288F84420EE
:10C4F00098F84590B9F1030F24BF4FF0010988F86F
:10C50000459098F84630032B24BF012388F8463025
:10C51000539098F84800022824BF002088F848006B
:10C520004E9098F8490028B1012601204D9088F8D6
:10C53000496001E000204D9098F84A004FF6194CF0
:10C54000022824BF012088F84A0098F84B004FF6D3
:10C550006F67022824BF002088F84B0098F84D60D0
:10C56000022E24BF002688F84D604C9098F84C00AD
:10C57000022824BF012088F84C00519298F83A20F4
:10C580004A90A2F16500C0B236289CBF002288F80C
:10C590003A20B8F828504892A5F57A7080B26045E4
:10C5A0003CBF0A25A8F828505291B8F89610A1F27D
:10C5B000F51080B2B8423CBF4FF4AF71A8F89610A6
:10C5C000B8F898404991A4F1C90007F1CD0180B2B3
:10C5D0001FFA81FE70453CBF1424A8F89840B8F8B3
:10C5E0009A20A2F57A7080B260453CBF0A22A8F872
:10C5F0009A20B8F89C10A1F2F51080B2B8423CBF66
:10C600004FF4BE71A8F89C104491B8F89E10A1F1A7
:10C61000C90080B270453CBF1E21A8F89E1043910E
:10C62000B8F8A01045A834C0A1F57A7080B24B9636
:10C63000CDE94F3960453CBF0F21A8F8A010B8F8EC
:10C64000A2C042916046ACF2F51080B2B842CDF87B
:10C6500080C106D24FF4C8774FF4C8706090A8F834
:10C66000A270B8F8A4A04FF61946AAF1C90080B28A
:10C6700070453CBF4FF0280AA8F8A4A0B8F8A6C09F
:10C680004FF66F61ACF57A7080B2B0423CBF4FF0AC
:10C69000140CA8F8A6C0B8F8A850A5F2F51080B2FE
:10C6A00088423CBF4FF4E175A8F8A850B8F8AA40FA
:10C6B000A4F1C90080B270453CBF3C24A8F8AA4050
:10C6C000B8F8AC904846A9F57A7080B2B042CDF87F
:10C6D0007C9104D21E231E205F90A8F8AC30B8F8DD
:10C6E000B6104FF66F62A1F2F51080B290423CBFD7
:10C6F0009621A8F8B610B8F8BA303D91A3F1C90058
:10C7000080B270453CBF2823A8F8BA30B8F8BC20E6
:10C710004FF66F61A2F57A7080B2B0423CBF0A2238
:10C72000A8F8BC20B8F8BE70A7F2F51080B2884215
:10C730003CBF4FF48277A8F8BE70B8F8C210A1F1E0
:10C74000C90080B270453CBF1421A8F8C2103991CD
:10C75000B8F8C410A1F57A7080B2B0423CBF032192
:10C76000A8F8C410B8F8C6B038915846ABF2F51026
:10C7700080B24FF66F618842CDF878B106D24FF49F
:10C780008C714FF48C705E90A8F8C610B8F8CA107F
:10C790004FF61949A1F1C90080B270453CBF142180
:10C7A000A8F8CA103791B8F8CC10A1F57A7080B209
:10C7B000B0423CBF0421A8F8CC10B8F8CE60369146
:10C7C000A6F2F51080B24FF66F6188423CBF642636
:10C7D000A8F8CE60B8F8D210A1F1C90080B27045B7
:10C7E0003CBF1421A8F8D210CDE93B23B8F8D420DF
:10C7F0003EA880E83010A2F57A7080B2CDF804A18E
:10C8000048453CBF0522A8F8D420B8F8D6C04FF65A
:10C810006F6A6046ACF2F51080B250453392CDF8A5
:10C8200074C104D2962396205D90A8F8D630B8F84B
:10C83000DA304FF61942A3F1C90080B270453CBF0F
:10C840002823A8F8DA303293B8F8DC30A3F57A70F0
:10C8500080B290423CBF0323A8F8DC30B8F8DEC0B9
:10C86000ACF2F51080B250453CBF4FF0960CA8F8E2
:10C87000DEC0B8F8E240A4F1C90080B270453CBF08
:10C880002824A8F8E240CDE93416B8F8E4103A9725
:10C89000A1F57A7080B290423CBF0321A8F8E41061
:10C8A000B8F8E6902E914846A9F2F51080B25045AE
:10C8B000CDF8709106D24FF482714FF482705C9083
:10C8C000A8F8E610B8F8EA10A1F1C90080B27045E6
:10C8D0003CBF1421A8F8EA102C91B8F8EC10319361
:10C8E000A1F57A7080B290423CBF0321A8F8EC1009
:10C8F000B8F8EE904846A9F2F51080B25045CDF850
:10C900006C9106D24FF4BE734FF4BE705B90A8F8E2
:10C91000EE30B8F8F230A3F1C90080B270453CBFE8
:10C920002823A8F8F2302A93B8F8F430A3F57A70E7
:10C9300080B290423CBF0A23A8F8F430B8F8F690D1
:10C940004846A9F2F51080B25045CDF8689106D25C
:10C950004FF482754FF482705A90A8F8F650B8F8E8
:10C96000FA502D91A5F1C90080B270453CBF142545
:10C97000A8F8FA50B8F8FC102895A1F57A7080B2A2
:10C9800090423CBF0521A8F8FC10B8F8FE9048463C
:10C99000A9F2F51080B25045CDF8649106D24FF45B
:10C9A000E1764FF4E1705990A8F8FE60B8F80061A4
:10C9B000A6F1C90080B270453CBF2826A8F80061E6
:10C9C000B8F802512696A5F57A7080B290423CBF25
:10C9D0000825A8F80251B8F804914846A9F2F510C4
:10C9E00080B25045CDF8609106D24FF4C8774FF42D
:10C9F000C8705890A8F80471B8F80861A6F1C90089
:10CA000080B270453CBF1E26A8F80861B8F80AB18C
:10CA10002795ABF57A7080B290423CBF4FF0040B83
:10CA2000A8F80AB1B8F80C512596A5F2F51080B215
:10CA300050453CBF4FF4E175A8F80C51B8F81061AF
:10CA4000A6F1C90080B270453CBF2826A8F8106145
:10CA5000B8F812712991A7F57A7080B2CDE92F4C00
:10CA600090423CBF0827A8F81271B8F814C160467C
:10CA7000ACF2F51080B25045CDF85CC106D24FF44F
:10CA8000BE714FF4BE705790A8F81411B8F8181181
:10CA90009946A1F1C90080B270453CBF2821A8F891
:10CAA0001811B8F81A011E91B0F57A7F24BF04203E
:10CAB000A8F81A01B8F81C112090A1F2F51080B264
:10CAC00050453CBF4FF48271A8F81C11B8F82031D2
:10CAD0004FF61944A3F1C90080B270453CBF14233E
:10CAE000A8F82031B8F822C16046ACF57A7080B25F
:10CAF000A042CDF858C104D2052205205690A8F8CE
:10CB00002221B8F824211593A2F2F51080B25045E5
:10CB10003CBF4FF4BE72A8F824211C92B8F826211D
:10CB2000A2F1C90080B270453CBF2822A8F8262196
:10CB3000B8F828C11D926046ACF57A7080B2A04268
:10CB4000CDF854C104D2042304205590A8F828310C
:10CB5000B8F82A21A2F2F51080B250453CBF4FF43C
:10CB6000C872A8F82A21B8F82E311A92A3F1C90088
:10CB700080B270453CBF1E23A8F82E31B8F830C1F2
:10CB80006046ACF57A7080B2A042CDF850C104D2B4
:10CB9000042204205490A8F83021B8F832C1ACF235
:10CBA000F51080B250453CBF4FF4FA7CA8F832C172
:10CBB0001F91B8F83611A1F1C90080B270453CBF91
:10CBC0001E21A8F83611B8F838011991A0F57A712C
:10CBD00089B21B93CDF8AC90A1423CBF0620A8F8C7
:10CBE0003801B8F83A11A1F2F5139BB253453CBF96
:10CBF0004FF4BE71A8F83A11B8F83E21A2F1C9036A
:10CC00009BB273453CBF2822A8F83E211891B8F882
:10CC10004011CDE92176A1F57A739BB2CDE9235B72
:10CC2000A3423CBF0421A8F840111691B8F8421164
:10CC3000A1F2F5139BB253453CBF4FF48271A8F8A3
:10CC40004211B8F846B1ABF1C9039BB273453CBF82
:10CC50004FF0280BA8F846B1B8F84831A3F57A761A
:10CC6000B6B2A6423CBF0523A8F84831B8F84A71CD
:10CC7000A7F2F516B6B256453CBF6427A8F84A712C
:10CC8000B8F84C61A6F1C905ADB275453CBF142694
:10CC9000A8F84C61B8F84E51A5F57A75ADB2A54229
:10CCA0003CBF3C25A8F84E51B8F85051A5F2F515F7
:10CCB000ADB255453CBF6425A8F85051B8F8525163
:10CCC000C93DADB275453CBF1425A8F85251B8F81E
:10CCD0005451A5F57A75ADB2A5423CBF3C25A8F8E4
:10CCE0005451B8F85651A5F2F515ADB255453CBFB3
:10CCF0006425A8F85651B8F85851C93DADB27545EC
:10CD00003CBF1425A8F85851B8F85A51A5F57A75C2
:10CD1000ADB2A5423CBF3C25A8F85A51B8F85C51C9
:10CD2000A5F2F515ADB255453CBF6425A8F85C5198
:10CD3000B8F85E51C93DADB275453CBF1425A8F8A1
:10CD40005E51B8F86051A5F57A75ADB2A5423CBF09
:10CD50003C25A8F86051B8F86251A5F2F515ADB2BE
:10CD600055453CBF6425A8F86251B8F86451C93DE7
:10CD7000ADB275453CBF1425A8F86451B8F86651AA
:10CD80001792A5F57A75ADB2DDF85490A5423CBF77
:10CD90003C25A8F86651B8F86851A5F2F515ADB272
:10CDA00055453CBF6422A8F86821B8F86A21C93A01
:10CDB00092B272453CBF1422A8F86A21B8F86C21DF
:10CDC000A2F57A7292B2A2423CBF3C22A8F86C2132
:10CDD000D8E95C2540F29014C2F20004C4E90025B1
:10CDE000D8E95E2540F27014C2F20004C4E90025BF
:10CDF000B8F81C2040F27A15C2F200052A8098F893
:10CE0000242040F27C15C2F200052A8098F82620E2
:10CE100040F27815C2F200052A80489A40F2841543
:10CE200052B2C2F200052A80B8F8322040F28615CC
:10CE3000C2F200052A80B8F8362040F28815C2F206
:10CE400000052A8040F28A12479DC2F20002158036
:10CE500098F8402040F28215C2F200052A7098F836
:10CE6000412040F29815C2F200052A7040F28D125E
:10CE7000539DC2F20002157040F27E12529DC2F222
:10CE80000002157040F28012519DC2F2000215702E
:10CE900040F28112509DC2F20002157040F2C002B1
:10CEA0004F9DC2F20002157040F283124E9DC2F2F5
:10CEB0000002157040F299124D9DC2F200021570E9
:10CEC00040F29A124C9DC2F20002157040F27F129D
:10CED0004B9DC2F20002157040F28C124A9DC2F2C4
:10CEE0000002157040F2C202499DC2F20002158094
:10CEF00040F2C602469DC2F20002158040F2C40212
:10CF0000459DC2F20002158040F2C802449DC2F263
:10CF10000002158040F2CC02439DC2F2000215804F
:10CF200040F2CA02429DC2F20002158040F2CE02D7
:10CF3000609DC2F20002158040F2D202419DC2F211
:10CF40000002158040F2D002409DC2F2000215801E
:10CF500040F2D4023F9DC2F20002158040F2D80296
:10CF60003E9DC2F20002158040F2D6025F9DC2F2E1
:10CF70000002158040F2DA023D9DC2F200021580E7
:10CF800040F2DE023C9DC2F20002158040F2DC025B
:10CF90003B9DC2F20002158040F2E0023A9DC2F2CF
:10CFA0000002158040F2F002399DC2F200021580A5
:10CFB00040F2E802389DC2F20002158040F2E2021F
:10CFC0005E9DC2F20002158040F2F202379DC2F26D
:10CFD0000002158040F2EA02369DC2F2000215807E
:10CFE00040F2E402359DC2F20002158040F2F402E4
:10CFF000349DC2F20002158040F2EC02339DC2F271
:10D000000002158040F2E6025D9DC2F2000215802A
:10D0100040F2F602329DC2F20002158040F2EE02AA
:10D02000319DC2F20002158040F2F802309DC2F23A
:10D030000002158040F2FC022F9DC2F20002158012
:10D0400040F2FA022E9DC2F20002158040F2FE026A
:10D050005C9DC2F20002158040F20E122C9DC2F2BD
:10D060000002158040F206122D9DC2F200021580CA
:10D0700040F200125B9DC2F20002158040F21012D5
:10D080002A9DC2F20002158040F208122B9DC2F2C6
:10D090000002158040F202125A9DC2F20002158071
:10D0A00040F21212289DC2F20002158040F20A12CC
:10D0B000299DC2F20002158040F20412599DC2F26D
:10D0C0000002158040F21412269DC2F20002158063
:10D0D00040F20C12279DC2F20002158040F2161297
:10D0E000589DC2F20002158040F21A12259DC2F22C
:10D0F0000002158040F21812249DC2F20002158031
:10D1000040F21C12239DC2F20002158040F22C1244
:10D11000229DC2F20002158040F22412219DC2F22B
:10D120000002158040F21E12579DC2F200021580C7
:10D1300040F22E121E9DC2F20002158040F226120D
:10D14000209DC2F20002158040F220121F9DC2F203
:10D150000002158040F23012C2F20002A2F80090E4
:10D1600040F22812569DC2F20002158040F22212AF
:10D170001C9DC2F20002158040F232121D9DC2F2C7
:10D180000002158040F22A12559DC2F2000215805D
:10D1900040F234121A9DC2F20002158040F2381299
:10D1A0001B9DC2F20002158040F23612549DC2F25D
:10D1B0000002158040F23A12C2F20002A2F800C04A
:10D1C00040F24A12199DC2F20002158040F242124A
:10D1D000C2F20002108040F23C10189AC2F2000025
:10D1E000028040F24C10179AC2F20000028040F216
:10D1F0004410169AC2F20000028040F23E10C2F2C1
:10D200000000018040F24E10C2F20000A0F800B011
:10D2100040F24610C2F20000038040F24010C2F219
:10D220000000078040F25010C2F200000680B8F8FB
:10D230004E0140F24811C2F200010880B8F85001D6
:10D2400040F25211C2F200010880B8F8520140F2D7
:10D250005611C2F200010880B8F8540140F254118E
:10D26000C2F200010880B8F8560140F25811C2F22B
:10D2700000010880B8F8580140F26811C2F20001BC
:10D280000880B8F85A0140F26011C2F2000108802B
:10D29000B8F85C0140F25A11C2F200010880B8F8F7
:10D2A0005E0140F26A11C2F200010880B8F8600124
:10D2B00040F26211C2F200010880B8F8620140F247
:10D2C0005C11C2F200010880B8F8640140F26C11F0
:10D2D000C2F200010880B8F8660140F26411C2F29F
:10D2E00000010880B8F8680140F25E11C2F2000146
:10D2F0000880B8F86A0140F26E11C2F2000108809D
:10D30000B8F86C0140F26611C2F20001088040F2E8
:10D31000BC010120C2F20001087088F8000063B06F
:10D32000BDE8F08F42F20C00C4F20200416844F6FE
:10D33000383241F00101416043F60001C0F60001BE
:10D34000C4F254120A600168C90708D1016849078C
:10D3500058BF0168416821F0010141607047002118
:10D36000CFF6F0710268D2071CBF02685FEAC27292
:10D37000ECD00268D2071CBF02685FEAC272E5D037
:10D380000268D2071CBF02685FEAC272DED0026880
:10D39000D2071CBF02685FEAC272D7D00268D20708
:10D3A0001CBF02685FEAC272D0D00268D2071CBFFD
:10D3B00002685FEAC272C9D00268D2071CBF026865
:10D3C0005FEAC272C2D00268D2071CBF02685FEA7D
:10D3D000C272BBD01031C5D1BCE7000080B542F2AB
:10D3E000482C42F64013C2F2000CC2F200039CF833
:10D3F000002093F84E1093F852E093F88C008A4284
:10D4000008BFBEF1000F14D0072908BF002834D090
:10D41000072908BF012832D0072908BF022830D0C9
:10D420000023032808BF25230022072918BF13461D
:10D4300028E040F23401C2F200010A78824212D19F
:10D4400040F2350EC2F2000E9EF8000093F8412023
:10D450000023904205D00A208CF8003008708EF826
:10D460000020D8B280BD00EB4002002392000428C7
:10D4700038BF531C0870D8B280BD012302E00D23D1
:10D4800000E01923BEF1000F18BF0123D8B28CF8B9
:10D49000001080BD80B581B04FF20040C0F60100A1
:10D4A0000168D0F801208DF800108DF801209DF85A
:10D4B00001109DF8002042F6401C42EA0121ADF81F
:10D4C0000210BDF80220C2F2000CACF81C20D0F80B
:10D4D0000220D0F803308DF800208DF801309DF83F
:10D4E00001209DF8003043EA0222ADF80220BDF889
:10D4F00002208CF824204268D0F805308DF80020F6
:10D500008DF801309DF801209DF8003043EA022299
:10D51000ADF80220BDF802208CF82620D0F80620B5
:10D52000D0F807308DF800208DF801309DF80120EB
:10D530009DF8003043EA0222ADF80220BDF8022037
:10D540008CF83A208268D0F809308DF800208DF8E8
:10D5500001309DF801209DF8003043EA0222ADF829
:10D560000220BDF80220ACF83220D0F80A20D0F812
:10D570000B308DF800208DF801309DF801209DF8CA
:10D58000003043EA0222ADF80220BDF80220ACF8D8
:10D590003620D0F8D220D0F8D3308DF800208DF886
:10D5A00001309DF801209DF8003043EA0222ADF8D9
:10D5B0000220BDF802208CF84020C268D0F80D305F
:10D5C0008DF800208DF801309DF801209DF8003085
:10D5D00043EA0222ADF80220BDF80220ACF8282070
:10D5E000D0F80E20D0F80F308DF800208DF80130E3
:10D5F0009DF801209DF8003043EA0222ADF8022098
:10D60000BDF802208CF841200269D0F811308DF865
:10D6100000208DF801309DF801209DF8003043EA8C
:10D620000222ADF80220BDF802208CF84220D0F88A
:10D630001220D0F813308DF800208DF801309DF8BD
:10D6400001209DF8003043EA0222ADF80220BDF827
:10D6500002208CF843204269D0F815308DF8002064
:10D660008DF801309DF801209DF8003043EA022238
:10D67000ADF80220BDF802208CF84420D0F8162026
:10D68000D0F817308DF800208DF801309DF801207A
:10D690009DF8003043EA0222ADF80220BDF80220D6
:10D6A0008CF845208269D0F819308DF800208DF86B
:10D6B00001309DF801209DF8003043EA0222ADF8C8
:10D6C0000220BDF802208CF84620D0F81A20D0F8AD
:10D6D0001B308DF800208DF801309DF801209DF859
:10D6E000003043EA0222ADF80220BDF802208CF897
:10D6F0004820C269D0F81D308DF800208DF8013027
:10D700009DF801209DF8003043EA0222ADF8022086
:10D71000BDF802208CF84920D0F81E20D0F81F3028
:10D720008DF800208DF801309DF801209DF8003023
:10D7300043EA0222ADF80220BDF802208CF84B200B
:10D74000026AD0F821308DF800208DF801309DF864
:10D7500001209DF8003043EA0222ADF80220BDF816
:10D7600002208CF84D20D0F82220D0F823308DF8FC
:10D7700000208DF801309DF801209DF8003043EA2B
:10D780000222ADF80220BDF802208CF84C20426A3B
:10D79000D0F825308DF800208DF801309DF801205B
:10D7A0009DF8003043EA0222ADF80220BDF80220C5
:10D7B000ACF89620D0F82620D0F827308DF800203D
:10D7C0008DF801309DF801209DF8003043EA0222D7
:10D7D000ADF80220BDF80220ACF89820826AD0F89B
:10D7E00029308DF800208DF801309DF801209DF83A
:10D7F000003043EA0222ADF80220BDF80220ACF866
:10D800009A20D0F82A20D0F82B308DF800208DF8FF
:10D8100001309DF801209DF8003043EA0222ADF866
:10D820000220BDF80220ACF89C20C26AD0F82D304E
:10D830008DF800208DF801309DF801209DF8003012
:10D8400043EA0222ADF80220BDF80220ACF89E2087
:10D85000D0F82E20D0F82F308DF800208DF8013030
:10D860009DF801209DF8003043EA0222ADF8022025
:10D87000BDF80220ACF8A020026BD0F831308DF852
:10D8800000208DF801309DF801209DF8003043EA1A
:10D890000222ADF80220BDF80220ACF8A220D0F898
:10D8A0003220D0F833308DF800208DF801309DF80B
:10D8B00001209DF8003043EA0222ADF80220BDF8B5
:10D8C0000220ACF8A420426BD0F835308DF800204F
:10D8D0008DF801309DF801209DF8003043EA0222C6
:10D8E000ADF80220BDF80220ACF8A620D0F8362012
:10D8F000D0F837308DF800208DF801309DF80120E8
:10D900009DF8003043EA0222ADF80220BDF8022063
:10D91000ACF8A820826BD0F839308DF800208DF853
:10D9200001309DF801209DF8003043EA0222ADF855
:10D930000220BDF80220ACF8AA20D0F83A20D0F896
:10D940003B308DF800208DF801309DF801209DF8C6
:10D95000003043EA0222ADF80220BDF80220ACF804
:10D96000AC20C26BD0F83D308DF800208DF801302E
:10D970009DF801209DF8003043EA0222ADF8022014
:10D98000BDF80220ACF8B620D0F83E20D0F83F30E9
:10D990008DF800208DF801309DF801209DF80030B1
:10D9A00043EA0222ADF80220BDF80220ACF8BA200A
:10D9B000026CD0F841308DF800208DF801309DF8D0
:10D9C00001209DF8003043EA0222ADF80220BDF8A4
:10D9D0000220ACF8BC20D0F84220D0F843308DF8BB
:10D9E00000208DF801309DF801209DF8003043EAB9
:10D9F0000222ADF80220BDF80220ACF8BE20426C35
:10DA0000D0F845308DF800208DF801309DF80120C8
:10DA10009DF8003043EA0222ADF80220BDF8022052
:10DA2000ACF8C220D0F84620D0F847308DF800205E
:10DA30008DF801309DF801209DF8003043EA022264
:10DA4000ADF80220BDF80220ACF8C420826CD0F8FA
:10DA500049308DF800208DF801309DF801209DF8A7
:10DA6000003043EA0222ADF80220BDF80220ACF8F3
:10DA7000C620D0F84A20D0F84B308DF800208DF821
:10DA800001309DF801209DF8003043EA0222ADF8F4
:10DA90000220BDF80220ACF8CA20C26CD0F84D308C
:10DAA0008DF800208DF801309DF801209DF80030A0
:10DAB00043EA0222ADF80220BDF80220ACF8CC20E7
:10DAC000D0F84E20D0F84F308DF800208DF801307E
:10DAD0009DF801209DF8003043EA0222ADF80220B3
:10DAE000BDF80220ACF8CE20026DD0F851308DF890
:10DAF00000208DF801309DF801209DF8003043EAA8
:10DB00000222ADF80220BDF80220ACF8D220D0F8F5
:10DB10005220D0F853308DF800208DF801309DF858
:10DB200001209DF8003043EA0222ADF80220BDF842
:10DB30000220ACF8D420426DD0F855308DF800208A
:10DB40008DF801309DF801209DF8003043EA022253
:10DB5000ADF80220BDF80220ACF8D620D0F856204F
:10DB6000D0F857308DF800208DF801309DF8012055
:10DB70009DF8003043EA0222ADF80220BDF80220F1
:10DB8000ACF8DA20826DD0F859308DF800208DF88D
:10DB900001309DF801209DF8003043EA0222ADF8E3
:10DBA0000220BDF80220ACF8DC20D0F85A20D0F8D2
:10DBB0005B308DF800208DF801309DF801209DF834
:10DBC000003043EA0222ADF80220BDF80220ACF892
:10DBD000DE20C26DD0F85D308DF800208DF8013068
:10DBE0009DF801209DF8003043EA0222ADF80220A2
:10DBF000BDF80220ACF8E220D0F85E20D0F85F300B
:10DC00008DF800208DF801309DF801209DF800303E
:10DC100043EA0222ADF80220BDF80220ACF8E4206D
:10DC2000026ED0F861308DF800208DF801309DF83B
:10DC300001209DF8003043EA0222ADF80220BDF831
:10DC40000220ACF8E620D0F86220D0F863308DF8DE
:10DC500000208DF801309DF801209DF8003043EA46
:10DC60000222ADF80220BDF80220ACF8EA20426E94
:10DC7000D0F865308DF800208DF801309DF8012036
:10DC80009DF8003043EA0222ADF80220BDF80220E0
:10DC9000ACF8EC20D0F86620D0F867308DF8002082
:10DCA0008DF801309DF801209DF8003043EA0222F2
:10DCB000ADF80220BDF80220ACF8EE20826ED0F85C
:10DCC00069308DF800208DF801309DF801209DF815
:10DCD000003043EA0222ADF80220BDF80220ACF881
:10DCE000F220D0F86A20D0F86B308DF800208DF843
:10DCF00001309DF801209DF8003043EA0222ADF882
:10DD00000220BDF80220ACF8F420C26ED0F86D30CD
:10DD10008DF800208DF801309DF801209DF800302D
:10DD200043EA0222ADF80220BDF80220ACF8F6204A
:10DD3000D0F86E20D0F86F308DF800208DF80130CB
:10DD40009DF801209DF8003043EA0222ADF8022040
:10DD5000BDF80220ACF8FA20026FD0F871308DF8CF
:10DD600000208DF801309DF801209DF8003043EA35
:10DD70000222ADF80220BDF80220ACF8FC20D0F859
:10DD80007220D0F873308DF800208DF801309DF8A6
:10DD900001209DF8003043EA0222ADF80220BDF8D0
:10DDA0000220ACF8FE20426FD0F875308DF80020CC
:10DDB0008DF801309DF801209DF8003043EA0222E1
:10DDC000ADF80220BDF80220ACF80021D0F8762092
:10DDD000D0F877308DF800208DF801309DF80120C3
:10DDE0009DF8003043EA0222ADF80220BDF802207F
:10DDF000ACF80221826FD0F879308DF800208DF8D0
:10DE000001309DF801209DF8003043EA0222ADF870
:10DE10000220BDF80220ACF80421D0F87A20D0F816
:10DE20007B308DF800208DF801309DF801209DF8A1
:10DE3000003043EA0222ADF80220BDF80220ACF81F
:10DE40000821C26FD0F87D308DF800208DF80130A8
:10DE50009DF801209DF8003043EA0222ADF802202F
:10DE6000BDF80220ACF80A21D0F87E20D0F87F302F
:10DE70008DF800208DF801309DF801209DF80030CC
:10DE800043EA0222ADF80220BDF80220ACF80C21D2
:10DE9000D0F88020D0F881308DF800208DF8013046
:10DEA0009DF801209DF8003043EA0222ADF80220DF
:10DEB000BDF80220ACF81021D0F88220D0F88330D1
:10DEC0008DF800208DF801309DF801209DF800307C
:10DED00043EA0222ADF80220BDF80220ACF812217C
:10DEE000D0F88420D0F885308DF800208DF80130EE
:10DEF0009DF801209DF8003043EA0222ADF802208F
:10DF0000BDF80220ACF81421D0F88620D0F8873074
:10DF10008DF800208DF801309DF801209DF800302B
:10DF200043EA0222ADF80220BDF80220ACF8182125
:10DF3000D0F88820D0F889308DF800208DF8013095
:10DF40009DF801209DF8003043EA0222ADF802203E
:10DF5000BDF80220ACF81A21D0F88A20D0F88B3016
:10DF60008DF800208DF801309DF801209DF80030DB
:10DF700043EA0222ADF80220BDF80220ACF81C21D1
:10DF8000D0F88C20D0F88D308DF800208DF801303D
:10DF90009DF801209DF8003043EA0222ADF80220EE
:10DFA000BDF80220ACF82021D0F88E20D0F88F30B8
:10DFB0008DF800208DF801309DF801209DF800308B
:10DFC00043EA0222ADF80220BDF80220ACF822217B
:10DFD000D0F89020D0F891308DF800208DF80130E5
:10DFE0009DF801209DF8003043EA0222ADF802209E
:10DFF000BDF80220ACF82421D0F89220D0F893305C
:10E000008DF800208DF801309DF801209DF800303A
:10E0100043EA0222ADF80220BDF80220ACF8262126
:10E02000D0F89420D0F895308DF800208DF801308C
:10E030009DF801209DF8003043EA0222ADF802204D
:10E04000BDF80220ACF82821D0F89620D0F89730FF
:10E050008DF800208DF801309DF801209DF80030EA
:10E0600043EA0222ADF80220BDF80220ACF82A21D2
:10E07000D0F89820D0F899308DF800208DF8013034
:10E080009DF801209DF8003043EA0222ADF80220FD
:10E09000BDF80220ACF82E21D0F89A20D0F89B30A1
:10E0A0008DF800208DF801309DF801209DF800309A
:10E0B00043EA0222ADF80220BDF80220ACF830217C
:10E0C000D0F89C20D0F89D308DF800208DF80130DC
:10E0D0009DF801209DF8003043EA0222ADF80220AD
:10E0E000BDF80220ACF83221D0F89E20D0F89F3045
:10E0F0008DF800208DF801309DF801209DF800304A
:10E1000043EA0222ADF80220BDF80220ACF8362125
:10E11000D0F8A020D0F8A1308DF800208DF8013083
:10E120009DF801209DF8003043EA0222ADF802205C
:10E13000BDF80220ACF83821D0F8A220D0F8A330E6
:10E140008DF800208DF801309DF801209DF80030F9
:10E1500043EA0222ADF80220BDF80220ACF83A21D1
:10E16000D0F8A420D0F8A5308DF800208DF801302B
:10E170009DF801209DF8003043EA0222ADF802200C
:10E18000BDF80220ACF83E21D0F8A620D0F8A73088
:10E190008DF800208DF801309DF801209DF80030A9
:10E1A00043EA0222ADF80220BDF80220ACF840217B
:10E1B000D0F8A820D0F8A9308DF800208DF80130D3
:10E1C0009DF801209DF8003043EA0222ADF80220BC
:10E1D000BDF80220ACF84221D0F8AA20D0F8AB302C
:10E1E0008DF800208DF801309DF801209DF8003059
:10E1F00043EA0222ADF80220BDF80220ACF8462125
:10E20000D0F8AC20D0F8AD308DF800208DF801307A
:10E210009DF801209DF8003043EA0222ADF802206B
:10E22000BDF80220ACF84821D0F8AE20D0F8AF30CD
:10E230008DF800208DF801309DF801209DF8003008
:10E2400043EA0222ADF80220BDF80220ACF84A21D0
:10E25000D0F8B020D0F8B1308DF800208DF8013022
:10E260009DF801209DF8003043EA0222ADF802201B
:10E27000BDF80220ACF84C21D0F8B220D0F8B33071
:10E280008DF800208DF801309DF801209DF80030B8
:10E2900043EA0222ADF80220BDF80220ACF84E217C
:10E2A00090F8B6208DF8002090F8B7308DF8013046
:10E2B0009DF801E09DF8001041EA0E21ADF8021032
:10E2C000BDF80210ACF850118DF800208DF8013027
:10E2D0009DF801109DF8002042EA0121ADF80210DE
:10E2E000BDF80210ACF85211D0F8B810D0F8B9202F
:10E2F0008DF800108DF801209DF801109DF8002088
:10E3000042EA0121ADF80210BDF80210ACF8541138
:10E31000D0F8BA10D0F8BB208DF800108DF801208D
:10E320009DF801109DF8002042EA0121ADF802108D
:10E33000BDF80210ACF85611D0F8BC10D0F8BD20D2
:10E340008DF800108DF801209DF801109DF8002037
:10E3500042EA0121ADF80210BDF80210ACF85811E4
:10E36000D0F8BE10D0F8BF208DF800108DF8012035
:10E370009DF801109DF8002042EA0121ADF802103D
:10E38000BDF80210ACF85A11D0F8C010D0F8C12076
:10E390008DF800108DF801209DF801109DF80020E7
:10E3A00042EA0121ADF80210BDF80210ACF85C1190
:10E3B000D0F8C210D0F8C3208DF800108DF80120DD
:10E3C0009DF801109DF8002042EA0121ADF80210ED
:10E3D000BDF80210ACF85E11D0F8C410D0F8C5201A
:10E3E0008DF800108DF801209DF801109DF8002097
:10E3F00042EA0121ADF80210BDF80210ACF860113C
:10E40000D0F8C610D0F8C7208DF800108DF8012084
:10E410009DF801109DF8002042EA0121ADF802109C
:10E42000BDF80210ACF86211D0F8C810D0F8C920BD
:10E430008DF800108DF801209DF801109DF8002046
:10E4400042EA0121ADF80210BDF80210ACF86411E7
:10E45000D0F8CA10D0F8CB208DF800108DF801202C
:10E460009DF801109DF8002042EA0121ADF802104C
:10E47000BDF80210ACF86611D0F8CC10D0F8CD2061
:10E480008DF800108DF801209DF801109DF80020F6
:10E4900042EA0121ADF80210BDF80210ACF8681193
:10E4A000D0F8CE10D0F8CF208DF800108DF80120D4
:10E4B0009DF801109DF8002042EA0121ADF80210FC
:10E4C000BDF80210ACF86A11D0F8D010D0F8D12005
:10E4D0008DF800108DF801209DF801109DF80020A6
:10E4E00042EA0121ADF80210BDF80210ACF86C113F
:10E4F000D0F8D610D0F8D7208DF800108DF8012074
:10E500009DF801109DF8002042EA0121ADF80210AB
:10E51000BDF802100022CCE95C12D0F8D810D0F877
:10E52000D9008DF800108DF801009DF801009DF8CC
:10E53000001041EA0020ADF80200BDF80200CCE96D
:10E540005E0201B080BD000080B581B04FF6004092
:10E55000C0F601000168D0F801208DF800108DF898
:10E5600001209DF801109DF8002042F6401C42EA6F
:10E570000121ADF80210BDF80220C2F2000CACF887
:10E580001C20D0F80220D0F803308DF800208DF840
:10E5900001309DF801209DF8003043EA0222ADF8D9
:10E5A0000220BDF802208CF824204268D0F8053003
:10E5B0008DF800208DF801309DF801209DF8003085
:10E5C00043EA0222ADF80220BDF802208CF8262092
:10E5D000D0F80620D0F807308DF800208DF80130F3
:10E5E0009DF801209DF8003043EA0222ADF8022098
:10E5F000BDF802208CF83A208268D0F809308DF8F6
:10E6000000208DF801309DF801209DF8003043EA8C
:10E610000222ADF80220BDF80220ACF83220D0F87A
:10E620000A20D0F80B308DF800208DF801309DF8CD
:10E6300001209DF8003043EA0222ADF80220BDF827
:10E640000220ACF83620D0F8D220D0F8D3308DF8A4
:10E6500000208DF801309DF801209DF8003043EA3C
:10E660000222ADF80220BDF802208CF84020C268DA
:10E67000D0F80D308DF800208DF801309DF8012084
:10E680009DF8003043EA0222ADF80220BDF80220D6
:10E69000ACF82820D0F80E20D0F80F308DF80020EC
:10E6A0008DF801309DF801209DF8003043EA0222E8
:10E6B000ADF80220BDF802208CF841200269D0F8A4
:10E6C00011308DF800208DF801309DF801209DF863
:10E6D000003043EA0222ADF80220BDF802208CF897
:10E6E0004220D0F81220D0F813308DF800208DF899
:10E6F00001309DF801209DF8003043EA0222ADF878
:10E700000220BDF802208CF843204269D0F8153071
:10E710008DF800208DF801309DF801209DF8003023
:10E7200043EA0222ADF80220BDF802208CF8442012
:10E73000D0F81620D0F817308DF800208DF8013071
:10E740009DF801209DF8003043EA0222ADF8022036
:10E75000BDF802208CF845208269D0F819308DF878
:10E7600000208DF801309DF801209DF8003043EA2B
:10E770000222ADF80220BDF802208CF84620D0F825
:10E780001A20D0F81B308DF800208DF801309DF84C
:10E7900001209DF8003043EA0222ADF80220BDF8C6
:10E7A00002208CF84820C269D0F81D308DF8002076
:10E7B0008DF801309DF801209DF8003043EA0222D7
:10E7C000ADF80220BDF802208CF84920D0F81E20B8
:10E7D000D0F81F308DF800208DF801309DF8012011
:10E7E0009DF8003043EA0222ADF80220BDF8022075
:10E7F0008CF84B20026AD0F821308DF800208DF87B
:10E8000001309DF801209DF8003043EA0222ADF866
:10E810000220BDF802208CF84D20D0F82220D0F83C
:10E8200023308DF800208DF801309DF801209DF8EF
:10E83000003043EA0222ADF80220BDF802208CF835
:10E840004C20426AD0F825308DF800208DF8013038
:10E850009DF801209DF8003043EA0222ADF8022025
:10E86000BDF80220ACF89620D0F82620D0F827304A
:10E870008DF800208DF801309DF801209DF80030C2
:10E8800043EA0222ADF80220BDF80220ACF898203D
:10E89000826AD0F829308DF800208DF801309DF87B
:10E8A00001209DF8003043EA0222ADF80220BDF8B5
:10E8B0000220ACF89A20D0F82A20D0F82B308DF81E
:10E8C00000208DF801309DF801209DF8003043EACA
:10E8D0000222ADF80220BDF80220ACF89C20C26AEA
:10E8E000D0F82D308DF800208DF801309DF80120F2
:10E8F0009DF8003043EA0222ADF80220BDF8022064
:10E90000ACF89E20D0F82E20D0F82F308DF80020C3
:10E910008DF801309DF801209DF8003043EA022275
:10E92000ADF80220BDF80220ACF8A020026BD0F8B0
:10E9300031308DF800208DF801309DF801209DF8D0
:10E94000003043EA0222ADF80220BDF80220ACF804
:10E95000A220D0F83220D0F833308DF800208DF886
:10E9600001309DF801209DF8003043EA0222ADF805
:10E970000220BDF80220ACF8A420426BD0F835305C
:10E980008DF800208DF801309DF801209DF80030B1
:10E9900043EA0222ADF80220BDF80220ACF8A6201E
:10E9A000D0F83620D0F837308DF800208DF80130BF
:10E9B0009DF801209DF8003043EA0222ADF80220C4
:10E9C000BDF80220ACF8A820826BD0F839308DF861
:10E9D00000208DF801309DF801209DF8003043EAB9
:10E9E0000222ADF80220BDF80220ACF8AA20D0F82F
:10E9F0003A20D0F83B308DF800208DF801309DF89A
:10EA000001209DF8003043EA0222ADF80220BDF853
:10EA10000220ACF8AC20C26BD0F83D308DF800205D
:10EA20008DF801309DF801209DF8003043EA022264
:10EA3000ADF80220BDF80220ACF8B620D0F83E2098
:10EA4000D0F83F308DF800208DF801309DF801207E
:10EA50009DF8003043EA0222ADF80220BDF8022002
:10EA6000ACF8BA20026CD0F841308DF800208DF857
:10EA700001309DF801209DF8003043EA0222ADF8F4
:10EA80000220BDF80220ACF8BC20D0F84220D0F81B
:10EA900043308DF800208DF801309DF801209DF85D
:10EAA000003043EA0222ADF80220BDF80220ACF8A3
:10EAB000BE20426CD0F845308DF800208DF8013032
:10EAC0009DF801209DF8003043EA0222ADF80220B3
:10EAD000BDF80220ACF8C220D0F84620D0F847306C
:10EAE0008DF800208DF801309DF801209DF8003050
:10EAF00043EA0222ADF80220BDF80220ACF8C4209F
:10EB0000826CD0F849308DF800208DF801309DF8E6
:10EB100001209DF8003043EA0222ADF80220BDF842
:10EB20000220ACF8C620D0F84A20D0F84B308DF83F
:10EB300000208DF801309DF801209DF8003043EA57
:10EB40000222ADF80220BDF80220ACF8CA20C26C47
:10EB5000D0F84D308DF800208DF801309DF801205F
:10EB60009DF8003043EA0222ADF80220BDF80220F1
:10EB7000ACF8CC20D0F84E20D0F84F308DF80020E3
:10EB80008DF801309DF801209DF8003043EA022203
:10EB9000ADF80220BDF80220ACF8CE20026DD0F80E
:10EBA00051308DF800208DF801309DF801209DF83E
:10EBB000003043EA0222ADF80220BDF80220ACF892
:10EBC000D220D0F85220D0F853308DF800208DF8A4
:10EBD00001309DF801209DF8003043EA0222ADF893
:10EBE0000220BDF80220ACF8D420426DD0F8553098
:10EBF0008DF800208DF801309DF801209DF800303F
:10EC000043EA0222ADF80220BDF80220ACF8D6207B
:10EC1000D0F85620D0F857308DF800208DF801300C
:10EC20009DF801209DF8003043EA0222ADF8022051
:10EC3000BDF80220ACF8DA20826DD0F859308DF89A
:10EC400000208DF801309DF801209DF8003043EA46
:10EC50000222ADF80220BDF80220ACF8DC20D0F88A
:10EC60005A20D0F85B308DF800208DF801309DF8E7
:10EC700001209DF8003043EA0222ADF80220BDF8E1
:10EC80000220ACF8DE20C26DD0F85D308DF8002097
:10EC90008DF801309DF801209DF8003043EA0222F2
:10ECA000ADF80220BDF80220ACF8E220D0F85E20DA
:10ECB000D0F85F308DF800208DF801309DF80120EC
:10ECC0009DF8003043EA0222ADF80220BDF8022090
:10ECD000ACF8E420026ED0F861308DF800208DF899
:10ECE00001309DF801209DF8003043EA0222ADF882
:10ECF0000220BDF80220ACF8E620D0F86220D0F85F
:10ED000063308DF800208DF801309DF801209DF8CA
:10ED1000003043EA0222ADF80220BDF80220ACF830
:10ED2000EA20426ED0F865308DF800208DF8013071
:10ED30009DF801209DF8003043EA0222ADF8022040
:10ED4000BDF80220ACF8EC20D0F86620D0F867308F
:10ED50008DF800208DF801309DF801209DF80030DD
:10ED600043EA0222ADF80220BDF80220ACF8EE2002
:10ED7000826ED0F869308DF800208DF801309DF852
:10ED800001209DF8003043EA0222ADF80220BDF8D0
:10ED90000220ACF8F220D0F86A20D0F86B308DF861
:10EDA00000208DF801309DF801209DF8003043EAE5
:10EDB0000222ADF80220BDF80220ACF8F420C26EA9
:10EDC000D0F86D308DF800208DF801309DF80120CD
:10EDD0009DF8003043EA0222ADF80220BDF802207F
:10EDE000ACF8F620D0F86E20D0F86F308DF8002007
:10EDF0008DF801309DF801209DF8003043EA022291
:10EE0000ADF80220BDF80220ACF8FA20026FD0F86D
:10EE100071308DF800208DF801309DF801209DF8AB
:10EE2000003043EA0222ADF80220BDF80220ACF81F
:10EE3000FC20D0F87220D0F873308DF800208DF8C7
:10EE400001309DF801209DF8003043EA0222ADF820
:10EE50000220BDF80220ACF8FE20426FD0F87530D9
:10EE60008DF800208DF801309DF801209DF80030CC
:10EE700043EA0222ADF80220BDF80220ACF80021DE
:10EE8000D0F87620D0F877308DF800208DF801305A
:10EE90009DF801209DF8003043EA0222ADF80220DF
:10EEA000BDF80220ACF80221826FD0F879308DF8DD
:10EEB00000208DF801309DF801209DF8003043EAD4
:10EEC0000222ADF80220BDF80220ACF80421D0F8EF
:10EED0007A20D0F87B308DF800208DF801309DF835
:10EEE00001209DF8003043EA0222ADF80220BDF86F
:10EEF0000220ACF80821C26FD0F87D308DF80020D8
:10EF00008DF801309DF801209DF8003043EA02227F
:10EF1000ADF80220BDF80220ACF80A21D0F87E201E
:10EF2000D0F87F308DF800208DF801309DF8012059
:10EF30009DF8003043EA0222ADF80220BDF802201D
:10EF4000ACF80C21D0F88020D0F881308DF800206A
:10EF50008DF801309DF801209DF8003043EA02222F
:10EF6000ADF80220BDF80220ACF81021D0F88220C4
:10EF7000D0F883308DF800208DF801309DF8012005
:10EF80009DF8003043EA0222ADF80220BDF80220CD
:10EF9000ACF81221D0F88420D0F885308DF800200C
:10EFA0008DF801309DF801209DF8003043EA0222DF
:10EFB000ADF80220BDF80220ACF81421D0F886206C
:10EFC000D0F887308DF800208DF801309DF80120B1
:10EFD0009DF8003043EA0222ADF80220BDF802207D
:10EFE000ACF81821D0F88820D0F889308DF80020AE
:10EFF0008DF801309DF801209DF8003043EA02228F
:10F00000ADF80220BDF80220ACF81A21D0F88A2011
:10F01000D0F88B308DF800208DF801309DF801205C
:10F020009DF8003043EA0222ADF80220BDF802202C
:10F03000ACF81C21D0F88C20D0F88D308DF8002051
:10F040008DF801309DF801209DF8003043EA02223E
:10F05000ADF80220BDF80220ACF82021D0F88E20B7
:10F06000D0F88F308DF800208DF801309DF8012008
:10F070009DF8003043EA0222ADF80220BDF80220DC
:10F08000ACF82221D0F89020D0F891308DF80020F3
:10F090008DF801309DF801209DF8003043EA0222EE
:10F0A000ADF80220BDF80220ACF82421D0F892205F
:10F0B000D0F893308DF800208DF801309DF80120B4
:10F0C0009DF8003043EA0222ADF80220BDF802208C
:10F0D000ACF82621D0F89420D0F895308DF8002097
:10F0E0008DF801309DF801209DF8003043EA02229E
:10F0F000ADF80220BDF80220ACF82821D0F8962007
:10F10000D0F897308DF800208DF801309DF801205F
:10F110009DF8003043EA0222ADF80220BDF802203B
:10F12000ACF82A21D0F89820D0F899308DF800203A
:10F130008DF801309DF801209DF8003043EA02224D
:10F14000ADF80220BDF80220ACF82E21D0F89A20AC
:10F15000D0F89B308DF800208DF801309DF801200B
:10F160009DF8003043EA0222ADF80220BDF80220EB
:10F17000ACF83021D0F89C20D0F89D308DF80020DC
:10F180008DF801309DF801209DF8003043EA0222FD
:10F19000ADF80220BDF80220ACF83221D0F89E2054
:10F1A000D0F89F308DF800208DF801309DF80120B7
:10F1B0009DF8003043EA0222ADF80220BDF802209B
:10F1C000ACF83621D0F8A020D0F8A1308DF800207E
:10F1D0008DF801309DF801209DF8003043EA0222AD
:10F1E000ADF80220BDF80220ACF83821D0F8A220FA
:10F1F000D0F8A3308DF800208DF801309DF8012063
:10F200009DF8003043EA0222ADF80220BDF802204A
:10F21000ACF83A21D0F8A420D0F8A5308DF8002021
:10F220008DF801309DF801209DF8003043EA02225C
:10F23000ADF80220BDF80220ACF83E21D0F8A6209F
:10F24000D0F8A7308DF800208DF801309DF801200E
:10F250009DF8003043EA0222ADF80220BDF80220FA
:10F26000ACF84021D0F8A820D0F8A9308DF80020C3
:10F270008DF801309DF801209DF8003043EA02220C
:10F28000ADF80220BDF80220ACF84221D0F8AA2047
:10F29000D0F8AB308DF800208DF801309DF80120BA
:10F2A0009DF8003043EA0222ADF80220BDF80220AA
:10F2B000ACF84621D0F8AC20D0F8AD308DF8002065
:10F2C0008DF801309DF801209DF8003043EA0222BC
:10F2D000ADF80220BDF80220ACF84821D0F8AE20ED
:10F2E000D0F8AF308DF800208DF801309DF8012066
:10F2F0009DF8003043EA0222ADF80220BDF802205A
:10F30000ACF84A21D0F8B020D0F8B1308DF8002008
:10F310008DF801309DF801209DF8003043EA02226B
:10F32000ADF80220BDF80220ACF84C21D0F8B22094
:10F33000D0F8B3308DF800208DF801309DF8012011
:10F340009DF8003043EA0222ADF80220BDF8022009
:10F35000ACF84E2190F8B6208DF8002090F8B73028
:10F360008DF801309DF801E09DF8001041EA0E2172
:10F37000ADF80210BDF80210ACF850118DF8002065
:10F380008DF801309DF801109DF8002042EA01211E
:10F39000ADF80210BDF80210ACF85211D0F8B81058
:10F3A000D0F8B9208DF800108DF801209DF80110DB
:10F3B0009DF8002042EA0121ADF80210BDF80210CC
:10F3C000ACF85411D0F8BA10D0F8BB208DF800106A
:10F3D0008DF801209DF801109DF8002042EA0121DE
:10F3E000ADF80210BDF80210ACF85611D0F8BC1000
:10F3F000D0F8BD208DF800108DF801209DF8011087
:10F400009DF8002042EA0121ADF80210BDF802107B
:10F41000ACF85811D0F8BE10D0F8BF208DF800100D
:10F420008DF801209DF801109DF8002042EA01218D
:10F43000ADF80210BDF80210ACF85A11D0F8C010A7
:10F44000D0F8C1208DF800108DF801209DF8011032
:10F450009DF8002042EA0121ADF80210BDF802102B
:10F46000ACF85C11D0F8C210D0F8C3208DF80010B1
:10F470008DF801209DF801109DF8002042EA01213D
:10F48000ADF80210BDF80210ACF85E11D0F8C4104F
:10F49000D0F8C5208DF800108DF801209DF80110DE
:10F4A0009DF8002042EA0121ADF80210BDF80210DB
:10F4B000ACF86011D0F8C610D0F8C7208DF8001055
:10F4C0008DF801209DF801109DF8002042EA0121ED
:10F4D000ADF80210BDF80210ACF86211D0F8C810F7
:10F4E000D0F8C9208DF800108DF801209DF801108A
:10F4F0009DF8002042EA0121ADF80210BDF802108B
:10F50000ACF86411D0F8CA10D0F8CB208DF80010F8
:10F510008DF801209DF801109DF8002042EA01219C
:10F52000ADF80210BDF80210ACF86611D0F8CC109E
:10F53000D0F8CD208DF800108DF801209DF8011035
:10F540009DF8002042EA0121ADF80210BDF802103A
:10F55000ACF86811D0F8CE10D0F8CF208DF800109C
:10F560008DF801209DF801109DF8002042EA01214C
:10F57000ADF80210BDF80210ACF86A11D0F8D01046
:10F58000D0F8D1208DF800108DF801209DF80110E1
:10F590009DF8002042EA0121ADF80210BDF80210EA
:10F5A000ACF86C11D0F8D610D0F8D7208DF8001038
:10F5B0008DF801209DF801109DF8002042EA0121FC
:10F5C000ADF80210BDF802100022CCE95C12D0F8B0
:10F5D000D810D0F8D9008DF800108DF801009DF8F2
:10F5E00001009DF8001041EA0020ADF80200BDF8CE
:10F5F0000200CCE95E0201B080BD00002DE9F043BD
:10F6000042F64010C2F200003C2180F82410322261
:10F610004FF48C7142861E224FF00124A0F8C610D0
:10F620001421C2860122C0F8414040F20114C0F208
:10F63000040180F84020A0F845404FF4803480F861
:10F640004C204FF4AF72C0F8CA1014218464A0F8A3
:10F65000962040F296224FF43C742826C0F2050111
:10F66000C0F2CC22A0F8B2402824C0F20A06C0F8AA
:10F67000D210C0F8FA10C0F820114FF4FA71C0F897
:10F68000AE201422C0F21404C0F8BA601427C0F8E7
:10F69000F2602826A0F832111E21C0F20A02C0F83A
:10F6A000A44040F24A34C0F20307C0F20806C0F298
:10F6B0000601C0F898201E22C0F29604C0F8C2705D
:10F6C000C0F8EA701E27C0F810612826C0F836116D
:10F6D00028214FF4BE73C0F20F02C0F8B4403C249E
:10F6E0009625C0F20407C0F20406C0F20501838328
:10F6F0004FF0640EA0F89C30C0F89E204FF4C87202
:10F70000C0F21E04A0F8DE502825A0F8EE30C0F8A4
:10F710000871A0F81431C0F81861C0F82E71A0F873
:10F720003A31C0F83E61C0F846116E213223C82735
:10F730000A2680F826E04FF000084FF00A0CA0F8E7
:10F74000A2204FF4E179C0F8AA404FF48274A0F8E7
:10F75000CEE0C0F20305A0F80421A0F82A21C0F2EF
:10F7600014013C22C0F20A03C0F23207C0F2C806FC
:10F7700000F5A87E80F83A80A0F828C0A0F8A890EC
:10F78000A0F8BE40C0F8E250A0F8E640A0F8F6406D
:10F79000A0F80C91A0F81C41A0F84241C0F2C802A8
:10F7A0008EE88E00C0E95863C0F86871A0F86CC19B
:10F7B000C0E95C88C0E95E88BDE8F0838B790A887F
:10F7C000032B07D05BB94979282916D018291AD1FB
:10F7D000026113E000215FEA026C19D131E003F00D
:10F7E000080C0B79C97903F00403634401F00301A9
:10F7F00019445FEA026C0BD123E0426108215FEA01
:10F80000026C05D11DE001F00F015FEA026C18D017
:10F81000D3073DD1930744D453074CD4130754D492
:10F82000D3065CD4930664D453066CD4BCF1000FA9
:10F8300007D5036823F070430360036843EA01734C
:10F840000360130A23D0D3056AD4930571D45305FA
:10F850007AD4130500F18380D30400F18B809304E4
:10F8600000F19380530407D5436823F0706343602D
:10F87000436843EA01634360120458BF704742681B
:10F8800022F070424260426842EA01714160704772
:10F89000036823F00F03036003680B4303609307BF
:10F8A000BAD5036823F0F0030360036843EA011349
:10F8B00003605307B2D5036823F4706303600368E1
:10F8C00043EA012303601307AAD5036823F47043B6
:10F8D0000360036843EA01330360D306A2D50368DB
:10F8E00023F470230360036843EA01430360930633
:10F8F0009AD5036823F470030360036843EA015355
:10F900000360530692D5036823F0706303600368B5
:10F9100043EA01630360BCF1000F3FF58AAF90E753
:10F92000436823F00F03436043680B434360930530
:10F930008DD5436823F0F0034360436843EA011325
:10F94000436053057FF585AF436823F470634360DC
:10F95000436843EA0123436013057FF57DAF4368A5
:10F9600023F470434360436843EA01334360D304A4
:10F970007FF575AF436823F470234360436843EA1F
:10F980000143436093047FF56DAF436823F4700334
:10F990004360436843EA0153436053043FF564AF57
:10F9A0006AE7000042F64010C2F200000078012829
:10F9B00018BF704742F26020C2F2000000780228AF
:10F9C00000D0704710B542F2040440F22310C4F294
:10F9D0000204C4F26750206048F6AB10CCF6EF503A
:10F9E000206043F60000C0F60000FAF76FFFFDF755
:10F9F00099FCE06840F08000E06002F08DFB0000C0
:10FA0000016882888B68C17904295AD813409A1AF0
:10FA1000B2FA82F390F806C05B09DFE801F0034711
:10FA20002C3F0F009C4505D10221C17100210181AD
:10FA3000C173818100214181084670479C4542D1B4
:10FA400080B58189C27C01311FFA81FCB2FA82F350
:10FA50004FEA531E0023944538BF01235EEA030298
:10FA600018BF0A464FF00401828118BF0021BDE88B
:10FA70008040084670479C452CD10189037C0131A8
:10FA80008AB201819A424FF0000138D3837B012270
:10FA9000C2715A1C82730181012070479C451DD19F
:10FAA0000221C17100218160084670479C4528D120
:10FAB0000189427C01318BB29342018101D3C17B28
:10FAC00091B3002070470221C1710021C1730181EF
:10FAD000084670470021C171084670474189837C00
:10FAE00001318AB241819A424FF0000107D3827BF3
:10FAF000C171013AB2FA82F252098173510008468B
:10FB000070470289437C0221C17100219A424181E0
:10FB100007D2817B99B101290DD10321C171002147
:10FB20000DE0817302210AE00421C1714FF0807160
:10FB3000C1600320704700218173C171052100223B
:10FB40000281C273084670472DE9F04F81B042F63A
:10FB5000401BC2F2000B9BF85500002840F0CA86FB
:10FB60009BF80000012840F0C58642F26125C2F2F0
:10FB7000000542F2622442F263282F78C2F20004A8
:10FB8000C2F20008267898F80000002F08BF002E67
:10FB90000CD09BF83C30012B0AD063B99BF84E3057
:10FBA000022B1CBF01238BF83C3004E018B1F0E7B6
:10FBB0000023ABF82C3000280346314618BF012340
:10FBC000002E18BF01213A46002F18BF0122114014
:10FBD00019420DD19BF85B1051B19BF85C100131BB
:10FBE000CAB21E2A8BF85C1024BF0021ABF85B1050
:10FBF00040F29E13C2F200031978B1B901211970C5
:10FC000040F24C01C2F2000141F601020A6140F2E9
:10FC1000600141F60102C2F20001C0F200420A6135
:10FC200040F27401C2F200010A61002F08BF002EE9
:10FC300006D128B940F29F10C2F2000000210170E5
:10FC400040F24C00C2F20000FFF7DAFE8246287054
:10FC500040F26000C2F20000FFF7D2FE8146207041
:10FC600040F27400C2F20000FFF7CAFE9BF8561083
:10FC700088F8000089B19BF8571000270131CAB2FB
:10FC8000782A8BF857100BD39BF84710ABF85670B7
:10FC9000002904BF02218BF847100021012700E052
:10FCA00001219BF8582092B19BF859200132D3B220
:10FCB0008BF85920782B4FF000020CD39BF847307B
:10FCC000ABF85820012B04BF02228BF847204FF0DD
:10FCD0000008012201E04FF0010840F29C1CC2F232
:10FCE000000C9CF80030012B0FD140F29D15C2F2A0
:10FCF00000052B780133DEB2782E2B7031BF012343
:10FD000000238CF800302B7000E000239BF840505B
:10FD1000022D22D0012D40F04B8240F29F1EC2F2F4
:10FD2000000E9EF80040002C40F04282BAF1020F13
:10FD300038D10124002FABF85B4061D01A43012A6F
:10FD400040F0AA809BF84520002A00F0BC80022ADF
:10FD500000F04E81012A5CD062E140F29F10C2F2B5
:10FD600000000078002808BFBAF1020F40F020829E
:10FD70009BF84E001A2840F01B829BF85100002887
:10FD800040F016829BF85000002800F0AB8001285C
:10FD900040F0AC80BBF8BC1000208BF85000ABF8F2
:10FDA0009210A3E0B9F1020F48D19BF83F50012413
:10FDB000032DABF85B4000F09B80002D40F0DC8011
:10FDC000002F00F0B7809BF847108C1EB4FA84F423
:10FDD00064091440012C40F0B0819BF84620002AB1
:10FDE00000F09F85022A00F08885012A40F0AE8548
:10FDF00001214FF0000801228BF8561000F0A9BD38
:10FE00009BF84520541EB4FA84F4640918EA040FE0
:10FE100053D09BF83F20002A40F0028140F29D120F
:10FE2000C2F200020024147040F200020123C2F268
:10FE300000020A248CF800301470E8E0022840F038
:10FE40009B809BF83F500124032DABF85B4000F0F2
:10FE50008B80002D40F09080002F00F07C819BF87B
:10FE600047108C1EB4FA84F464091440012C40F04D
:10FE7000AA849BF84620002A00F0D385022A00F0CD
:10FE8000B885012A40F0D48501214FF000080122F5
:10FE90008BF8561000F0CFBD9BF846300021002BA8
:10FEA0004FF0010200F09780012B06BF8BF858102D
:10FEB0004FF000084FF0010896E0B2FA82F46409AE
:10FEC00018EA040F1AD09BF83F20022A00F09C8009
:10FED000002A40F09C80022200248BF83F208BF8FF
:10FEE000544095E040F20110ABF84F00012054E17E
:10FEF00040F20002C2F2000206253AE0941EB4FA73
:10FF000084F4640918EA040F77D1002B7FF41CAF46
:10FF10009BF8462000214AB1012A40F06585002265
:10FF20004FF001088BF825208BF858808BF856107D
:10FF3000012259E001219BF84620022A40F0098560
:10FF40009BF84E20013A012A16D840F29D12C2F2C7
:10FF500000020024147040F200020123C2F20002E9
:10FF600009248CF8003010E140F20002C2F20002D5
:10FF7000042515708EF80040BAF1030F50D19BF89C
:10FF80004400D0B102280AD0012840F011819BF82A
:10FF90003F00002800F0FD80032827D0FCE09BF8FC
:10FFA0004E000138012800F203819BF8540080F0D4
:10FFB00001008BF854000220EFE09BF83F0002287C
:10FFC00014D0002840F0E880022000218BF83F0088
:10FFD0008BF85410E1E0ABF81E108BF858104FF07E
:10FFE000000801218BF85620002311E00020D1E009
:10FFF0009BF84E20013A012A12D89BF8542082F037
:020000040801F1
:1000000001028BF8542002E000228BF83F200222EC
:1000100042F6C024C2F20004227001228EF80020B1
:10002000B9F1040F2DD19BF83F0001220328ABF852
:100030005B2056D0002840F0BB8051EA08000DD16B
:100040009BF84600012800F075830021002806BFB8
:100050004FF001088BF858804FF00008002B4ED06D
:100060009BF8460040F29D120021C2F200020028D7
:100070008CF80010117000F04383012800F06A83AF
:1000800096E0042840F094809BF83F00012203286A
:10009000ABF85B202CD0002840F08A8051EA0800A1
:1000A0000DD19BF84600012800F0C68300210028EE
:1000B00006BF4FF001088BF858804FF000086BB373
:1000C0009BF8460040F29D120021C2F20002002877
:1000D0008CF80010117000F09283012800F0BC83AE
:1000E00066E040F20000C2F2000007210170DDE08E
:1000F00040F20000C2F2000005210170E7E041B1CA
:1001000040F20000C2F200000321017000208BF8D1
:100110005700B8F1000F40F0F88249E041B140F2D9
:100120000000C2F200000121017000208BF857008E
:10013000B8F1000F40F068833AE04C1EB4FA84F442
:1001400064091440012C40F04C834FF001088BF8F7
:1001500058800021EFE601219BF84620022A40F05A
:100160006A849BF84E20013A012A3FF605AF40F21F
:100170009D12C2F2000200240123147040F200021A
:100180008CF80030C2F20002082414708EF800309F
:10019000F2E603208BF83F00022042F6C021C2F2B3
:1001A0000001087040F29F10C2F2000001210170AE
:1001B00040F20000C2F2000000780A2800F29A83A0
:1001C000DFE810F00B0055035A00D4021F007D0039
:1001D0008E006C00E2003300A2009BF84100002179
:1001E0000128ABF81E1000F02381002840F0768330
:1001F000BBF81C004FF4FA71B0F5FA7F38BF411C10
:1002000045E39BF83F00032800F0F580002840F00C
:1002100065839BF824000021C8288BF8251080F006
:10022000038301308BF8240058E34FF00110CBF822
:10023000560000208BF85400ABF81E008BF8250008
:100240009BF88D009BF84110013898BF01200029D0
:100250008BF88D0000F0D880012940F03F834FF0EB
:10026000FF3151FA80F0032800F23883DFE810F004
:10027000B000B9017E01A6019BF8410000210128D0
:10028000ABF81E1000F0CD80002840F02783BBF8AB
:100290001C006421642888BF411E77E29BF83F0060
:1002A000002800F03B82032840F018839BF82600CA
:1002B0000A2840F2CF8005388BF826000EE39BF821
:1002C0003F00002800F0A982032840F007839BF834
:1002D0002600C82880F0948005308BF82600FDE2C7
:1002E0009BF83F00032800F0B080002840F0F68221
:1002F0009BF82400002105288BF825108CBF0138BD
:1003000005208BF82400E9E29BF88D104FF00110D6
:10031000CBF8560000204A1C8BF85400ABF81E00A6
:100320008BF82500ABF82A00032988BF0122501E54
:1003300003288BF88D2000F2D182DFE810F0040052
:10034000EE00AC00CD009BF841200BF19A00002A92
:100350000BF1980100F0AE81012A40F07E81BBF8DC
:10036000AE2048F63963ABF8222002EB8202A03AB5
:10037000C3F6E30352FB03F2531003EBD272ABF864
:100380001C20ABF8962068E14FF001109BF88D20FF
:10039000CBF8560000209BF841108BF85400ABF8C6
:1003A0001E008BF825000420042A38BF501C0029A9
:1003B0008BF88D0052D0012940F09082013803283B
:1003C00000F28C82DFE810F004000D01D200FA0088
:1003D000BBF8AE0048F63961ABF8220000EB8000B4
:1003E000A038C3F6E30150FB01F0410801EBD070E7
:1003F000ABF81C004AE09BF82600C828C0F0AE808D
:10040000C8208BF8260069E24FF0FF3151FA80F0E6
:10041000032800F26382DFE810F029000C01BC0021
:10042000F700BBF82200D421D42888BF411EB9E1CF
:10043000BBF822004FF46971B0F5697F38BF411CE9
:10044000ABF8221001EB8100B2E19BF826000528F1
:1004500000F2888005208BF826003FE2013803284F
:1004600000F23C82DFE800F002E595D0BBF8960090
:1004700043F2343200EBC001C3F23332A1FB02126B
:10048000ABF81C0002F12000ABF822000BF19A003F
:100490000BF19801E1E09BF841200BF1A600002A46
:1004A0000BF1A40100F0E080012A40F0D680BBF8F7
:1004B000B22048F63963ABF8222002EB8202A03A60
:1004C000C3F6E30352FB03F2531003EBD272ABF813
:1004D0001C20ABF8A220C0E09BF841200BF1AC003F
:1004E000002A0BF1AA0100F0D280012A40F0B58069
:1004F000BBF8B42048F63963ABF8222002EB820245
:10050000A03AC3F6E30352FB03F2531003EBD2729B
:10051000ABF81C20ABF8A8209FE09BF841200BF122
:10052000A000002A0BF19E0100F0D780012A40F0C4
:100530009480BBF8B02048F63963ABF8222002EB78
:100540008202A03AC3F6E30352FB03F2531003EB1B
:10055000D272ABF81C20ABF89C207EE001308BF807
:100560002600BBE101388BF82600B7E1BBF8B200EA
:1005700048F63961ABF8220000EB8000A038C3F6E2
:10058000E30150FB01F0410801EBD070ABF81C0017
:100590000FE0BBF8A20043F2343200EBC001C3F21B
:1005A0003332A1FB0212ABF81C0002F12000ABF8C1
:1005B00022000BF1A6000BF1A4014EE0BBF8B40041
:1005C00048F63961ABF8220000EB8000A038C3F692
:1005D000E30150FB01F0410801EBD070ABF81C00C7
:1005E00022E0BBF8B00048F63961ABF8220000EB1E
:1005F0008000A038C3F6E30150FB01F0410801EB95
:10060000D070ABF81C0024E0BBF8A80043F23432F1
:1006100000EBC001C3F23332A1FB0212ABF81C00A5
:1006200002F12000ABF822000BF1AC000BF1AA01A3
:1006300013E0BBF89C0043F2343200EBC001C3F27C
:100640003332A1FB0212ABF81C0002F12000ABF820
:1006500022000BF1A0000BF19E01097800888BF8B5
:100660002410ABF8280039E1BBF8A22043F234375C
:1006700002EBC203C3F23337A3FB0737ABF81C20EE
:1006800007F12002ABF82220ABF8B220E5E7BBF877
:10069000A82043F2343702EBC203C3F23337A3FB83
:1006A0000737ABF81C2007F12002ABF82220ABF88B
:1006B000B420D2E7BBF8962043F2343702EBC203F2
:1006C000C3F23337A3FB0737ABF81C2007F1200236
:1006D000ABF82220ABF8AE20BFE7BBF89C2043F27A
:1006E000343702EBC203C3F23337A3FB0737ABF84F
:1006F0001C2007F12002ABF82220ABF8B020ACE7B9
:1007000001208BF856108BF8580040F20000C2F21E
:1007100000000721017000208BF859009BF824008D
:100720000A2803D80520ABF82400D7E005388BF859
:100730002400D3E00120002B4FF000088BF8560076
:100740003FF4DEAC40F29D10C2F200008CF8008055
:1007500080F800800120ABF8560000208BF858008C
:1007600040F20000C2F20000032101709BF841003A
:1007700000210128ABF81E100DD0002840F0AE80FB
:10078000BBF81C00411F6A2838BF642188B2C00032
:1007900010FA81F07DE0BBF82200A0F12601FB28D1
:1007A00038BFD42188B2800010FA81F0ABF8221053
:1007B00048F63961A038C3F6E30150FB01F0410867
:1007C00001EBD07088E04C1EB4FA84F46409144044
:1007D000012C40F0AD804FF001088BF858800021CB
:1007E000BAE4B1FA81F149091140012911BF002190
:1007F00001218BF856104FF00008FFF79CBB012039
:100800008BF856108BF8580040F20000C2F200003E
:100810000521017000208BF859009BF8240000216D
:10082000C3288BF8251003D3C8208BF8240055E08B
:1008300005308BF8240051E00120002B4FF0000818
:100840008BF856003FF46BAC40F29D10C2F20000F2
:100850008CF8008080F8008000218BF8581040F25E
:1008600000010120C2F20001ABF8560008709BF8AD
:10087000410000210128ABF81E1017D070BBBBF857
:100880001C00411DB0F5F77F88BF4FF4FA7101EBF2
:10089000C10043F23432C3F23332A0FB020202F150
:1008A0002000ABF81C10ABF8220017E0BBF82200C8
:1008B00040F27D3200F12601904288BF4FF4697109
:1008C00001EB810048F63962A038C3F6E302A0FBD1
:1008D00002025008ABF82210ABF81C0042F6C02010
:1008E000C2F200000121017040F20000C2F20000DB
:1008F0000D21017001B0BDE8F08F9BF84E10013959
:10090000012900F2898040F20001C2F200010922AF
:100910000A7001218EF800104FF000080021FFF747
:100920000ABB4FF001088BF858800021002210E02C
:10093000B1FA81F149091140012911BF00210121BA
:100940008BF856104FF00008FFF706BC4FF0000878
:100950000021BBB140F29D140023C2F200048CF8C8
:10096000003023705AB3012A7FF406AB40F2000234
:100970000121C2F200020224ABF856108BF8583065
:100980001470A4E0002918BFB8F1000F23D159B1A9
:1009900040F20002C2F200020223137001228EF81C
:1009A000002000228BF85720B8F1000F4FF0000311
:1009B00073D040F20002C2F20002062464E04FF05D
:1009C000010840F200018BF85630ABF85880C2F2B3
:1009D000000106228AE04FF00108002A4FF00003D0
:1009E0007BD0012A69D087E0002301220121FFF793
:1009F0000FBB9BF84E10013901290DD840F20001C0
:100A0000C2F2000108220A7001218EF800104FF096
:100A100000080021FFF7A0BB4FF000080021FFF7FE
:100A2000ABBA4FF001088BF858800021002202E099
:100A30004FF00008002163B140F29D140023C2F280
:100A400000048CF8003023705AB3012A35D0FFF728
:100A500093BA002918BFB8F1000F27D151B140F265
:100A60000002C2F200020023137001228EF800205F
:100A70008BF85730B8F1000F4FF000030DD040F263
:100A80000002C2F2000204244FF0010814708EF834
:100A900000808BF85930FFF76FBA4FF00008FFF76E
:100AA0006BBA8BF856304FF0010818E04FF0010890
:100AB0004FF000038AB1012A1ED140F20002012149
:100AC000C2F20002ABF856108BF8583013708EF853
:100AD00000104FF00008FFF74FBA8BF8563040F285
:100AE0000001C2F200010422ABF858800A708EF8AF
:100AF00000800021FFF740BA0121FFF73DBA000056
:100B000088B043F600014EF60C50C0F60001CEF25C
:100B1000000041F2040601F50061C4F2020640F84B
:100B2000041C56F8041C41F0010146F8041C56F858
:100B3000041C89070CD456F8041C89075CBF56F8BE
:100B4000041C5FEA817103D456F8041C8907EED5B2
:100B5000316821F003013160316811F00C0F0BD0C6
:100B6000316811F00C0F07D0316811F00C0F03D071
:100B7000316811F00C0FEFD156F8041C4FF6FF72DC
:100B8000CFF6F262114046F8041C0021316041F6B4
:100B90001071B1624FF4801142F20403F1624FF41C
:100BA0001F01C4F202037160142143F8041C316A6E
:100BB00041F001013162316A890709D4316A89073C
:100BC0005CBF316A5FEA817102D4316A8907F2D56C
:100BD00056F8041C41F4803146F8041C002105E05D
:100BE00056F8041C89034FF0000115D456F8042C64
:100BF0009203F5D40A0B022AF2D856F8042C920379
:100C00005CBF56F8042C5FEA8232E9D456F8042C13
:100C100004319203EAD5E3E756F8041C41F00101E0
:100C200046F8041C56F8041C89070CD456F8041C1A
:100C300089075CBF56F8041C5FEA817103D456F83B
:100C4000041C8907EED531684B2241F480313160B4
:100C5000316821F400313160B16A62F31021B16270
:100C6000B16A012262F30711B162B16A022262F332
:100C70000201B162B16A41F00041B16256F8041C50
:100C800041F0807146F8041C56F8041C89010CD40C
:100C900056F8041C89015CBF56F8041C5FEA8111F8
:100CA00003D456F8041C8901EED53168042221F0E2
:100CB000F0013160316862F3CD213160316862F357
:100CC0000A213160316D022241F030013165316815
:100CD00062F30101316000BF00BF00BF00BF00BF71
:100CE00000BF00BF00BF00BF00BF00BF00BF00BF0C
:100CF00000BF00BF00BF00BF00BF00BF00BF00BFFC
:100D0000316801F00C0108290ED0316801F00C01A6
:100D1000082909D0316801F00C01082904D0316894
:100D200001F00C010829EBD1316D21F03001316562
:100D30003168C1F38101022905D0A1B9316D89055E
:100D400048BFF16A0FE03168B26A090C002A4FEA25
:100D5000C17102D43268326802E0B26AB26AB26A21
:100D6000002918BF31683168316940F6000A41F046
:100D7000010131613169C4F2010A41F04001316180
:100D80007169022341F0010171617169002741F02D
:100D90000401716171694FF0FF3941F0080171611F
:100DA00071694EF2041541F0100171617169CEF262
:100DB000000541F020017161716942F2084441F07F
:100DC00080017161716941F2000841F40071716143
:100DD000716940F6004B41F4805171617169C4F250
:100DE000010441F4804171617169C4F2010841F468
:100DF00000217161B169C4F2010B41F00101B161DF
:100E0000B16941F00201B161B16941F40031B161F0
:100E1000B16941F48021B161B16941F40021B1614E
:100E2000B16941F48011B1614FF63001CFF6FF7125
:100E30005AF8012063F312424AF8012001684FF684
:100E4000FF02114040F20032C0F2FA521143016039
:100E50000168077301684773016887730168C77485
:100E6000016807750168877501680423C1F30221D1
:100E700081F00702042A28BF1A46033909FA02F250
:100E800038BF3946D24302FA01F10901C175016840
:100E90004EF21C41CEF200010F704FF0805245F827
:100EA000042C0268C2F30222D31E38BF3B46073A25
:100EB00018BF01229A4012014A704FF0005245F8C3
:100EC000042C0268C2F30222D31E38BF3B46073A05
:100ED00018BF01229A4012014A7220222A60026839
:100EE000C2F30222D31E38BF3B46073A18BF012285
:100EF0009A4012018A7240222A600268C2F30222DA
:100F0000D31E38BF3B46073A18BF01229A40120150
:100F1000CA7280222A600268C2F30222D31E38BF3E
:100F20003B46073A18BF01229A4012010A764FF455
:100F300080122A600068C0F30220C21E38BF3A4601
:100F4000073818BF01209040000148764FF4001088
:100F5000286003A8F6F7D8FE049844F6D351C1F2EE
:100F60006201A0FB010155F8F40C40F0040045F8C3
:100F7000F40C09EB911045F8F00C45F8EC7C55F8B1
:100F8000F40C03AF40F0030045F8F40C41F6000008
:100F9000C0F2001004903020039040463946FEF71E
:100FA0000DFC032003901820ADF811005846394677
:100FB000FEF704FC4FF61440CFF6FF7010214BF8FB
:100FC0000010042040F20045CBF810004FF4A04080
:100FD000C0F21025CBF81400CDE903155046394670
:100FE000FEF7ECFB45F204000390584639460495A1
:100FF000FEF7E4FB4EF68E7003904FF441754046C9
:101000003946ADF81150FEF7D9FB49F602100390AE
:1010100050463946ADF81150FEF7D0FB42F2F83099
:10102000039058463946ADF81150FEF7C7FBC02073
:10103000039008F540603946ADF811500090FEF776
:10104000BDFB40F20040C0F203100490012503A94B
:1010500040460395FEF7B2FBB0680A2140F40070E9
:10106000B060B06820F40070B060306865F38F3015
:101070003060306820F080503060206840F400001C
:10108000206054F8040C20F4807044F8040C2068AC
:1010900020F002002060206820F400602060606A78
:1010A00020F470006062606840F007006060E06AF1
:1010B00061F30400E062206820F000702060206886
:1010C00040F460202060206840F48010206054F8D4
:1010D000040C20F4006044F8040C206840F0010087
:1010E0002060206840F0080020602068000709D5D3
:1010F0002068000744BF20685FEA007002D52068BE
:101100000007F2D4206840F0040020602068400707
:1011100009D52068400744BF20685FEA407002D5C7
:1011200020684007F2D420684FF0000B40F48000A4
:1011300020600820C4F2020001684BF6EF7221F033
:1011400001010160C0F800B0C0F804B0C0F808B0F8
:10115000C0F80CB050F8041C40F6000641F00F0136
:1011600040F8041C016840F200441140016001682D
:1011700001AF41F4804101600168C4F2010621F42D
:1011800040510160016845F20C0521F440610160A5
:10119000016844F60C0821F440710160016844F2D2
:1011A0000C4A41F0800101600168C0F2082441F05E
:1011B000400101600168C4F2000521F020010160D6
:1011C000C0F804B0C0F808B0C0F80CB0C0F804B063
:1011D000C0F808B0C0F80CB00168C4F2000821F0F3
:1011E000010101604FF40070019030463946C4F2AD
:1011F000000A0294FEF7E2FA40F20040C0F200203A
:1012000002904FF48060019030463946B146FEF7B7
:10121000D5FA03A8F6F778FD05984BF2C53300EB35
:1012200080004000C9F2A213A0FB031245F2D521B1
:10123000CEF60411A0FB0101100C0A0D1E4602EBB4
:101240008203A0EB4300042843F60C00C4F2010023
:101250004FF0010388BF03EB115250F8041C4FF606
:10126000FF739943114440F8041C016801AF21F455
:1012700080510160416821F440514160016841F0B2
:1012800008010160016841F004010160016821F476
:1012900000710160016821F480610160816821F4BE
:1012A00080718160816821F400718160016841F082
:1012B00020010160016841F040010160016841F4D2
:1012C0000051016004200190484639460294FEF71F
:1012D00075FA40F20040C0F2002002900820019010
:1012E00048463946FEF76AFA03A8F6F70DFD069858
:1012F00045F2D52900EB80004000A0FB0612CEF697
:101300000419A0FB0901100C0A0D02EB8203A0EBEB
:10131000430004285AF8040C4FF001036FF30F0048
:1013200088BF03EB115210444AF8040CDAF80000AD
:1013300001AF20F48050CAF80000DAF80400394602
:1013400020F44050CAF80400DAF8000040F0080029
:10135000CAF80000DAF8000040F00400CAF8000003
:10136000DAF8000020F40070CAF80000DAF8000093
:1013700020F48060CAF80000DAF8080020F48070D9
:10138000CAF80800DAF8080020F40070CAF808006B
:10139000DAF8000040F02000CAF80000DAF8000097
:1013A00040F04000CAF80000DAF8000040F40050B5
:1013B000CAF80000029440F600444FF48060C4F282
:1013C000010401902046FEF7F9F940F20040C0F216
:1013D000002002904FF40060019020463946FEF74D
:1013E000EDF903A8F6F790FC069801AF00EB80003A
:1013F0004000A0FB0612A0FB0901100C0A0D02EB35
:101400008203A0EB43000428DAF8FC034FF0010349
:101410006FF30F0088BF03EB11521044CAF8FC03AE
:10142000D8F80000394620F48050C8F80000D8F8F9
:10143000040020F44050C8F80400D8F8000040F040
:101440000800C8F80000D8F8000040F00400C8F810
:101450000000D8F8000020F40070C8F80000D8F8A8
:10146000000020F48060C8F80000D8F8080020F4DC
:101470008070C8F80800D8F8080020F40070C8F898
:101480000800D8F8000040F02000C8F80000D8F8A4
:10149000000040F04000C8F80000D8F8000040F418
:1014A0000050C8F8000040F20040C0F20820009C44
:1014B0000290102001902046FEF780F940F200498A
:1014C0002020C0F20029019020463946CDF808902E
:1014D000FEF774F94FF62C0040F60002CFF6FF70CD
:1014E000C4F201021158012464F31F71115003A8C2
:1014F000F6F70AFC06984BF2C53A00EB8000400074
:10150000C9F2A21AA0FB0A1245F2D521CEF60411A7
:10151000A0FB0101100C0A0D02EB8203A0EB4300BB
:101520000428D8F8FC0388BF04EB11526FF30F00B6
:101530001044C8F8FC03D8F8000440F2004720F437
:101540008050C8F800044FF60440CFF6FF702958C9
:1015500001AC21F440512950D8F80004C0F208270A
:1015600040F00800C8F80004D8F8000440F0040077
:10157000C8F80004D8F8000420F40070C8F800048B
:10158000D8F8000420F48060C8F800044FF6084042
:10159000CFF6FF70295821F480712950295821F481
:1015A00000712950D8F80004214640F02000C8F806
:1015B0000004D8F8000440F04000C8F80004D8F84F
:1015C000000440F40050C8F800044FF4805001902B
:1015D00041F20000C4F2010002970646FEF7EEF861
:1015E0000420019006F580602146CDF80890FEF7B2
:1015F000E5F803A8F6F788FB069840F6000600EB2E
:1016000080004000A0FB0A1245F2D521CEF604115D
:10161000A0FB0101100C0A0D02EB8203A0EB4300BA
:10162000042855F8040C4FF001036FF30F0088BF36
:1016300003EB1152104445F8040C286803AC20F465
:10164000805028606868C4F2010620F44050686049
:10165000286840F008002860286840F004002860EE
:10166000286820F400702860286820F480602860D2
:1016700045F21400C4F20000016821F48071016099
:10168000016821F4007101602868214640F02000C3
:101690002860286840F040002860286840F4005026
:1016A00028602020039030460497FEF787F8CDF895
:1016B000109043F20009402530462146C4F201094A
:1016C0000395FEF77BF8802003903046214604976F
:1016D000BA46FEF773F8D9F81C00012120F4006027
:1016E000C9F81C00D9F80000012720F40040C9F80F
:1016F0000000D9F8000020F48040C9F80000D9F8B3
:10170000000020F48060C9F80000D9F8000040F41F
:101710000070C9F80000D9F8000040F48070C9F8E2
:101720000000D9F8000040F00400C9F80000D9F822
:10173000040020F48070C9F80400D9F8000061F3B7
:10174000C500C9F80000D9F8000020F08000C9F8F1
:101750000000D9F8000020F40060C9F80000D9F8B2
:10176000000040F00200C9F80000D9F8000040F085
:101770000100C9F80000D9F8000040F04000C9F8A5
:101780000000039103A93046CDF810A0FEF716F82B
:101790004FF080400168022221F070010160016871
:1017A000042462F3092101600168C4F2000421F0FD
:1017B000800101604EF65F21A162502161622169C2
:1017C000062341F001012161616821F0800161601F
:1017D000216821F070012160016841F00801016079
:1017E0002168E26921F400712160216867F3030236
:1017F0002160216821F48071216021682160616984
:1018000021F003016161616963F306116161E261C5
:10181000C4F830B0616921F008016161616941F08B
:1018200004016161016841F001010160A06803A940
:1018300040F00100A06040F20040C0F200100490AF
:1018400041F20000C4F201000395FDF7B7FF4FF627
:101850002400CFF6FF703158032262F30B21315080
:10186000D4F8FC0343F6972120F07000C4F8FC0381
:10187000D4F8FC0320F44070C4F8FC03D4F8FC0353
:1018800020F08000C4F8FC0340F22040C4F20000C5
:10189000C16040F2CF71816050F80C1C41F0010131
:1018A00040F80C1C50F8181C21F0800140F8181C5E
:1018B000D4F8001421F07001C4F80014016821F07C
:1018C00001010160016821F002010160016821F05D
:1018D0000801016050F8081C67F3010140F8081C7A
:1018E00050F8081C21F0F00140F8081C50F8081CC2
:1018F00021F00C0140F8081C016841F00101016071
:10190000D4F8FC1341F00101C4F8FC1350F8141C86
:1019100041F0020140F8141C4FF40040CDE9030AE5
:1019200040F6004003A9C4F20100FDF747FF4FF65F
:101930002000CFF6FF703158022262F303013150CC
:1019400044F60040C4F201000268016A22F070020D
:1019500002600268062322F440720260026842F6C6
:10196000096522F080020260FF22C26213228262B5
:10197000426942F6A55642F0010242614268C0F651
:10198000010522F4006242604268C0F6010642602E
:10199000426842F6AC4422F4806242604268C2F27D
:1019A0000004426021F050020262826967F307116D
:1019B00022F440728261826963F30E3282610162B5
:1019C000C0F838B0816942F6716221F4006181612A
:1019D000816942F69D4321F4806181610168C0F60E
:1019E000010241F00101016043F20800C4F202006B
:1019F0004FF0FF3181600168C0F6010321F018014A
:101A0000016041F6B751C0F2C141C160016821F0E7
:101A100060010160016821F080010160016841F00E
:101A20000101016043F2000145F25550C4F200018A
:101A30000860486867F30200486040F69F7088605D
:101A40004AF6AA20086042F2642042F65D5142F64E
:101A5000CD47C2F20000C0F60101C0F60107C0E99F
:101A60000021C0E90237C0E9045680F8C0B04FF643
:101A7000A510C4E90021C0F60000D221C4E9023754
:101A8000C4E904569847A2684FF64930C0F60000F2
:101A900019219047A26847F6F930C0F600001421DA
:101AA0009047A26847F6A970C0F600000121904750
:101AB000A26844F6ED60C0F601000A210A259047AD
:101AC000A26842F21D10C0F6010032213227904771
:101AD000A2684AF2FD70C0F600004FF4C87190474A
:101AE000A26842F2C540C0F6010005219047A268F5
:101AF00042F62570C0F6010005219047A26843F622
:101B00008970C0F6010005219047A26842F6A9300D
:101B1000C0F601004EF660219047A2684AF679109F
:101B2000C0F600000A21904742F64010C2F20000C1
:101B3000282202854FF001120126C0E90F6240F20F
:101B40000012C0F20102C0F84D2042F63162C2F626
:101B500030624266826740F22C12C0F22802C0F85E
:101B600096201E22C0F24012C0F89A203222C0F203
:101B70002802C0F89E2040F25E12C0F23C02C0F87B
:101B8000A22032220123C0F27C1280F8247080F857
:101B90002670C0F200234FF48037C0F8A6205022F0
:101BA000C821C0E911373023C0F23C026427818389
:101BB00080F8566080F8586080F8683080F87C3093
:101BC000C0F8AA20A0F8B6701423A0F8BE103222E4
:101BD000A0F8C610A0F8CE10A0F8D610A0F8DE70BD
:101BE000A0F8E610A0F8EE10A0F8F610C8270A2614
:101BF000A0F80C11A0F81411A0F81C11A0F83211D3
:101C0000A0F83A11A0F842110A21C0F23C03C0F238
:101C10000A02C0F23207C0F26406C0F2C80180F8BE
:101C200000B0C0F804B0C0E904BBA0F81EB0A0F832
:101C300022B080F825B080F827B0A0F832B0C0F804
:101C40002CB080F830B0C0F836B0A0F83AB080F8C8
:101C500051B0A0F852B080F854B0A0F88CB0C0F8E1
:101C60008E50C0F892B0C0F8BA30C0F8C220C0F8A8
:101C7000CA20C0F8D220C0F8DA20C0F8E230C0F89C
:101C8000EA20C0F8F220C0F8FA20C0F8FE70C0F8D0
:101C90000261C0F80831C0F81021C0F81821C0E96D
:101CA0004827C0F82861C0F82E31C0F83621C0F8A6
:101CB0003E21C0F84621C0F84A71C0F84E61C0F814
:101CC0005231C0F85671C0F85A11C0F85E21C0F800
:101CD0006271C0F86611C0F86A2142F6C42047F666
:101CE0009D1144F62122C2F20000C0F60001C0F6A8
:101CF000000280F800B0C0E94112013040F2011149
:101D0000F2F719FC42F210200021C2F20000C4F2E6
:101D10007A4142F200034FF08142C4F24B7380E8F3
:101D20000E004BF60001C4F20871C0F820B0C0F8F4
:101D30001CB0C0F814B0C0F810B0C0F80CB04162CC
:101D400047F60071C4F23B71816243F60000C0F6B1
:101D50000000026844F63831C4F254118A4213D1AB
:101D600040F2231142F20405C4F26751C4F20205A5
:101D7000296048F6AB11CCF6EF512960F8F7A6FDC3
:101D8000E86840F08000E86042F6384040F6EF51E5
:101D9000C2F20000C2F2000181604FF480618180D4
:101DA0000021C0F800B000BF82684B1C02F801B0EF
:101DB0008288934217D282688B1C0A4482F801B051
:101DC000828893420FD28268CB1C0A4482F802B008
:101DD0008288934207D282680A4482F803B08288DC
:101DE00004319142E0D341F2EF12C2F2000282616B
:101DF0004FF4806200218282002201618369571CB6
:101E00009954838A9F4214D28369971C1344597052
:101E1000838A9F420DD28369D71C13449970838AA9
:101E20009F4206D283691344D970838A04329A424E
:101E3000E4D309F50061016242F65C4041F2EF52E1
:101E4000C2F20000C2F2000282604FF48062002100
:101E500082800022016000BF8368571C99548388E8
:101E60009F4214D28368971C1344597083889F4201
:101E70000DD28368D71C1344997083889F4206D281
:101E800083681344D970838804329A42E4D341F6BC
:101E9000EF12C2F2000282614FF48062002182825E
:101EA000002201618369571C9954838A9F4214D28E
:101EB0008369971C13445970838A9F420DD28369AA
:101EC000D71C13449970838A9F4206D283691344B6
:101ED000D970838A04329A42E4D343F20001C4F2F7
:101EE000000101F5A051016242F68040C2F20000FB
:101EF00041F6EF514FF480630022C2F2000183806B
:101F000000230260816000BF87685E1CFA548788E6
:101F1000BE4214D287689E1C1F447A708788BE42D6
:101F20000DD28768DE1C1F44BA708788BE4206D275
:101F300087681F44FA7087880433BB42E4D3816109
:101F40004FF48061002281820021026183694F1C6D
:101F50005A54838A9F4214D283698F1C0B445A704F
:101F6000838A9F420DD28369CF1C0B449A70838A67
:101F70009F4206D283690B44DA70838A0431994206
:101F8000E4D344F20C41C4F2000101F57D71016219
:101F900042F6F030C2F2000040F2EF514FF480639D
:101FA0000022C2F20001838000230260816000BF32
:101FB00087685E1CFA548788BE4214D287689E1CCC
:101FC0001F447A708788BE420DD28768DE1C1F448A
:101FD000BA708788BE4206D287681F44FA70878825
:101FE0000433BB42E4D381614FF4806100228182DB
:101FF0000021026183694F1C5A54838A9F4214D284
:1020000083698F1C0B445A70838A9F420DD2836967
:10201000CF1C0B449A70838A9F4206D283690B447B
:10202000DA70838A04319942E4D344F60C01C4F295
:10203000000101F57D71016242F61440C2F2000018
:1020400040F6EF114FF480630022C2F2000183805A
:1020500000230260816000BF87685E1CFA54878895
:10206000BE4214D287689E1C1F447A708788BE4285
:102070000DD28768DE1C1F44BA708788BE4206D224
:1020800087681F44FA7087880433BB42E4D38161B8
:102090004FF48061002281820021026183694F1C1C
:1020A0005A54838A9F4214D283698F1C0B445A70FE
:1020B000838A9F420DD28369CF1C0B449A70838A16
:1020C0009F4206D283690B44DA70838A04319942B5
:1020D000E4D345F20C01C4F200010C39016242F66E
:1020E000A440C2F20000016840F6B83240F6B933AD
:1020F00007687F1A97420BD807687F1A974207D85C
:1021000007687F1A974203D807687F1A9F42EFD368
:1021100060688047FCE70000F5F748FDB0B542F67F
:102120004014C2F2000494F8550068B140F614401F
:10213000C4F201004FF48041016044F63840C4F21B
:10214000010000210160B0BD2078012840F0C0806E
:1021500094F8401094F83E00012908BF00280CD0E4
:10216000022908BF002827D000285FD044F6384055
:10217000C4F20100FF21016058E094F83F000328F9
:1021800033D0002852D194F83C00002800F0EA80B7
:1021900094F83D2094F84A10012808BF012A00F065
:1021A000F98080F00100104318BF00293ED142F2AF
:1021B0003C2194F824001CE094F85100002800F021
:1021C0008880606844F6384542F23C21C4F201053B
:1021D000C2F200010022FA280A70C0F09B8064203D
:1021E00084F82700FF20286020E042F23C2194F888
:1021F0002600C2F2000100220A70F2F7BEFA4AF687
:10220000146241F27A43CEF24712C3F6F273F2F748
:1022100072F80023C4F23E030022F1F7C5FFF2F783
:1022200005FB44F63841C4F20101086094F840000F
:10223000022815D001284BD194F83F00002847D13F
:1022400094F83C00A0B394F83E1089BB01283FD11C
:1022500094F83D00E0BB40F61440C4F201000BE0EE
:1022600094F8500001281ED194F83E00002840F652
:102270001440C4F201001FD14FF4804140F8041C07
:1022800040F24A0094F85320C2F200000188002A6C
:1022900004BF0139018009041AD10A2101800120FB
:1022A00084F85300B0BD98B96068452888BFB0BDB8
:1022B00040F61440C4F201004FF480410160002058
:1022C00084F8530040F24A00C2F200000A21018063
:1022D000B0BD94F85000002866D00128A6D194F82B
:1022E0008C0042F23C21C2F20001002203280A7055
:1022F0009CD8DFE800F002B096A394F84F000138B4
:1023000003283FF693AFDFE800F002D6C1CDB4F862
:10231000BA0072E7462838D3F2F72FFA49F69A1234
:1023200049F69913C9F69912C3F6D973F1F7E3FF89
:10233000F2F75DFA84F82700F2F71FFA4AF6146202
:1023400041F27A43CEF24712C3F6F273F1F7D3FFAC
:102350000023C4F23E030022F1F726FFF2F766FAEB
:10236000286063E76068A0F13C0242F23C20C2F2C0
:1023700000000178092A23D800297FF457AF44F6DA
:102380003840C4F201003421F5E63C2822D3342041
:1023900028604BE701297FF404AF6068FA2806D271
:1023A0004628FFF443AF22E06068FA2817D3642080
:1023B00084F8270044F63840C4F201008F21DAE6A1
:1023C000002904BF0121017044F63840C4F2010025
:1023D0000021D0E6012008700020286026E742F2A4
:1023E0003C21C2F20001462812D30978A9B9F2F7BC
:1023F000C4F949F69A1249F69913C9F69912C3F627
:10240000D973F1F778FFF2F7F2F984F82700F4E6D0
:102410000A783C282CD3002AB1D0002084F8270069
:1024200004E794F84F00013803283FF6FFAEDFE8D9
:1024300000F002302427B4F80801DEE694F84F00DB
:10244000013803283FF6F2AEDFE800F0022F1D2925
:10245000B4F82E01D1E694F84F00013803283FF676
:10246000E5AEDFE800F0022B1925B4F8E200C4E67F
:10247000002A04BF01200870A6E7B4F81801BCE6E2
:10248000B4F82001B9E6B4F83E01B6E6B4F8CA00E3
:10249000B3E6B4F81001B0E6B4F8F200ADE6B4F873
:1024A0004601AAE6B4F8D200A7E6B4F83601A4E6DD
:1024B000B4F8FA00A1E6B4F8C2009EE6B4F8EA0067
:1024C0009BE6000042F64013C2F2000393F8550069
:1024D000002818BF70472DE9F04F89B042F22A3525
:1024E000C2F20005288842F22C3BC2F2000B0130F8
:1024F000BBF8002043F2000A81B242F2303842F6C3
:102500003846C4F2020A01320529C2F20008C2F2BA
:1025100000062880ABF80020C0F0788142F6341025
:10252000C2F200000078002840F0A48042F6EB30B0
:10253000C2F200000123037042F6ED30C2F2000047
:10254000037042F6EF30C2F20000037042F25F20E7
:10255000C2F2000003704FF2E070C1F6FF70016834
:1025600040F2A019C2F20009C9F80010017A0892DD
:1025700089F804100791417A89F805100691817A4B
:1025800089F806100591C17A89F807100491017B3A
:1025900089F808100391417B89F809100291817B29
:1025A00089F80A100191C17B89F80B10077C009112
:1025B00089F80C7090F811B0F02189F80DB0847C86
:1025C00089F80E4090F813A008F5057089F80FA05F
:1025D000F1F7B1FF06980799000440EA01600599F8
:1025E000039A40EA0120049942F6401308440299F4
:1025F000C8F80402090441EA0261019AC2F2000328
:1026000041EA0221009A11444FEA0B4242EA076272
:1026100042EA0422C8F8081299F81010524443F212
:10262000000AC4F2020A0906C8F80C22089AC8F87F
:102630001012CAF80000D8F8080242F22C3BCAF87F
:102640000000D8F80C02C2F2000BCAF80000DAF859
:102650000000DAF8081041F00101CAF8081042F64B
:102660003811C2F20001086042F634110120C2F2B2
:102670000001087040F29200C2F2000001780129C6
:1026800000F0BA80002940F0BF80D12088F8020114
:102690004FF00130C8F803014FF42060A8F807019B
:1026A00042F6EB30C2F20000007842F6ED31C2F2A1
:1026B0000001097888F8090142F6EF30C2F2000003
:1026C0000892002918BF0421007888F80A11002810
:1026D00018BF052088F80B0142F6381042F25F213E
:1026E000C2F20000C2F200010068097800BA88F85E
:1026F0000C110025C8F80F0108F501704FF4807126
:102700009946A8F80D51F1F716FFD8F80301D8F84B
:102710000711D8F80B21D8F80F3100BA08F5017C61
:1027200009BA12BA1BBA8CE80F00CAF80000D8F830
:102730000802CAF80000D8F80C02CAF80000D8F85D
:102740001002CAF80000DAF80000DAF8081041F0C8
:102750000101CAF80810010E88F81311010C88F85D
:102760001411010A88F81601F02088F8151188F86C
:102770001701328AB18A40F29200C2F2000000BF13
:10278000531CB3FBF1F707FB1131738A99422CD02C
:1027900008EB050191F80231B769BB54328AB38A5C
:1027A0000132B2FBF3F707FB1322571CB7FBF3F41C
:1027B000328204FB1373778ABB4216D091F803115F
:1027C000B36902359954328AB18A0132B2FBF1F30E
:1027D000162D03FB11223282D2D1707F012840F0E6
:1027E000F68040F29200C2F2000042F22A35089AC6
:1027F0004B46C2F2000505E00221017042F2602062
:10280000C2F20000022101700020288090B26428EA
:10281000C0F0F28040F2D110C0F20210C8F80201FC
:1028200001209C68A8F80601062088F8080120BA53
:10283000D3F81890000C93F84170A8F8090100250E
:1028400008F50470F42188F80B9188F80C71A8F849
:102850000D51F1F770FE40F201103904C0F2021080
:10286000C0F2060441EA0961C8E98104C8F80C1203
:10287000CAF80000D8F8080242F6D031CAF80000C1
:10288000D8F80C02C2F20001CAF80000DAF8000021
:10289000F0220860DAF8080040F00100CAF80800E9
:1028A000086888F81321010E88F80F11010C88F8C8
:1028B0001011010A88F8111188F81201318AB08AC2
:1028C0004A1CB2FBF0F303FB1020728A904200F026
:1028D000908008EB050090F80221B3695A54318AC0
:1028E000B28A0131B1FBF2F303FB12114B1CB3FBB3
:1028F000F2F7318207FB1232738A9A4279D090F84C
:102900000321B3695A54318AB28A0131B1FBF2F31F
:1029100003FB12114B1CB3FBF2F7318207FB12329F
:10292000738A9A4265D090F80421B3695A54318A67
:10293000B28A0131B1FBF2F303FB12114B1CB3FB62
:10294000F2F7318207FB1232738A9A4251D090F823
:102950000521B3695A54318AB28A0131B1FBF2F3CD
:1029600003FB12114B1CB3FBF2F7318207FB12324F
:10297000738A9A423DD090F80621B3695A54318A3D
:10298000B28A0131B1FBF2F303FB12114B1CB3FB12
:10299000F2F7318207FB1232738A9A4229D090F8FB
:1029A0000701B26906355054318AB08A0131B1FB52
:1029B000F0F2122D02FB101131827FF481AF727F91
:1029C000012A16D0728A8A4207D100200DE0708A4F
:1029D000904240F0BA800020BFE0511CB1FBF0F300
:1029E000B76903FB1011B85C7182316A486001203D
:1029F00070770020ABF80000707B022840F0CC809C
:102A00003188B268B388748808F101074FF0000E6E
:102A10004FF0010CA5B2A94234D01CFA84F4B4FBE7
:102A2000F3F0555D00FB13443D70A0B28142748009
:102A300020D0105D7870601CC41A18BF0446A5B27F
:102A4000A942748019D01CFA84F0B0FBF3F4555DF0
:102A500004FB1304BD70A0B28142748010D0105DDD
:102A60000EF1040EF870601CC41A18BF044674807E
:102A70000437CFE74EF0010E04E04EF0020E01E005
:102A80004EF0030E002070735FFA8EF0162888F85F
:102A900001E140F0848098F80100D1287CD198F8B9
:102AA0001600F02878D108F501704FF48071F1F725
:102AB00042FDD8F80200D8F80610D8F80A20D8F855
:102AC0000E3000BA08F5017C09BA12BA1BBA8CE8BC
:102AD0000F00CAF80000D8F80802CAF80000D8F8B9
:102AE0000C02CAF80000D8F81002CAF80000DAF8A0
:102AF0000000DAF8081041F00101CAF8081098F84F
:102B00001210B1EB106F47D198F81310C0F30742C1
:102B1000914241D198F81410C0F3072291423BD161
:102B200098F81510C0B2814236D198F8022098F872
:102B3000031098F80500012A08BF01291CD0022AB9
:102B400008BF012920D000BF26E0421CB2FBF1F3F0
:102B5000B76903FB1121385C7182316A089A4860B9
:102B6000012042F22A35707740F292004B46C2F2C1
:102B70000005C2F2000045E60028E0D140F29200D4
:102B8000C2F20000002106E00028DCD140F29200F1
:102B9000C2F2000001210170002088F8010109B093
:102BA000BDE8F04F7047000042F64010C2F200004E
:102BB000D0E95C12013142F10002C0E95C127047B9
:102BC00080B542F20E2CC2F2000CBCF8002042F29A
:102BD0000040092AC4F2010029D8C3680A2143F041
:102BE0000703C360436B61F304034363816841F4EB
:102BF000800181600168890709D4016889075CBF89
:102C000001685FEA817102D401688907F2D542F652
:102C1000E831C2F20001C06C0B88184483B208800E
:102C2000501C81B2B3FBF1F2ACF800002FE042F689
:102C3000E83CC2F2000CBCF800E0C1680A2241F096
:102C40000701C160416B4CF6CD4362F3040141635F
:102C500081680EFB03F3DB0C41F4800181600168A5
:102C6000890709D4016889075CBF01685FEA81713F
:102C700002D401688907F2D5C06CAEEB03010844A9
:102C8000ACF8000080B24CF6CD414843C20C90082D
:102C90001109FE2988BF4FF47F7080BD42F2642C79
:102CA000C2F2000C9CF8C0300D2B84BF012070478D
:102CB00003EB43020CEB82029061D18391830020ED
:102CC000591C82F820008CF8C010704710B542F2F1
:102CD000642EC2F2000E9EF8C0104EF2100CCEF21E
:102CE000000C01B30422CCF800200022CCF808200C
:102CF0004A1E0EF12403114653F80C4C844214D0A2
:102D000089B11C68844215D001290CD0DC6884424A
:102D10000DD0022907D09C6984420AD004394C1C8A
:102D200003F13003E8D1012014E00C3B02E00C3346
:102D300000E01833D0B2400050FA82F00EEB800071
:102D4000D0E906148EF8C020C3E9001490F82000E2
:102D5000187200200421CCF8001010BD70B542F2AA
:102D60006424C2F2000494F8C000002808BF70BDBB
:102D700004F11805002604E00136864205F10C0531
:102D80000ED2A9880029F7D1297A0129F4D029681F
:102D9000EA880029AA80EFD0884794F8C000EBE7C2
:102DA00070BD000042F26422C2F2000292F8C0300C
:102DB000E3B102F1240C013B5CF80C2C824217D0E9
:102DC000A3B1DCF8002082421AD0012B0ED0DCF82F
:102DD0000C2082420FD0022B08D0DCF8182082424F
:102DE0000CD0043B5A1C0CF1300CE5D1012070478B
:102DF000ACF10C0C04E00CF10C0C01E00CF1180C23
:102E000000208CF80810704742F26422C2F20002DF
:102E100092F8C030E3B102F1240C013B5CF80C2CB9
:102E2000824217D0A3B1DCF8002082421AD0012BD5
:102E30000ED0DCF80C2082420FD0022B08D0DCF838
:102E4000182082420CD0043B5A1C0CF1300CE5D106
:102E500001207047ACF10C0C04E00CF10C0C01E00B
:102E60000CF1180C0020ACF80410ACF806107047F8
:102E700042F2642CC2F2000C9CF8C010002908BF7A
:102E8000704780B5042901F0030E01D2002224E02E
:102E90000CF1400301F0FC01002200BF33F8240CC8
:102EA000043200281CBF013823F8240C33F8180C16
:102EB00000281CBF013823F8180C33F80C0C00282C
:102EC0001CBF013823F80C0C188800281CBF0138DF
:102ED0001880914203F13003E0D1BEF1000F1DD004
:102EE00002EB42000CEB80010A4632F81C3F002B3B
:102EF0001CBF581E1080BEF1010F0FD00A4632F8D9
:102F0000283F002B1CBF581E1080BEF1020F05D0B9
:102F100031F8340F00281CBF01380880BDE880401C
:102F2000704700002DE9F04742F64019C2F200094F
:102F300099F8550008B1BDE8F08742F6F03AC2F2C0
:102F4000000A9AF80D0040F29D080228C2F200081B
:102F500040F0C28040F2BC1CBAF80020DAF8083019
:102F6000BAF80450C2F2000CBAF802000CF10107E2
:102F700000214FF0010E00BF84B2A24237D01EFAEA
:102F800080F0B0FBF5F61C5D06FB15003C7084B2CA
:102F9000A242AAF8020022D01C5C7C70441C601B78
:102FA00018BF204684B2A242AAF802001AD01EFA24
:102FB00080F0B0FBF5F61C5D06FB1500BC7084B21A
:102FC000A242AAF8020010D01C5C0431FC70441C20
:102FD000601B18BF2046AAF802000437CCE741F076
:102FE000010104E041F0020101E041F00301002091
:102FF0008AF80D00C8B216288CF8011140F07380D1
:103000009CF80100D12867D19CF81600F02863D104
:10301000DCF80200DCF80610DCF80A20DCF80E30E0
:1030200000BA09BA0CF5017E12BA1BBA8EE80F007D
:1030300043F20001C4F202010860DCF808020860F3
:10304000DCF80C020860DCF81002086008688A6886
:1030500042F001028A609CF81210B1EB106F3BD174
:103060009CF81310C0F30742914235D19CF814101C
:10307000C0F3072291422FD19CF81510C0B28142B3
:103080002AD19CF802109CF80300012908BF0628E9
:1030900006D001291FD1F8B9122088F800001BE0E2
:1030A0009CF80500062800F0F485072814D19CF848
:1030B0000F00013808280FD8DFE810F09F06A4069B
:1030C0000900C806C306F506D60603074906082008
:1030D00088F8000000E000BF40F2BC10C2F200001F
:1030E000002180F8011198F80000122888BFBDE87F
:1030F000F087DFE810F013008D019D023101F50229
:103100002203BB0210045C01DF032F0156011903E7
:103110004F00BD014A00EB02080742030120A9F855
:103120005B00A9F8560099F8410000210128A9F890
:103130001E1000F06184002840F0D98442F2F010A3
:10314000C2F200000468B9F81C00F1F700FB014668
:103150002046F1F7FBF9F1F71DFB81087C2900EB14
:10316000C00288BF4FF4FA70A9F81C0090B24CF668
:10317000CD425043202202EB90407C2988BF4FF47F
:103180006970A9F8220000F0B2BC002089F8410063
:1031900000F0B9BE42F68040C2F20000038A818A84
:1031A0005F1CB7FBF1F640F2880206FB1177468AF6
:1031B000C2F200020221B742517200F0A2861778D3
:1031C0008669F754038A878A0133B3FBF7F606FB57
:1031D00017335E1CB6FBF7F5038205FB1767468ABB
:1031E000B74200F08E8657788669F754038A878A3B
:1031F0000133B3FBF7F606FB17335E1CB6FBF7F59E
:10320000038205FB1767468AB74200F07A869778F3
:103210008669F754038A878A0133B3FBF7F606FB06
:1032200017335E1CB6FBF7F5038205FB1767468A6A
:10323000B74200F06686D7788669F754038A878A92
:103240000133B3FBF7F606FB17335E1CB6FBF7F54D
:10325000038205FB1767468AB74200F0528617794A
:103260008669F754038A878A0133B3FBF7F606FBB6
:1032700017335E1CB6FBF7F5038205FB1767468A1A
:10328000B74200F03E8657798669F754038A878AE9
:103290000133B3FBF7F606FB17335E1CB6FBF7F5FD
:1032A000038205FB1767468AB74200F02A869779A2
:1032B0008669F754038A878A0133B3FBF7F606FB66
:1032C00017335E1CB6FBF7F5038205FB1767468ACA
:1032D000B74200F01686D7798669F754038A878A41
:1032E0000133B3FBF7F606FB17335E1CB6FBF7F5AD
:1032F000038205FB1767468AB74200F00286177AF9
:103300008669F754038A878A0133B3FBF7F606FB15
:1033100017335E1CB6FBF7F5038205FB1767468A79
:10332000B74200F0EE85527A8769FA54038A828A9E
:103330000133B3FBF2F7467F07FB1237012E0782FA
:1033400000F0DF85438ABFB2BB4240F0CE85002249
:1033500000F0D3BD012027E00120A9F85B00A9F807
:10336000580099F83F000021032889F8251000F043
:103370000383002840F0BB8342F20020C2F2000029
:10338000046899F82400F1F7E2F901462046F1F7C4
:10339000DDF8F1F7FFF9C82828BFC82089F8240014
:1033A000A5E3002089F83F0089F84D00BFE199F8B6
:1033B0003F0001244FF001110028A9F85B40C9F833
:1033C000561040F04F840020A9F81E0089F825000F
:1033D00099F841000321002889F88D1000F09A83A4
:1033E000012840F0A983B9F8B20048F63961A9F87C
:1033F000220000EB8000A038C3F6E30150FB01F08F
:10340000411001EBD070A9F81C00A9F8A20093E3C9
:103410000120A9F85B00A9F8560099F841000021A5
:103420000128A9F81E1000F0BC82002840F05F833C
:1034300042F2F010C2F200000468B9F81C00F1F783
:1034400086F92146F1F7D4F8F1F7A4F943F23432C2
:10345000642898BF642000EBC001C3F23332A1FBA3
:103460000212A9F81C0002F12000A9F822003EE394
:1034700042F68040C2F20000038A818A5F1CB7FBDB
:10348000F1F640F2880206FB1177468AC2F200028A
:103490000121B742517200F04D8517788669F754C3
:1034A000038A878A0133B3FBF7F606FB17335E1CEA
:1034B000B6FBF7F5038205FB1767468AB74200F0B3
:1034C000398557788669F754038A878A0133B3FBB5
:1034D000F7F606FB17335E1CB6FBF7F5038205FB18
:1034E0001767468AB74200F0258597788669F754B2
:1034F000038A878A0133B3FBF7F606FB17335E1C9A
:10350000B6FBF7F5038205FB1767468AB74200F062
:103510001185D7788669F754038A878A0133B3FB0C
:10352000F7F606FB17335E1CB6FBF7F5038205FBC7
:103530001767468AB74200F0FD8417798669F75409
:10354000038A878A0133B3FBF7F606FB17335E1C49
:10355000B6FBF7F5038205FB1767468AB74200F012
:10356000E98457798669F754038A878A0133B3FB64
:10357000F7F606FB17335E1CB6FBF7F5038205FB77
:103580001767468AB74200F0D58497798669F75461
:10359000038A878A0133B3FBF7F606FB17335E1CF9
:1035A000B6FBF7F5038205FB1767468AB74200F0C2
:1035B000C184D7798669F754038A878A0133B3FBBC
:1035C000F7F606FB17335E1CB6FBF7F5038205FB27
:1035D0001767468AB74200F0AD84177A8669F754B8
:1035E000038A878A0133B3FBF7F606FB17335E1CA9
:1035F000B6FBF7F5038205FB1767468AB74200F072
:103600009984527A8769FA54038A828A0133B3FB18
:10361000F2F7467F07FB1237012E078200F08A84FB
:10362000438ABFB2BB4240F07984002200F07EBCE6
:103630000120A9F85B00A9F8560099F84100002183
:103640000128A9F81E1000F0CA81002840F05B8410
:1036500042F2F010C2F200000068F1F79BF8652812
:10366000A9F81C0080F01382642015E299F83F004D
:1036700001244FF001110028A9F85B40C9F8561049
:1036800040F0F08299F8410000210028A9F81E10AE
:1036900089F8251089F88D4000F06682012840F0F5
:1036A0007582B9F8AE0048F63961A9F8220000EB3E
:1036B0008000A038C3F6E30150FB01F0411001EB9C
:1036C000D070A9F81C00A9F896005FE242F6C0216C
:1036D0000120C2F2000189F84100087000F019BC15
:1036E0000120A9F85B00A9F8580099F83F000021D3
:1036F000032889F8251000F0A781002840F0F78101
:1037000042F20020C2F20000046899F82400F1F7A8
:103710001EF82146F0F76CFFF1F73CF8052898BF3A
:10372000052089F82400E2E1032089F83F0042F6F1
:10373000C020C2F200000221EAE30120A9F85B00E8
:10374000A9F8580099F83F000021032889F82510AE
:1037500000F08E81002840F0CA8142F20020C2F2BF
:1037600000000068F1F716F8052889F8240000F237
:10377000B381052089F82400B9E140F2BC1040F281
:10378000D111C2F20000C0F20101C0F80211012102
:1037900040F6002280F80611C0F2012280F80B11D9
:1037A0000021C0F80721C0F80C11D0F80321C0F89F
:1037B0000F1140F20213D0F80B7112BAC0F20A03D3
:1037C000D0F80F6100F5017C3FBA8CE88C0043F221
:1037D000000336BAC4F20203C0F810621A60D0F8CF
:1037E000082240F2E4571A60D0F80C22C2F2000717
:1037F0001A60D0F810221A601A683A609A6842F08B
:1038000001029A603A68F027130E80F81331130C06
:1038100080F81431130A80F8153180F81621BAF8AF
:103820001030BAF8142080F8177100BF5F1CB7FB86
:10383000F2F606FB1272BAF81270BA4200F069830F
:10384000421892F80271DAF81860F754BAF810309A
:10385000BAF814700133B3FBF7F606FB17335E1C9E
:10386000B6FBF7F5AAF8103005FB1767BAF8126037
:10387000B74200F04E8392F80321DAF81870023153
:10388000FA54BAF81030BAF814200133B3FBF2F747
:10389000162907FB1233AAF81030C7D19AF81D0079
:1038A000012800F03683BAF81200984240F0E08117
:1038B0000020E7E199F83F0001244FF001110028B2
:1038C000A9F85B40C9F8561040F0CC810020A9F857
:1038D0001E0089F8250099F841000421002889F884
:1038E0008D1000F06B81012840F07A81B9F8B400A6
:1038F00048F63961A9F8220000EB8000A038C3F631
:10390000E30150FB01F0411001EBD070A9F81C005D
:10391000A9F8A80064E199F83F0001244FF00111D3
:103920000028A9F85B40C9F8561040F09B810020A0
:10393000A9F81E0089F8250099F841000221002805
:1039400089F88D1000F06481012840F07381B9F886
:10395000B00048F63961A9F8220000EB8000A038D9
:10396000C3F6E30150FB01F0411001EBD070A9F860
:103970001C00A9F89C005DE142F20020C2F20000A8
:10398000046899F82600F0F7E2FE01462046F0F7B9
:10399000DDFDF0F7FFFEC82828BFC82089F8260003
:1039A000A5E042F2F810C2F200000468B9F8220063
:1039B000F0F7CDFE2146F0F71BFEF0F7EBFED42822
:1039C00098BFD42000EB800148F63962A039C3F6D5
:1039D000E302A1FB0212A9F82200500831E042F2F2
:1039E000F810C2F200000068F0F7D4FED528A9F85C
:1039F00022005FD2D42062E042F2F810C2F200004E
:103A00000468B9F82200F0F7A2FE01462046F0F75C
:103A10009DFDF0F7BFFE8108E82900EB800288BF1A
:103A20004FF46970A9F82200A2F1A00041F6724299
:103A300012FB00F0020C02EBD070E82988BF4FF4B3
:103A4000FA70A9F81C0052E042F20020C2F2000015
:103A5000046899F82600F0F77AFE2146F0F7C8FDD1
:103A6000F0F798FE052898BF052089F826003EE06B
:103A700042F20020C2F200000068F0F78BFE052839
:103A800089F826002ED8052089F826002FE0B0F509
:103A9000FA7F03D34FF4FA70A9F81C0000EBC000C2
:103AA00080B24CF6CD414843202101EB9040A9F86B
:103AB000220028E2B0F5697F03D34FF46970A9F8BA
:103AC000220000EB8000A03880B24EF28F314843D4
:103AD000C00CA9F81C0016E2C82824BFC82089F829
:103AE000240004E0C82824BFC82089F8260099F8DB
:103AF0003C0001280AD0002840F0058299F84E00C9
:103B000002281CBF012089F83C00FCE10020A9F834
:103B10002C00F8E1B9F8A20043F2343200EBC00106
:103B2000C3F23332A1FB0212A9F81C0002F12000FB
:103B3000A9F82200A9F8B20099F8A400B9F8A610D3
:103B400089F8240042F6C420C2F20000A9F8281027
:103B5000A9F88E100021D0F8047189F8541045F2AC
:103B60005401022203237CE0B9F8960043F2343278
:103B700000EBC001C3F23332A1FB0212A9F81C0012
:103B800002F12000A9F82200A9F8AE0099F89800E7
:103B9000B9F89A1089F8240042F6C420C2F2000055
:103BA000A9F82810A9F88E100021D0F8047189F81E
:103BB000541045F254010222012352E0B9F8A80042
:103BC00043F2343200EBC001C3F23332A1FB0212E4
:103BD000A9F81C0002F12000A9F82200A9F8B400FD
:103BE00099F8AA00B9F8AC1089F8240042F6C4206C
:103BF000C2F20000A9F82810A9F88E100021D0F810
:103C0000047189F8541045F254010222042328E07B
:103C1000B9F89C0043F2343200EBC001C3F23332F6
:103C2000A1FB0212A9F81C0002F12000A9F8220051
:103C3000A9F8B00099F89E00B9F8A01089F82400FE
:103C400042F6C420C2F20000A9F82810A9F88E108C
:103C50000021D0F8047189F8541045F25401022271
:103C60000223B84742F6C020C2F20000047050E1BF
:103C7000411CB1FBF2F3DAF8187003FB1211385C47
:103C8000AAF81210DAF82010486001208AF81D0006
:103C90003FE19CF80C109CF80D20012908BF012A77
:103CA0005AD0012908BF022A74D0012908BF002A6E
:103CB00000F08F80022908BF012A00F0CC80022981
:103CC00008BF022A00F0F480022908BF002A00F091
:103CD000FD809CF80F00002908BF012800F08D80AE
:103CE000002908BF022800F08D80002908BF0328A2
:103CF0003FF4EDA9002908BF042800F0A78000299F
:103D000008BF052800F01D81002908BF062800F023
:103D10001D81002908BF072800F01D81002908BF68
:103D2000082800F01D81002908BF092800F01D8126
:103D3000002908BF0A2800F01D81002908BF0B28B0
:103D400000F01D81002908BF0C287FF4C5A91120AF
:103D500088F80000FFF7C0B999F84100012856D053
:103D600000286ED19CF80F00F0F7F1FC42F2F01140
:103D7000C2F20001086046F26761C3F6E671F0F72F
:103D80003DFC4FF08441F0F7E1FB42F2F811C2F242
:103D9000000155E099F8410001286AD0002840F060
:103DA00082809CF80F00F0F7D2FC42F2F011C2F2D0
:103DB0000001086046F26761C3F6E671F0F71EFC89
:103DC0004FF08441F0F7C2FB42F2F811C2F2000159
:103DD00068E0BCF80E0040BAF0F7B0FC42F2F01117
:103DE000C2F20001086042F2F811C2F2000108605C
:103DF000022088F80000FFF76FB9062088F800005D
:103E0000FFF76AB9072088F80000FFF765B99CF84A
:103E10000F00F0F79CFC42F2F811C2F200010860BA
:103E200043F6E401C3F60E71F0F7E8FB43F6E40154
:103E3000CCF28E11F0F78AFB42F2F011C2F20001CF
:103E40000860002088F80000FFF746B9092088F8CC
:103E50000000FFF741B99CF80F00F0F778FC42F240
:103E60000021C2F200010860032088F80000FFF77B
:103E700033B99CF80F00F0F76AFC42F2F811C2F275
:103E80000001086043F6E401C3F60E71F0F7B6FBDB
:103E900043F6E401CCF28E11F0F758FB42F2F01138
:103EA000C2F200010860012088F80000FFF714B991
:103EB0009CF80F00F0F74BFC42F20021C2F2000127
:103EC0000860042088F80000FFF706B9BCF80E006F
:103ED00040BAF0F733FC42F20021C2F20001086060
:103EE000052088F80000FFF7F7B85F1CB7FBF2F673
:103EF000856906FB1277EA5C4782036A5A600122F1
:103F0000427789F84E1042F6C020C2F2000001212B
:103F10000170132088F80000BDE8F0875F1CB7FB34
:103F2000F2F6856906FB1277EA5C4782036A5A60FB
:103F30000122427742F6C020C2F2000089F84E10FA
:103F4000E6E70A2088F80000FFF7C6B80C2088F8DA
:103F50000000FFF7C1B80B2088F80000FFF7BCB8DD
:103F60000D2088F80000FFF7B7B80E2088F8000091
:103F7000FFF7B2B8102088F80000FFF7ADB80F20A7
:103F800088F80000FFF7A8B82DE9F04742F640197D
:103F9000C2F2000999F8550008B1BDE8F08742F671
:103FA000144AC2F2000A9AF80D0040F29E08022854
:103FB000C2F2000840F0C28040F2D03CBAF80020C3
:103FC000DAF80830BAF80450C2F2000CBAF802006D
:103FD0000CF1010700214FF0010E00BF84B2A24294
:103FE00037D01EFA80F0B0FBF5F61C5D06FB15001D
:103FF0003C7084B2A242AAF8020022D01C5C7C7001
:10400000441C601B18BF204684B2A242AAF80200DA
:104010001AD01EFA80F0B0FBF5F61C5D06FB150009
:10402000BC7084B2A242AAF8020010D01C5C043119
:10403000FC70441C601B18BF2046AAF8020004371D
:10404000CCE741F0010104E041F0020101E041F060
:10405000030100208AF80D00C8B216288CF801115F
:1040600040F073809CF80100D12867D19CF81600BD
:10407000F02863D1DCF80200DCF80610DCF80A2036
:10408000DCF80E3000BA09BA0CF5017E12BA1BBA80
:104090008EE80F0043F20001C4F202010860DCF870
:1040A00008020860DCF80C020860DCF81002086006
:1040B00008688A6842F001028A609CF81210B1EB2D
:1040C000106F3BD19CF81310C0F30742914235D1D9
:1040D0009CF81410C0F3072291422FD19CF81510C0
:1040E000C0B281422AD19CF802109CF80300012939
:1040F00008BF062806D001291FD1F8B9122088F878
:1041000000001BE09CF80500062800F03285072817
:1041100014D19CF80F00013808280FD8DFE810F000
:10412000DD05E20509000606010633061406410610
:104130008705082088F8000000E000BF40F2D0307A
:10414000C2F20000002180F8011198F80000122846
:1041500088BFBDE8F087DFE810F01300C600DB0180
:104160006A0033026002F9014E0395001D036800E6
:104170008F0057024E00F6004900290246068002D1
:104180000120A9F85B00A9F8560099F84100002128
:104190000128A9F81E1000F09F83002840F0178422
:1041A00042F2F410C2F200000468B9F81C00F0F703
:1041B000CEFA01462046F0F7C9F9F0F7EBFA81088C
:1041C0007C2900EBC00288BF4FF4FA70A9F81C00EC
:1041D00090B24CF6CD425043202202EB90407C2915
:1041E00088BF4FF46970A9F82200F0E3002089F835
:1041F000410000F0F8BD99F84000012840F0F38537
:10420000012089F8400042F68040C2F20000038A93
:10421000818A5F1CB7FBF1F640F2880206FB11773A
:10422000468AC2F200020221A3E0012027E0012019
:10423000A9F85B00A9F8580099F83F00002103286D
:1042400089F8251000F00883002840F0C08342F26E
:104250000420C2F20000046899F82400F0F777FA0D
:1042600001462046F0F772F9F0F794FAC82828BF03
:10427000C82089F82400AAE3002089F83F0089F8C3
:104280004D00C4E199F83F0001244FF001110028CE
:10429000A9F85B40C9F8561040F054840020A9F8F2
:1042A0001E0089F8250099F841000321002889F8AB
:1042B0008D1000F09F83012840F0AE83B9F8B20062
:1042C00048F63961A9F8220000EB8000A038C3F657
:1042D000E30150FB01F0411001EBD070A9F81C0084
:1042E000A9F8A20098E30120A9F85B00A9F85600FC
:1042F00099F8410000210128A9F81E1000F0C182A0
:10430000002840F0648342F2F410C2F20000046816
:10431000B9F81C00F0F71BFA2146F0F769F9F0F73D
:1043200039FA43F23432642898BF642000EBC001AC
:10433000C3F23332A1FB0212A9F81C0002F12000E3
:10434000A9F8220043E399F84000012840F04B858A
:1043500042F68040C2F20000038A818A5F1CB7FBEC
:10436000F1F640F2880206FB1177468AC2F200029B
:104370000121B742517200F0348517788669F754ED
:10438000038A878A0133B3FBF7F606FB17335E1CFB
:10439000B6FBF7F5038205FB1767468AB74200F0C4
:1043A000208557788669F754038A878A0133B3FBDF
:1043B000F7F606FB17335E1CB6FBF7F5038205FB29
:1043C0001767468AB74200F00C8597788669F754DC
:1043D000038A878A0133B3FBF7F606FB17335E1CAB
:1043E000B6FBF7F5038205FB1767468AB74200F074
:1043F000F884D7788669F754038A878A0133B3FB38
:10440000F7F606FB17335E1CB6FBF7F5038205FBD8
:104410001767468AB74200F0E48417798669F75433
:10442000038A878A0133B3FBF7F606FB17335E1C5A
:10443000B6FBF7F5038205FB1767468AB74200F023
:10444000D08457798669F754038A878A0133B3FB8E
:10445000F7F606FB17335E1CB6FBF7F5038205FB88
:104460001767468AB74200F0BC8497798669F7548B
:10447000038A878A0133B3FBF7F606FB17335E1C0A
:10448000B6FBF7F5038205FB1767468AB74200F0D3
:10449000A884D7798669F754038A878A0133B3FBE6
:1044A000F7F606FB17335E1CB6FBF7F5038205FB38
:1044B0001767468AB74200F09484177A8669F754E2
:1044C000038A878A0133B3FBF7F606FB17335E1CBA
:1044D000B6FBF7F5038205FB1767468AB74200F083
:1044E0008084527A8769FA54038A828A0133B3FB43
:1044F000F2F7467F07FB1237012E078200F0718426
:10450000438ABFB2BB4240F06084002200F065BC29
:104510000120A9F85B00A9F8560099F84100002194
:104520000128A9F81E1000F0CA81002840F05B8421
:1045300042F2F410C2F200000068F0F72BF965288F
:10454000A9F81C0080F01382642015E299F83F005E
:1045500001244FF001110028A9F85B40C9F856105A
:1045600040F0F08299F8410000210028A9F81E10BF
:1045700089F8251089F88D4000F06682012840F006
:104580007582B9F8AE0048F63961A9F8220000EB4F
:104590008000A038C3F6E30150FB01F0411001EBAD
:1045A000D070A9F81C00A9F896005FE242F6C0217D
:1045B0000120C2F2000189F84100087000F019BC26
:1045C0000120A9F85B00A9F8580099F83F000021E4
:1045D000032889F8251000F0A781002840F0F78112
:1045E00042F20420C2F20000046899F82400F0F7B7
:1045F000AEF82146EFF7FCFFF0F7CCF8052898BF9E
:10460000052089F82400E2E1032089F83F0042F602
:10461000C020C2F200000221EAE30120A9F85B00F9
:10462000A9F8580099F83F000021032889F82510BF
:1046300000F08E81002840F0CA8142F20420C2F2CC
:1046400000000068F0F7A6F8052889F8240000F2B9
:10465000B381052089F82400B9E140F2D03040F25E
:10466000D111C2F20000C0F20101C0F80211012113
:1046700040F6002280F80611C0F2012280F80B11EA
:104680000021C0F80721C0F80C11D0F80321C0F8B0
:104690000F1140F20213D0F80B7112BAC0F20A03E4
:1046A000D0F80F6100F5017C3FBA8CE88C0043F232
:1046B000000336BAC4F20203C0F810621A60D0F8E0
:1046C000082240F2E8571A60D0F80C22C2F2000724
:1046D0001A60D0F810221A601A683A609A6842F09C
:1046E00001029A603A68F027130E80F81331130C18
:1046F00080F81431130A80F8153180F81621BAF8C1
:104700001030BAF8142080F8177100BF5F1CB7FB97
:10471000F2F606FB1272BAF81270BA4200F0698320
:10472000421892F80271DAF81860F754BAF81030AB
:10473000BAF814700133B3FBF7F606FB17335E1CAF
:10474000B6FBF7F5AAF8103005FB1767BAF8126048
:10475000B74200F04E8392F80321DAF81870023164
:10476000FA54BAF81030BAF814200133B3FBF2F758
:10477000162907FB1233AAF81030C7D19AF81D008A
:10478000012800F03683BAF81200984240F0E08128
:104790000020E7E199F83F0001244FF001110028C3
:1047A000A9F85B40C9F8561040F0CC810020A9F868
:1047B0001E0089F8250099F841000421002889F895
:1047C0008D1000F06B81012840F07A81B9F8B400B7
:1047D00048F63961A9F8220000EB8000A038C3F642
:1047E000E30150FB01F0411001EBD070A9F81C006F
:1047F000A9F8A80064E199F83F0001244FF00111E5
:104800000028A9F85B40C9F8561040F09B810020B1
:10481000A9F81E0089F8250099F841000221002816
:1048200089F88D1000F06481012840F07381B9F897
:10483000B00048F63961A9F8220000EB8000A038EA
:10484000C3F6E30150FB01F0411001EBD070A9F871
:104850001C00A9F89C005DE142F20420C2F20000B5
:10486000046899F82600EFF772FF01462046EFF73B
:104870006DFEEFF78FFFC82828BFC82089F82600F3
:10488000A5E042F2FC10C2F200000468B9F8220070
:10489000EFF75DFF2146EFF7ABFEEFF77BFFD42884
:1048A00098BFD42000EB800148F63962A039C3F6E6
:1048B000E302A1FB0212A9F82200500831E042F203
:1048C000FC10C2F200000068EFF764FFD528A9F8D9
:1048D00022005FD2D42062E042F2FC10C2F200005B
:1048E0000468B9F82200EFF732FF01462046EFF7DF
:1048F0002DFEEFF74FFF8108E82900EB800288BF0B
:104900004FF46970A9F82200A2F1A00041F67242AA
:1049100012FB00F0020C02EBD070E82988BF4FF4C4
:10492000FA70A9F81C0052E042F20420C2F2000022
:10493000046899F82600EFF70AFF2146EFF758FEC2
:10494000EFF728FF052898BF052089F826003EE0EC
:1049500042F20420C2F200000068EFF71BFF0528B6
:1049600089F826002ED8052089F826002FE0B0F51A
:10497000FA7F03D34FF4FA70A9F81C0000EBC000D3
:1049800080B24CF6CD414843202101EB9040A9F87C
:10499000220028E2B0F5697F03D34FF46970A9F8CB
:1049A000220000EB8000A03880B24EF28F314843E5
:1049B000C00CA9F81C0016E2C82824BFC82089F83A
:1049C000240004E0C82824BFC82089F8260099F8EC
:1049D0003C0001280AD0002840F0058299F84E00DA
:1049E00002281CBF012089F83C00FCE10020A9F846
:1049F0002C00F8E1B9F8A20043F2343200EBC00118
:104A0000C3F23332A1FB0212A9F81C0002F120000C
:104A1000A9F82200A9F8B20099F8A400B9F8A610E4
:104A200089F8240042F6C420C2F20000A9F8281038
:104A3000A9F88E100021D0F8047189F8541045F2BD
:104A40005401022203237CE0B9F8960043F2343289
:104A500000EBC001C3F23332A1FB0212A9F81C0023
:104A600002F12000A9F82200A9F8AE0099F89800F8
:104A7000B9F89A1089F8240042F6C420C2F2000066
:104A8000A9F82810A9F88E100021D0F8047189F82F
:104A9000541045F254010222012352E0B9F8A80053
:104AA00043F2343200EBC001C3F23332A1FB0212F5
:104AB000A9F81C0002F12000A9F82200A9F8B4000E
:104AC00099F8AA00B9F8AC1089F8240042F6C4207D
:104AD000C2F20000A9F82810A9F88E100021D0F821
:104AE000047189F8541045F254010222042328E08D
:104AF000B9F89C0043F2343200EBC001C3F2333208
:104B0000A1FB0212A9F81C0002F12000A9F8220062
:104B1000A9F8B00099F89E00B9F8A01089F824000F
:104B200042F6C420C2F20000A9F82810A9F88E109D
:104B30000021D0F8047189F8541045F25401022282
:104B40000223B84742F6C020C2F20000047050E1D0
:104B5000411CB1FBF2F3DAF8187003FB1211385C58
:104B6000AAF81210DAF82010486001208AF81D0017
:104B70003FE19CF80C109CF80D20012908BF012A88
:104B80005AD0012908BF022A74D0012908BF002A7F
:104B900000F08F80022908BF012A00F0CC80022992
:104BA00008BF022A00F0F480022908BF002A00F0A2
:104BB000FD809CF80F00002908BF012800F08D80BF
:104BC000002908BF022800F08D80002908BF0328B3
:104BD0003FF4AFAA002908BF042800F0A7800029ED
:104BE00008BF052800F00A81002908BF062800F048
:104BF0000A81002908BF072800F00A81002908BFA0
:104C0000082800F00A81002908BF092800F00A815D
:104C1000002908BF0A2800F00A81002908BF0B28D4
:104C200000F00A81002908BF0C287FF487AA112010
:104C300088F80000FFF782BA99F84100012856D0A1
:104C400000286ED19CF80F00EFF781FD42F2F411BD
:104C5000C2F20001086046F26761C3F6E671EFF741
:104C6000CDFC4FF08441EFF771FC42F2FC11C2F22F
:104C7000000155E099F8410001286AD0002840F071
:104C800082809CF80F00EFF762FD42F2F411C2F24D
:104C90000001086046F26761C3F6E671EFF7AEFC0B
:104CA0004FF08441EFF752FC42F2FC11C2F20001D6
:104CB00068E0BCF80E0040BAEFF740FD42F2F41194
:104CC000C2F20001086042F2FC11C2F20001086069
:104CD000022088F80000FFF731BA062088F80000AB
:104CE000FFF72CBA072088F80000FFF727BA9CF8D6
:104CF0000F00EFF72CFD42F2FC11C2F20001086038
:104D000043F6E401C3F60E71EFF778FC43F6E401D5
:104D1000CCF28E11EFF71AFC42F2F411C2F200014C
:104D20000860002088F80000FFF708BA092088F81A
:104D30000000FFF703BA9CF80F00EFF708FD42F2FE
:104D40000421C2F200010860032088F80000FFF788
:104D5000F5B99CF80F00EFF7FAFC42F2FC11C2F231
:104D60000001086043F6E401C3F60E71EFF746FC5C
:104D700043F6E401CCF28E11EFF7E8FB42F2F411B6
:104D8000C2F200010860012088F80000FFF7D6B9E0
:104D90009CF80F00EFF7DBFC42F20421C2F20001A5
:104DA0000860042088F80000FFF7C8B9BCF80E00BE
:104DB00040BAEFF7C3FC42F20421C2F200010860DE
:104DC000052088F80000FFF7B9B95F1CB7FBF2F6C1
:104DD000856906FB1277EA5C4782036A5A60012202
:104DE000427789F84E1042F6C020C2F2000001213D
:104DF0000170132088F80000BDE8F0870A2088F8C9
:104E00000000FFF79BB90C2088F80000FFF796B967
:104E10000B2088F80000FFF791B90D2088F80000FA
:104E2000FFF78CB90E2088F80000FFF787B9102033
:104E300088F80000FFF782B90F2088F80000FFF71C
:104E40007DB9000010B50138C0B2032803D823A3F0
:104E500053F820C003E042F6384CC2F2000CBCF814
:104E600010E0BCF8143000BF0EF10100B0FBF3F409
:104E700004FB1300BCF8123098422ED011F8010B3D
:104E8000DCF81830013A03F80E00BCF81000BCF84A
:104E9000143000F10100B0FBF3F404FB130EACF886
:104EA00010E0E1D19CF81D00012808BF10BDBCF83E
:104EB0001210714501D1002009E0481CB0FBF3F24B
:104EC000DCF8184002FB1302605CACF81220DCF83E
:104ED0002010486001208CF81D0010BD5C2C0020C3
:104EE000802C0020F02B0020142C002042F64010D3
:104EF000C2F2000090F85510002940F0BF80017800
:104F0000012918BF704710B541F20801C4F2010130
:104F1000096890F84020C1F3001181F00103012AD3
:104F200080F83D300DD190F83C20012A54D0002A61
:104F300040F0A28080F83C10002180F83010C1853C
:104F40009AE0022A40F0988090F85020012A40F020
:104F5000938090F85120002A40F08E804468D0F869
:104F600014E0A4F12E02B2F5177F4FF0000238BF13
:104F70000122BEF1950F4FF0000388BF01231A42B2
:104F80004FF0000C4BD1002949D0C18D4A1C91B281
:104F90004B29C28570D340F28A22944228BFBEF1C9
:104FA000960F3FD240F2EE22914265D30021BEF12E
:104FB000950F4FF0000288BF01222E2C38BF01212F
:104FC000114002D1BEF1950F2FD80122002918BF40
:104FD000022280F83E2028E090F83F2042F00203B1
:104FE000022B49D1022A08BF002924D04268A2F12D
:104FF0002E03B3F5177F22D309B3C18D40F28A2364
:105000000131C1859A4289B228BF4B290AD240F2A8
:10501000EE23994230D32D2A31D8022103E0A0F8A3
:105020002EC029E0032180F83E10012180F83010C5
:105030000021C18520E04268002380F83F30002332
:10504000462AC38518D8B9B990F84A10012913D156
:10505000818D01318AB2B2F5967F81850CD900210C
:1050600080F83C10818542F6C021C2F20001022284
:105070000A70012180F83010BDE810407047416986
:105080009529D2D80121CEE702E008C8121F08C135
:10509000002AFAD170477047002001E001C1121FB9
:1050A000002AFBD17047000000000102030408023F
:1050B00007060605050404040303030202020202B4
:1050C0000101020201010100FFFFFFFEFEFEFEFCE6
:1050D000FBFBFAF9F8F7F10C0707060404030200DA
:1050E000FFFEFDFCFDFDFDFCFCFCFCFBF7F5F5F512
:1050F000F3F2F0EEEDEBEAE9E8E8E8E7E5E2DFDE1F
:105100002051010800000020A00000008850010884
:10511000C0510108A000002028300000985001086C
:105120000D00E8030A0A0A0A0A0A0A0A0A0A0A0019
:10513000E803E8035AA50B8203105AA501000001F9
:1051400000005AA50B8203105AA5010001010000BE
:10515000E8030A0A0A0A0A0A0A0A08000A0A0800F0
:105160005AA506825047000000000A00000C0140CA
:1051700002000000000000000000000001320F0AE1
:10518000000C0140010000000000000000000000D1
:1051900001320F0A00100140200000000000000052
:1051A0000000000001320F0A5AA5078200845A014C
:1051B000000102325AA50682503900000013130084
:04000005080041713D
:00000001FF
