File_name,ram_percent,ram,flash,Code,RO_data,RW_data,ZI_data
lto-llvm-86ee4b.o,83.514374%,5228,32434,32244,66,124,5104
startup_at32f415.o,16.357828%,1024,404,36,368,0,1024
mc_w.l,0.063898%,4,1206,1202,0,4,0
stdout.o,0.063898%,4,4,0,0,4,0
