File_name,ram_percent,ram,flash,Code,RO_data,RW_data,ZI_data
lto-llvm-5b4722.o,83.915215%,5384,82228,81978,106,144,5240
startup_at32f415.o,15.960100%,1024,404,36,368,0,1024
mc_w.l,0.062344%,4,2660,2656,0,4,0
stdout.o,0.062344%,4,4,0,0,4,0
