File_name,ram_percent,ram,flash,Code,RO_data,RW_data,ZI_data
lto-llvm-2a85c4.o,85.745857%,6208,24946,24788,66,92,6116
startup_at32f415.o,14.143646%,1024,404,36,368,0,1024
mc_w.l,0.055249%,4,296,292,0,4,0
stdout.o,0.055249%,4,4,0,0,4,0
