:020000040800F2
:104000009030002085410008C1490008BD490008E2
:10401000BF490008B9490008017700080000000006
:10402000000000000000000000000000FD6A000821
:10403000BB4900080000000055530008016B000850
:104040009F4100089F4100089F4100089F410008D0
:104050009F4100089F4100089F4100089F410008C0
:104060009F4100089F4100089F4100089F410008B0
:104070009F4100089F4100089F4100089F410008A0
:104080009F4100089F4100089F4100089F41000890
:104090009F4100089F4100089F4100089F41000880
:1040A0009F4100089F4100089F4100089F41000870
:1040B0006D7100080D7500089F4100089F410008C0
:1040C0009F4100089F4100089F4100089F41000850
:1040D0009F410008ED75000845760008A1760008AC
:1040E0009F4100089F4100089F4100080000000018
:1040F00000000000000000000000000000000000C0
:10410000000000009F4100089F41000800000000DF
:1041100035750008917500080000000000000000DF
:104120009F4100089F4100089F4100089F410008EF
:10413000000000000000000000000000000000007F
:104140000000000000000000000000009F41000887
:1041500000000000000000009F4100089F4100088F
:104160000000000000000000000000009F41000867
:10417000DFF80CD000F0A0F900480047A1C100080A
:10418000903000200648804706480047FEE7FEE7DB
:10419000FEE7FEE7FEE7FEE7FEE7FEE7FEE7FEE7F7
:1041A000F9700008714100082DE9FE4F804681EA50
:1041B0000300C00F0C46009021F0004123F00045A1
:1041C000B8EB0200A94105D24046214690461C4664
:1041D0000B46024623F00040104347D0270DC7F39B
:1041E0000A00C3F30A510290401A019040286BDA8A
:1041F000C3F3130040F4801B0098924620B10023C3
:10420000D2EB030A63EB0B0B01985946C0F1400255
:10421000504600F069F906460D4650465946019A47
:1042200000F081F910EB08006141002487EA115287
:1042300084EAE7731A4340D0009A62B3019A012AD4
:104240004FEA075215DC001B61EB02014FF0004200
:1042500002EA0752CDE90042001C41F580113246C6
:104260002B4600F081F903B0BDE8F08F40462146AF
:10427000F9E7001B61EB0201001C41F580130018F7
:104280005B412018A2F5001747EB030140EAD57007
:10429000B6196D4111E06D084FEA360645EAC07562
:1042A0004FEA0752001B61EB0201001C41F580112F
:1042B00049084FEA30000019514132462B4603B0FD
:1042C000BDE8F04F00F041B9009801224000002302
:1042D000D0EB020263EBE073009821464FEAE074F2
:1042E000B8EB000061EB0401E9E783F000435BE712
:1042F00081F0004158E72DE9FE4F81EA030404F004
:10430000004421F0004100944FF0000B23F00043E3
:1043100050EA01045ED052EA03045BD0C3F30A54AE
:10432000C1F30A552C44A4F2F3340194A0FB0254C7
:10433000C1F3130141F48011C3F3130343F4801359
:1043400001FB024400FB034E840A970A44EA8154AD
:1043500047EA8357A4FB076802958D0A05FB07858A
:104360004FEA932C04FB0C542705029D4FEA065894
:1043700047EA1637B5EB08056EEB070C870E920E71
:1043800047EA811742EA8312A7FB0201B6EB0B0151
:1043900064EB00042B0D43EA0C335E1844EB1C5015
:1043A000DA465146E7FB0201C5F313044FEA0B332B
:1043B00043EA14534FEA0432019C43EA0603A4F192
:1043C0000C040294009CCDE900B400F0CDF803B0D9
:1043D000BDE8F08F00200146F9E72DE9F04D81EAB4
:1043E000030404F0004B21F0004514464FF0000A8E
:1043F00023F0004150EA050220D054EA01021DD00A
:10440000C5F30A570246C5F31303C1F31300C1F302
:104410000A5640F4801543F48013A7EB0608101BDE
:10442000D64608F2FD3873EB050002D308F1010807
:1044300001E092185B41B8F1000F03DA0020014659
:10444000BDE8F08D00204FF48011064684460EE052
:10445000171B73EB050705D3121B63EB050306431C
:104460004CEA010C49084FEA300092185B4150EACF
:104470000107EDD152EA030012D082EA040083EA78
:104480000501084305D0101BAB4106D201220023D1
:1044900006E000224FF0004302E06FF001025310EB
:1044A0001AEB06004CEB085110EB0A0041EB0B0134
:1044B000BDE8F04D00F049B81CB509480090094826
:1044C00001900546009C06E0E06840F0010394E896
:1044D000070098471034AC42F6D3FFF74DFE0000BA
:1044E000ACE00008CCE00008202A04DB203A00FA07
:1044F00002F1002070479140C2F1200320FA03F33B
:10450000194390407047202A04DB203A21FA02F038
:104510000021704721FA02F3D040C2F120029140FD
:10452000084319467047202A06DBCB17203A41FA88
:1045300002F043EAE07306E041FA02F3D040C2F130
:104540002002914008431946704710B5141E73F1BC
:10455000000408DA401C41F1000192185B411A4343
:1045600001D120F0010010BD2DE9F04D92469B468F
:1045700011B1B1FA81F202E0B0FA80F22032904635
:10458000FFF7B2FF04460F4640EA0A0041EA0B017A
:1045900053465A46084313D0114653EA010019D036
:1045A000C8F140025046FFF7AEFF05460E465046A2
:1045B00059464246FFF798FF084305D0012004E022
:1045C00020463946BDE8F08D0020054346EAE076F6
:1045D0002C4337430A986305E40AA0EB0800002245
:1045E000FD0A44EA47540A3002D500200146E9E7B3
:1045F000010510196941DDE9084500196941BDE867
:10460000F04DA2E7D2B201E000F8012B491EFBD227
:1046100070470022F6E710B513460A4604461946CD
:10462000FFF7F0FF204610BDF0B480EA0102D40F7E
:104630004200B2EB410F02D20246084611464A0040
:1046400042D0C30DDDB2C1F3C752AD1A202D35DA09
:10465000C1F3160141F4000204B15242C5F1200633
:1046600002FA06F12A411044B3EBD05F23D0C4B163
:10467000012DA0EBC35009DCF0BC4FF0004202EA70
:10468000C352DBB200F5000000F068B9400000F151
:10469000807000EBC350A0F1807040EAD1704900F7
:1046A00009E0490841EAC071A0EBC35000F50000E1
:1046B000400800EBC350F0BC00F047B96142012252
:1046C00002EB4101001BF6E7F0BC704781F00041AE
:1046D000AAE780F00040A7E780EA010210B502F0E7
:1046E0000043400022D04A001FD0010E01EB1261AE
:1046F000C0F35600C2F3560240F4000042F4000238
:10470000A0FB022000047F39140400D0401C50EAB2
:10471000124001D44000491EC2B20C0604EBD01076
:10472000401C4008802A02D003E0002010BD20F089
:104730000100002900DA0020184310BD30B480EADF
:10474000010202F0004530F0004221F0004013D099
:1047500090B1C30DD40DC2F31601C0F31600E41AD4
:1047600041F4000140F400027D34914201D3641C05
:1047700000E04900002C02DA30BC002070474FF402
:1047800000000023914201D3891A034340084FEAF5
:104790004101F7D151B1914202D14FF0004105E002
:1047A00002D24FF0010101E06FF0010103EBC450B0
:1047B000284430BC00F0C9B8002801DBC0F100403B
:1047C000002901DBC1F10041814201D8012070477D
:1047D00000207047002801DBC0F10040002901DB08
:1047E000C1F10041814201D2012070470020704791
:1047F000002801DBC0F10040002901DBC1F10041CC
:10480000814201D30120704700207047002801DB5E
:10481000C0F10040002901DBC1F10041814201D912
:104820000120704700207047C10F80EAE070084403
:10483000CA079623002100F091B896230022114662
:1048400000F08CB80EB5C10F80EAE0700844CA07CA
:10485000002140F233438DE80E000A460B46FFF775
:1048600083FE03B000BD0EB540F23341029100213A
:10487000CDE900110A460B46FFF776FE03B000BDF6
:1048800000F0004220F00040C10DC0F3160040F4DB
:1048900000007F2901DA00207047962903DCC1F16E
:1048A0009601C84001E096398840002AF4D0404281
:1048B000704720F00040C10DC0F3160040F4000026
:1048C0007F2901DA00207047962903DCC1F19601A7
:1048D000C840704796398840704770B5C1F30A5296
:1048E00001F000450024C1F3130140F2FF3341F40D
:1048F00080119A4201DA002070BD40F233439A429F
:10490000A2F2334203DC5242FFF7FDFD00E090408B
:104910002C43F1D0404270BDC1F30A5210B5C1F32F
:10492000130140F2FF3341F480119A4201DA002072
:1049300010BD40F233439A42A2F2334203DC5242AA
:10494000FFF7E1FD10BD904010BD0029A8BF7047E2
:10495000401C490008BF20F00100704710B4B0FAB5
:1049600080FC00FA0CF050EA010404BF10BC704750
:1049700049B1CCF1200421FA04F411FA0CF118BF6A
:10498000012121430843A3EB0C01CB1D4FEA006139
:104990004FEA102042BF002010BC704700EBC3500C
:1049A00010440029A4BF10BC7047401C490008BF38
:1049B00020F0010010BC7047FEE77047FEE7FEE7FD
:1049C00070470222D0F804412047218940F2E733A2
:1049D00009BA0A0C9A4270470121A0F85610A0F8B3
:1049E0005910002180F8231090F83B1003297047DC
:1049F000A6F83401A4F114002847A6F83201A4F166
:104A000016002847A6F82E01A4F118002847A6F89A
:104A10002C01A4F11A002847A6F82A01A4F11C00D1
:104A20002847A6F82601A4F11E002847A6F824016D
:104A3000A4F120002847A6F82201A4F1220028476B
:104A4000A6F82001A4F124002847A6F81E01A4F12D
:104A5000260028470121A0F85610A0F8591000217F
:104A600080F8231090F822107047A6F81C01A4F1DA
:104A700028002847A6F81801A4F12A002847A6F81C
:104A80001601A4F12C0028473146ADF811500390CF
:104A90007047A6F81401A4F12E002847A6F81001CB
:104AA000A4F130002847A6F80E01A4F132002847EF
:104AB000A6F80C01A4F134002847A6F80801A4F1D7
:104AC00036002847A6F80601A4F13800284701213E
:104AD000A0F85410A0F859100021C18390F841109B
:104AE000012970470120A1F8590091F83B000328E3
:104AF000704701204FF00008002B81F854007047E8
:104B0000A6F80401A4F13A002847A6F80001A4F190
:104B10003C002847A6F8FE00A4F13E002847A6F86E
:104B2000FC00A4F140002847A6F8FA00A4F14200D6
:104B30002847A6F8F800A4F14400284791F8462039
:104B40000020A5F81500002A7047A6F8F600A4F189
:104B50004600284706F1320102200A2286F83B402F
:104B600009F08AB9A6F8F200A4F14800284796F89F
:104B70003B0000287047A6F8F000A4F14A0028473F
:104B8000A6F8EE00A4F14C002847A6F8EA00A4F12C
:104B90004E002847A6F8E800A4F150002847A6F8E0
:104BA000E600A4F152002847A6F8E200A4F1540060
:104BB0002847A6F8E000A4F156002847A6F8DE0032
:104BC000A4F1580028479BF8410001287047A6F837
:104BD000DA00A4F15A002847A6F8D800A4F15C0036
:104BE0002847A6F8D600A4F15E002847A6F8D20010
:104BF000A4F160002847A6F8D000A4F1620028477D
:104C0000A6F8CE00A4F164002847A6F8CA00A4F1D3
:104C100066002847A6F8C800A4F168002847A6F84F
:104C2000C600A4F16A002847A6F8C200A4F16C00EF
:104C300028470922088400EB8000A03890FBF2F09E
:104C400088837047A6F8C000A4F16E002847A6F834
:104C5000BE00A4F170002847A6F8BA00A4F17200C3
:104C60002847A6F8B800A4F174002847A6F8B600B3
:104C7000A4F176002847A6F8B200A4F178002847EE
:104C8000A6F8A800A4F17A002847A6F8A600A4F187
:104C90007C002847A6F8A400A4F17E002847A6F8C7
:104CA000A200A4F1800028470522888300EBC00001
:104CB000B0FBF2F0203008847047A6F8A000A4F101
:104CC00082002847A6F89E00A4F184002847A6F891
:104CD0009C00A4F186002847A6F89A00A4F1880059
:104CE0002847A6F89800A4F18A002847A6F896005D
:104CF000A4F18C002847A6F89400A4F18E00284760
:104D0000A6F89200A4F19000284786F84B00A4F181
:104D10009400284786F84900A4F196002847208986
:104D200040F2E73200BA010C91427047A0F89E5061
:104D3000A0F82651A0F80051704786F84800A4F169
:104D40009800284786F84600A4F19A00284786F87C
:104D50004500A4F19C00284786F84400A4F19E0079
:104D6000284786F84300A4F1A000284786F84200AF
:104D7000A4F1A200284786F84100A4F1A400284726
:104D8000A6F88A00A4F1A600284786F84000A4F1FE
:104D9000A8002847BDF804200A32ADF804209DF889
:104DA000072001328DF80720704786F83600A4F1FD
:104DB000AC00284786F82400A4F1AE00284786F806
:104DC0002200A4F1B000284786F84C00A4F192001C
:104DD000284705248B8303EBC303B3FBF4F3203391
:104DE000704701EB81010922A03991FBF2F1704774
:104DF0000922018401EB8101A03991FBF2F1704796
:104E000009240B8403EB8303A03B93FBF4F370476B
:104E10000522818301EBC101B1FBF2F12031704722
:104E20000220002196F8223085F84C0001207047BE
:104E30000523218902EBC20249BAB2FBF3F27047A3
:104E400095F841000128704795F8500000287047F8
:104E500080F82320C28380F8891090F8411000293F
:104E6000704790F83820002180F85310012A7047CD
:104E70002846042102F002BD01EBC101B1FBF0F1B3
:104E8000203170470221092280F8281040F20141A8
:104E9000C18400F12001022008F0EEBF90F88810D4
:104EA00003297047D0F80451284780F8893082835D
:104EB00080F8224090F83820704700204FF00122FF
:104EC00081F8570081F82300C88391F88900C1F860
:104ED000532070474FF0011242650122A0F859207B
:104EE000002270472089C82200BA010CC8297047E7
:104EF0000121A0F8591090F824107047010E87F88E
:104F0000160187F81311010C000A87F8141187F8AD
:104F1000150170470020C88391F8410001287047AF
:104F20002189C82309BA0A0CC82A704796F841009B
:104F3000B6F88A100128704752F821100988A5F8A0
:104F40008E107047D0F804410222204795F84E0099
:104F5000411EC9B204297047A0F83E11A0F81811EB
:104F6000A0F8F210A0F8E210A0F8BA1070474FF0C5
:104F700001110123416590F84D10A0F859304A1EE7
:104F8000022A704790F84110012970470A2280F8E0
:104F90003B4000F13201022008F06EBFADF82680E0
:104FA0008DF82170CDF8224008F01ABA0121A0F83E
:104FB0005410A0F859100021C183617A012970476B
:104FC000218990F8412049BA012A7047012180F8CF
:104FD0004C1070479DF807006060BCBD90F83B1016
:104FE000002970470222D0F8047138470222D0F815
:104FF00004613047B0FBF1F0203070479BF9370077
:10500000DBF8041008449BF93610401A70472189D8
:10501000092209BA090C704780F88930A0F88A2063
:10502000704791B28283C90011FA82F17047D0F8BB
:105030000441204707F5017520461022294602F059
:10504000FBBB96F84E00013804287047026842F016
:1050500001020260F020162287F817017047002035
:1050600081F8230091F82200704794F84E0001382F
:10507000032870479BF84E00013803287047338C93
:10508000092103EB83007047B38B052103EBC300B9
:1050900070479BF84D0001287047D0E91612013186
:1050A00042F10002C0E9161270474FF0011141654C
:1050B0000121A0F8591090F84D104A1E022A70479D
:1050C00090F84D10022970470A6842F001020A6008
:1050D000B97CB1EB106F70470027C6E95C0704F19B
:1050E0002200284700220A62CA614A610A61F26509
:1050F000706070472846FFF78CBA022180F84C1088
:105100007047C9B208F014B9018C40F2713301F153
:1051100032029942704791B20284890011FA82F1F9
:10512000A0397047BDF80C209DF80B301A4482421C
:105130007047016841F008010160016841F0040115
:105140000160016821F400710160016821F480614F
:105150000160816821F480718160816821F40071AF
:105160008160016841F020010160016841F0400167
:105170000160016841F4005101607047A6F86801C0
:1051800004F120002847A6F8660104F11A00284718
:10519000A6F8640104F118002847A6F8620104F19A
:1051A00016002847A6F8600104F114002847A6F865
:1051B0005E0104F112002847A6F85C0104F110001A
:1051C0002847A6F85A0104F10E002847A6F858010E
:1051D00004F10C002847A6F8560104F10A002847FC
:1051E00040F00800F060F06840F00400F060F06803
:1051F00020F40070F060F06820F48060F060706966
:1052000020F480707061706920F400707061F06843
:1052100040F02000F060F06840F04000F060F0687E
:1052200040F40050F0607047A6F8540104F1080003
:105230002847214608F020BEA6F84401A4F1080042
:105240002847206820F00100206010BDA6F8420128
:10525000A4F10A002847A6F83E01A4F10C00284753
:10526000A6F83C01A4F10E002847A6F83A01A4F1E3
:1052700010002847A6F83601A4F112002847B9F813
:105280005210F0650131A9F8521070472DE9FC4128
:10529000FFF71CFA2D4F78617869F969FFF7C4F9B7
:1052A000F8612B4CF8692146FFF794FA00B9FC61CC
:1052B000F86900210024FFF7A9FA00B9FC61D7E9D9
:1052C000008678697C6A3969FFF700FAB861304670
:1052D0007D69F969FFF700FA01900094019800993F
:1052E000FFF76AFA08B9009801900198009981F0D7
:1052F0000041FFF77DFA18B9009880F00040019056
:1053000040462946FFF7E8F90199FFF78DF9044671
:10531000B8687D69B969FFF7DFF92146FFF784F9BD
:1053200038623D61386AB96AFFF746FA08B9B86A67
:105330003862386AB96A81F00041FFF759FA08B952
:1053400000203862386ABDE8FC8100BF04230020D9
:1053500000C82F47704700002DE9F041451C044666
:105360000220294608F06AFD84F88100C0B20928AD
:1053700041F0AC8228785A2841F0A582A078A5286F
:1053800041F0A182A0790B38482801F29C82DFE825
:1053900010F04900BF02A202800235039A0A9A0A5D
:1053A0009A0A9B02C101D60159022E025F037101C4
:1053B000640194036602730276030D03FB03ED019F
:1053C000B2031101AA013F013B02280135041E046A
:1053D0007E01F401D20212027C045D018D036C0493
:1053E0000301F002F700BB0095015202AB039A0AD9
:1053F0009A0A98049A0A0A01E9029A0A9A0A9A0AE7
:1054000021039A0A83041A03E1009A0A9A0A9A0A63
:10541000720032055304A2004A03D0038D00080431
:10542000E6034E05DFF8B46C002086F84700FFF76E
:105430009EFB41F04882207A657A0002FFF702FA6B
:10544000804628460F46FFF70EFAE04B0022FEF793
:1054500052FF42463B46FEF7A7FEFFF73EFA64289E
:1054600098BF6420B08300EBC0000521FFF7C2FDA8
:10547000308401F028BADFF8AC0EFFF7AFFD41F041
:105480002282FFF793FD00F0E687002941F01B829E
:10549000FFF778FD01F06181002941F01482818BD2
:1054A0006422642988BF4A1E00F0BEBCDFF8740E77
:1054B000FFF794FD41F00782FFF7D3FC00F0DA8795
:1054C000002A40F0D887FFF7FBFD1CBF012180F8C0
:1054D000381000F0D0BF607A012800F0BE840028A8
:1054E00041F0F181DFF83C0E90F83B10032900F009
:1054F000F487002941F0E781FFF7ACFA0A2940F26E
:10550000B183053900F0C8BFDFF8180EFFF766FD5C
:1055100041F0D98190F84120617A012A08D1227A9C
:1055200041EA0221092201EB8101A03991FBF2F14C
:10553000027F90F83630511A194449B26429A8BF45
:10554000642111F1640FD8BF6FF0630180F8361049
:1055500001F0B9B9DFF8CC6DFFF709FB41F0B38179
:10556000607A002841F04481DFF8BC5D95F82100A5
:10557000002801F04C80DFF8B40D408C01F04FB8EA
:10558000FFF7CDFB38BF020CDFF8980D012A98BF5A
:105590000122428601F097B9607ADFF8881D81F810
:1055A000460001F090B9607ADFF8781D81F8480074
:1055B00001F089B9DFF86C0DFFF770FC01F283810F
:1055C000DFE811F0040060053F055505FFF7A8FC72
:1055D00038BF0B0C052B98BF0523A0F8B63001F09F
:1055E00072B9DFF8400DFFF759FC01F26C81DFE87A
:1055F00011F00400920533058805FFF7E6F938BF7E
:105600000B0C012B98BF0123A0F8C03001F05BB94F
:10561000DFF8100DFFF742FC01F25581DFE811F0D1
:105620000400960560058505FFF7CAFCA0F8BA10CE
:1056300004D1FFF7D6FBA0F8BA1089B2642900F2B2
:1056400076876421A0F8BA1001F03DB9607ADFF8DE
:10565000D41C81F8420001F036B9FFF760FB38BF77
:10566000020CDFF8C00C012A98BF0122A0F89C2090
:1056700001F029B9FFF736FC38BF020CDFF8A40CA3
:10568000052A98BF0522A0F89A2001F01CB9DFF87E
:10569000940CFFF703FC01F21681DFE811F004001F
:1056A000860568057205FFF790F938BF0B0C012BD2
:1056B00098BF0123A0F8C83001F005B92089DFF8B0
:1056C000641C002240F2E73300BA81F85320020C38
:1056D0009A4238BF030C002A08BF0123CB84A1F8EB
:1056E0008A3001F0F0B8DFF83C0CFFF7D7FB01F28D
:1056F000EA80DFE811F00400890550057F05FFF717
:1057000064F938BF0B0C012B98BF0123A0F8B83007
:1057100001F0D9B8208900BA000C022800F0878473
:10572000012800F07D84002841F0CD80DFF8F40BE3
:10573000012180F8401080F84C1001F0C4B8DFF867
:10574000E40B90F84110002900F09883012940F003
:10575000A883FFF75CFCA0F8AA1001EB8101A03937
:1057600091FBF2F1A0F8921089B29CE3607ADFF825
:10577000B41B81F8880001F0A6B8DFF8A80BFFF78A
:105780008DFB01F2A080DFE811F0040064051A052A
:105790004905FFF715FCA0F8CA1004D1FFF721FB5B
:1057A000A0F8CA1089B2642900F2E1866421A0F849
:1057B000CA1001F088B8DFF86C0BFFF76FFB01F23D
:1057C00082800FF20C02D2E811F000BF000004400A
:1057D000070055050B053A05FFF7F7F838BF0B0C26
:1057E000012B98BF0123A0F8D03001F06CB8FFF76F
:1057F00096FA38BF020CDFF82C0B012A98BF012261
:10580000A0F8962001F05FB8DFF8180BFFF746FB11
:1058100001F25980DFE811F004004C05380542051B
:10582000FFF77EFB38BF0B0C052B98BF0523A0F8B4
:10583000BE3001F048B8607ADFF8E81A81F8490014
:1058400001F041B8FFF74EFB38BF020CDFF8D40A75
:10585000052A98BF0522A0F8942001F034B8FFF77C
:1058600041FB38BF020CDFF8BC0A052A98BF0522AD
:10587000A0F8A02001F027B8FFF751FA38BF020CBA
:10588000DFF8A00A012A98BF0122A0F8A22001F0A7
:105890001AB8DFF8900A0022012180F8232090F83E
:1058A0003B20A0F85610A0F85910032A00F0F0820F
:1058B000002A41F00880617A052998BF0521C8298E
:1058C00028BFC82100F0E8BD607ADFF8581A81F8D7
:1058D0004D0000F0F8BFDFF84C0A0121A0F8541089
:1058E000A0F859100021C183FFF778FB40F0EB8747
:1058F000218909BA0A0CFFF745FB40F08C8502EBC1
:1059000082010923A03991FBF3F3114600F08ABD0F
:10591000DFF8100A012190F83B2080F84710032A95
:1059200000F0DE82002A40F0CE87617A052998BF18
:10593000052100F0B1BDDFF8EC09FFF7AFFA00F286
:10594000C287DFE811F00400D304BF04C904FFF7E5
:10595000E7FA38BF0B0C052B98BF0523A0F8CE3013
:1059600000F0B1BF607ADFF8BC1981F84C0000F09C
:10597000AABF208900BA010CDFF8A80990F84120DD
:10598000C185002A00F0B282012A40F09C87D42908
:1059900028BFD421212998BF212101EB81010922AF
:1059A000A03989B2B1FBF2F100F08CBFFFF79AFA8F
:1059B00038BF020CDFF86C09052A98BF0522A0F851
:1059C000A62000F080BF607ADFF8581981F84A00FD
:1059D00000F079BF617ADFF84C09002980F84F1098
:1059E00000F08D82012940F06E87012180F84E1071
:1059F000B0F8B810A0F88E1000F065BFDFF82409E9
:105A0000FFF7ECFA40F05F87FFF72BFA00F03985DB
:105A1000002A40F03785FFF753FB1CBF012180F8B7
:105A2000381000F02FBDDFF8FC08FFF7D7FA40F080
:105A30004A87FFF716FA00F02B85002A40F02985E7
:105A4000FFF73EFB1CBF012180F8381000F021BD9C
:105A5000DFF8D00890F84110002900F055820129A4
:105A600040F07082FFF7D3FAA0F8AC1001EB81018F
:105A7000A03991FBF2F1A0F8981089B264E2DFF846
:105A8000A40890F84110002900F04882012940F054
:105A90007882FFF7BCFAA0F8B01001EB8101A039C1
:105AA00091FBF2F1A0F8A41089B26CE2607ADFF801
:105AB000741881F8430000F006BFDFF8680890F81A
:105AC0004110002900F03482012940F07982FFF76B
:105AD0009EFAA0F8AE1001EB8101A03991FBF2F122
:105AE000A0F89E1089B26DE2607ADFF8381881F86C
:105AF0004B0000F0E8BEDFF82C08FFF7CFF900F20A
:105B0000E286DFE811F004002604FD031504FFF728
:105B100057FAA0F8B21004D1FFF763F9A0F8B21059
:105B200089B2642900F243856421A0F8B21000F024
:105B3000CABEDFF8F067FFF71AF840F0C486607A53
:105B4000002840F07686DFF8E05795F8230000281B
:105B500000F08485DFF8D407C08C00F087BDDFF843
:105B6000C407FFF73BFA40F0AE86FFF77AF900F082
:105B70009684002A40F09484FFF7A2FA1CBF01210A
:105B800080F8381000F08CBCFFF7C9F838BF020C61
:105B9000DFF89007012A98BF0122A0F8A82000F0A2
:105BA00092BEDFF88067FEF7E2FF40F08C86607AF5
:105BB000002840F05F86DFF8705795F82500002830
:105BC00000F07385DFF86407408D00F076BDDFF8E4
:105BD0005407FFF763F900F27686DFE811F004005E
:105BE0000104CB03E603FFF79BF938BF0B0C052B31
:105BF00098BF0523A0F8C63000F065BEDFF8240783
:105C0000FFF74CF900F25F86DFE811F00400F403BF
:105C1000BE03D903FFF7D4F9A0F8C21004D1FFF7EF
:105C2000E0F8A0F8C21089B2642900F2E08464218F
:105C3000A0F8C21000F047BE607A012800F0DF81B2
:105C4000002840F04086DFF8DC0690F83B1003297E
:105C500000F04F84002940F03686FEF7FBFE052950
:105C600000F27185052100F017BCDFF8BC26607AD0
:105C7000DFF8B01692F8283081F84400834200F033
:105C80002286002382F8280015E0607ADFF85C1E87
:105C900081F8410000F017BEDFF8542E607ADFF87B
:105CA0004C1E92F8293081F84500834200F00B86A3
:105CB000002382F8290081F83B3081F8533000F04E
:105CC00002BE617ADFF8240E002918BF012180F896
:105CD000511000F0F88501263C211E230A25EF4FC4
:105CE0004FF4BE724FF0000E4FF0640C4FF4E178A9
:105CF00080F84660EA4E80F822104FF433714386F4
:105D00003223C584A0F88A504FF480358283A0F8EE
:105D10009820A0F83621A0F81021A0F8EA209622B9
:105D200080F841E080F836E080F824C080F84CE04C
:105D3000A0F8A480A0F80881A0F8CAC080F889E083
:105D400001844FF00131C385D64B8564D64DC0F830
:105D5000A670D64FA0F8DA20A0F8B220C0F8AA604A
:105D60004FF4AF76C0F84210D149A0F89260D14EFE
:105D7000C0F8BE30C0F8E630CF4BC0F89450CF4DDD
:105D8000C0F8B670C0F8EE70C0F8C610CC49C0F8C4
:105D90009A60CC4EC0F80431C0F82A314FF4FA733F
:105DA000C0F8AE504FF4C875C0F8CE10C0F8F61069
:105DB000C0F81C11C449A0F82E314FF48C73FEF7C3
:105DC000B5FFC0F8A060C14EA0F8C230C0F83211D3
:105DD000BF49C0F8DE60BF4EC0F842114FF4827177
:105DE000C0F80C61BC4EFFF7B7F8C0F81461C0F8FA
:105DF0003A6100F068BDDFF8F40CFFF7EFF840F00F
:105E00006285FFF7D3F800F05183002940F05B85ED
:105E1000FFF7B8F800F0B284002940F05485818B78
:105E20004A1F6A2938BF6422FFF7FBF84FE3DFF807
:105E3000BC6CFEF79CFE40F04685607A002840F07E
:105E40003A85DFF8AC5C95F82700002800F0548410
:105E5000DFF8A00CC08D00F057BCDFF8900C90F874
:105E60003B10032900F03F83002940F02C85FEF70A
:105E7000F1FDC32980F0D28005310DE3B0F8AA20EE
:105E8000FEF7D6FFA0F892102032A0F8AA200AE070
:105E9000627A012A88BF1146C82928BFC82100F0AC
:105EA00059BCB0F89210652901D2642104E0B1F523
:105EB000FA7F03D34FF4FA71A0F89210B0F8AA1049
:105EC000D42904D8D421A0F8AA1000F0FCBCB1F564
:105ED000697F24BF4FF46971A0F8AA1000F0F3BCE9
:105EE000627A012A88BF114600F034BC002900F014
:105EF000C682642924BF6421C18500F0E4BC00216E
:105F000080F84E1000F0DFBCB0F8AC20FEF790FF38
:105F1000A0F898102032A0F8AC2015E0B0F8B0201E
:105F2000FEF786FFA0F8A4102032A0F8B0202AE0E7
:105F3000B0F8AE20FEF77CFFA0F89E102032A0F84B
:105F4000AE203FE0B0F89810652901D2642104E04A
:105F5000B1F5FA7F03D34FF4FA71A0F89810B0F8B6
:105F6000AC10D42904D8D421A0F8AC1000F0ABBCFC
:105F7000B1F5697F24BF4FF46971A0F8AC1000F04F
:105F8000A2BCB0F8A410652901D2642104E0B1F5E7
:105F9000FA7F03D34FF4FA71A0F8A410B0F8B01050
:105FA000D42904D8D421A0F8B01000F08CBCB1F5ED
:105FB000697F24BF4FF46971A0F8B01000F083BC72
:105FC000B0F89E10652901D2642104E0B1F5FA7F92
:105FD00003D34FF4FA71A0F89E10B0F8AE10D42994
:105FE00004D8D421A0F8AE1000F06DBCB1F5697FE3
:105FF00024BF4FF46971A0F8AE1000F064BCDFF864
:10600000EC0A90F83B10032900F07A82002940F056
:106010005A84FEF71FFDC829C0F09783C8213BE2D0
:10602000DFF8C80A002180F84C10012105E0DFF8F4
:10603000BC0A002180F84C10022180F8401000F0CA
:1060400042BCFEF76DFF38BF0B0C052B98BF052334
:10605000A0F8043100F037BCFEF7B7FC38BF0B0CDA
:10606000012B98BF0123A0F80E3100F02CBCFEF7E5
:1060700057FF38BF0B0C052B98BF0523A0F82A311A
:1060800000F021BCFEF74CFF38BF0B0C052B98BF6E
:106090000523A0F8DE3000F016BC00BF3C000A006B
:1060A0009602CC021400030014000A0028000A0023
:1060B000140004001E000F001E000400F0024A033A
:1060C00014000500280014001E000600280003002C
:1060D000280005002800080028000400002A0020ED
:1060E000FEF76EFFA0F8081104D1FEF77AFEA0F8C3
:1060F000081189B2642900F20A826421A0F808110B
:10610000E1E3FEF762FC38BF0B0C012B98BF0123C3
:10611000A0F83431D7E3FEF758FC38BF0B0C012B45
:1061200098BF0123A0F8E830CDE3FEF749FFA0F8BF
:106130002E1104D1FEF755FEA0F82E1189B2642964
:1061400000F2ED816421A0F82E11BCE3FEF738FFC8
:10615000A0F8E21004D1FEF744FEA0F8E21089B2E4
:10616000642900F2EC816421A0F8E210ABE3FEF7B1
:106170002CFC38BF0B0C012B98BF0123A0F8163163
:10618000A1E3FEF722FC38BF0B0C012B98BF0123C3
:10619000A0F83C3197E3FEF718FC38BF0B0C012B3D
:1061A00098BF0123A0F806318DE3FEF70EFC38BF3F
:1061B0000B0C012B98BF0123A0F8F03083E3FEF70E
:1061C000FFFEA0F8181104D1FEF70BFEA0F818117D
:1061D00089B2642900F2BB816421A0F8181172E32E
:1061E000FEF7F3FB38BF0B0C012B98BF0123A0F87F
:1061F0001E3168E3FEF7E9FB38BF0B0C012B98BF9B
:106200000123A0F82C315EE3FEF7DFFB38BF0B0C57
:10621000012B98BF0123A0F8E03054E3FEF7D0FE35
:10622000A0F83E1104D1FEF7DCFDA0F83E1189B2C2
:10623000642900F294816421A0F83E1143E3FEF743
:10624000C4FB38BF0B0C012B98BF0123A0F84431CD
:1062500039E3FEF7B5FEA0F8F21004D1FEF7C1FD58
:10626000A0F8F21089B2642900F289816421A0F8B3
:10627000F21028E3FEF7A9FB38BF0B0C012B98BFE7
:106280000123A0F8F8301EE3FEF74AFE38BF0B0CDE
:10629000052B98BF0523A0F80C3114E3FEF740FE50
:1062A00038BF0B0C052B98BF0523A0F832310AE349
:1062B000FEF736FE38BF0B0C052B98BF0523A0F860
:1062C000E63000E3FEF72CFE38BF0B0C052B98BF21
:1062D0000523A0F81C31F6E2FEF722FE38BF0B0CB6
:1062E000052B98BF0523A0F84231ECE2FEF718FE1B
:1062F00038BF0B0C052B98BF0523A0F8F630E2E25F
:10630000FEF75EFEA0F8001104D1FEF76AFDA0F8CA
:10631000001189B2642900F23A816421A0F80011C9
:10632000D1E200BF002A0020A0000020A001002030
:10633000FEF746FEA0F8261104D1FEF752FDA0F8A4
:10634000261189B2642900F22A816421A0F826115D
:10635000B9E2FEF735FEA0F8DA1004D1FEF741FDF0
:10636000A0F8DA1089B2642900F229816421A0F82A
:10637000DA10A8E2FEF7D4FD38BF0B0C052B98BF4E
:106380000523A0F814319EE2FEF71AFEA0F81011C2
:1063900004D1FEF726FDA0F8101189B2642900F29D
:1063A00016816421A0F810118DE2FEF7B9FD38BF07
:1063B0000B0C052B98BF0523A0F83A3183E2FEF7BA
:1063C000FFFDA0F8361104D1FEF70BFDA0F8361141
:1063D00089B2642900F203816421A0F8361172E2C7
:1063E000FEF79EFD38BF0B0C052B98BF0523A0F8C8
:1063F000EE3068E2FEF7E4FDA0F8EA1004D1FEF703
:10640000F0FCA0F8EA1089B2642900F2F880642157
:10641000A0F8EA1057E202EBC2010523B1FBF3F149
:10642000134620319AB201848383652A01D2642203
:1064300004E0B2F5FA7F02D34FF4FA72828389B294
:10644000D42901D8D42146E0B1F5697F24BF4FF4A7
:106450006971018437E2FEF795FD00F0848100291F
:1064600040F03182818B4FF4FA72B1F5FA7F38BF78
:106470004A1C29E00185DFF8340C01216AE1002182
:1064800020E20185DFF8240C012180F820101AE2B7
:106490000185DFF8180C012180F8221013E2018534
:1064A000DFF8080C012180F826100CE2FEF76AFDE7
:1064B00000F07481002940F00682818B4A1DB1F5FD
:1064C000F77F88BF4FF4FA7202EBC2018283052284
:1064D000B1FBF2F120310184F5E1FEF709FD0A2953
:1064E0000CD9053936E1FEF703FDC3290DD205317C
:1064F00030E1FEF7FDFC052900F22981052129E1A3
:10650000FEF7F6FCC829C0F02481C82122E1B1F5CC
:10651000FA7F24BF4FF4FA71A0F80811D3E1B1F566
:10652000FA7F24BF4FF4FA71A0F82E11CBE1B1F538
:10653000FA7F24BF4FF4FA71A0F8BA10C3E1B1F5A5
:10654000FA7F24BF4FF4FA71A0F8E210BBE1B1F575
:10655000FA7F24BF4FF4FA71A0F81811B3E1B1F536
:10656000FA7F24BF4FF4FA71A0F83E11ABE1B1F508
:10657000FA7F24BF4FF4FA71A0F8CA10A3E1B1F575
:10658000FA7F24BF4FF4FA71A0F8F2109BE1B1F545
:10659000FA7F24BF4FF4FA71A0F8001193E1B1F52E
:1065A000FA7F24BF4FF4FA71A0F826118BE1B1F500
:1065B000FA7F24BF4FF4FA71A0F8B21083E1B1F56D
:1065C000FA7F24BF4FF4FA71A0F8DA107BE1B1F53D
:1065D000FA7F24BF4FF4FA71A0F8101173E1B1F5FE
:1065E000FA7F24BF4FF4FA71A0F836116BE1B1F5D0
:1065F000FA7F24BF4FF4FA71A0F8C21063E1B1F53D
:10660000FA7F24BF4FF4FA71A0F8EA105BE1DFF8DB
:10661000201F002085F82000488C0130488480B27B
:106620000A28C0F05081FEF7FBFB85F82100DFF857
:10663000000FA6F894304184FEF778FCA6F8961077
:1066400000F0BE80002840F0CB80FEF71DFDA6F8CC
:106650009230FEF7CFFCA6F8AA00BAE0DFF8D01E11
:10666000002085F82200C88C0130C88480B20A2836
:10667000C0F02981FEF7D4FB85F82300DFF8B00EC7
:10668000A6F89A30C184FEF751FCA6F89C1000F0E1
:10669000B880002840F0C580FEF7F6FCA6F89830D8
:1066A000FEF7A8FCA6F8AC00B4E0DFF8841E0020DA
:1066B00085F82400488D0130488580B20A28C0F052
:1066C0000281FEF7ADFB85F82500DFF8640EA6F821
:1066D000A0304185FEF72AFCA6F8A21000F0B28097
:1066E000002840F0BF80FEF7CFFCA6F89E30FEF7F2
:1066F00081FCA6F8AE00AEE0DFF8341E002085F87D
:106700002600C88D0130C88580B20A28C0F0DB8021
:10671000FEF786FB85F82700DFF8140EA6F8A630F2
:10672000C185FEF703FCA6F8A81000F0AC80002895
:1067300040F0B980FEF7A8FCA6F8A430FEF75AFC9A
:10674000A6F8B000A8E00139A6E60131A4E60139B7
:1067500000E0013180F82410B5E0018CD422D42966
:1067600088BF4A1E10E0018C4FF46972B1F5697F51
:1067700038BF4A1C028402EB82010AE0018CA1F1BD
:106780002602FB2938BFD42291B20284890011FA73
:1067900082F1A039092291FBF2F10FE0018C40F265
:1067A0007D3301F12602994288BF4FF4697202EBF2
:1067B00082010284A0390922B1FBF2F1818382E0D7
:1067C000FEF75DFCA6F8AA30A03890FBF1F0A6F821
:1067D0009200C94845F21501FEF704FCB6F8943062
:1067E000C54845F21601FEF701FC01206876607A83
:1067F000012868D1BE48002180F82110BD4841849D
:1068000061E0FEF73CFCA6F8AC30A03890FBF1F05C
:10681000A6F89800B84845F21801FEF7E3FBB6F871
:106820009A30B54845F21901FEF7E0FB0120687681
:10683000607A012847D1AE48002180F82310AD4886
:10684000C18440E0FEF71BFCA6F8AE30A03890FBF8
:10685000F1F0A6F89E00A84845F21B01FEF7C2FB26
:10686000B6F8A030A44845F21C01FEF7BFFB01209A
:106870006876607A012826D19D48002180F825108D
:106880009C4841851FE0FEF7FAFBA6F8B030A0381F
:1068900090FBF1F0A6F8A400974845F21E01FEF720
:1068A000A1FBB6F8A630944845F21F01FEF79EFB07
:1068B00001206876607A012805D18D48002180F892
:1068C00027108C48C185002084F88100884C94F8FA
:1068D0002000012844D194F8210018B185480021F6
:1068E00001843DE08349088C0130088480B2C928C6
:1068F00036D37E4800234FF001120B8484F82030F9
:1069000090F83B1042650122A0F8592041BB90F855
:10691000411080F8892080F82330C38349B10129D0
:106920000ED1B0F8AA10FEF763FAA0F89210818396
:1069300006E0B0F89210FEF76BFAA0F8AA100184F6
:1069400090F894100222012380F82210B0F89610DB
:10695000A0F88A10C184684845F25401FEF7A2FAF3
:1069600094F8220001283BD194F8230018B1614823
:106970000021818434E05F49888C0130888480B2B2
:10698000C9282DD35948FEF7A5FA8A8490F83B1000
:1069900084F8222021BB0221FEF75AFA09D00129EE
:1069A0000ED1B0F8AC10FEF723FAA0F8981081834E
:1069B00006E0B0F89810FEF72BFAA0F8AC100184AE
:1069C00090F89A100222022380F82210B0F89C104E
:1069D000A0F88A10C184484845F25401FEF762FAD3
:1069E00094F8240001283BD194F8250018B14148BF
:1069F0000021018534E03F49088D0130088580B2CF
:106A0000C9282DD33948FEF765FA0A8590F83B105E
:106A100084F8242021BB0321FEF71AFA09D00129AA
:106A20000ED1B0F8AE10FEF7E3F9A0F89E10818306
:106A300006E0B0F89E10FEF7EBF9A0F8AE10018466
:106A400090F8A0100222032380F82210B0F8A210C0
:106A5000A0F88A10C184284845F25401FEF722FAB2
:106A600094F82600012817D194F8270020B1214876
:106A700000218185BDE8F0811E49888D013088851F
:106A800080B2C92808D31948FEF724FA8A8590F8FD
:106A90003B1084F8262009B1BDE8F0810421FEF7FF
:106AA000D7F909D001290ED1B0F8B010FEF7A0F93E
:106AB000A0F8A410818306E0B0F8A410FEF7A8F9AE
:106AC000A0F8B010018490F8A6100222042380F8E8
:106AD0002210B0F8A810A0F88A10C184064845F228
:106AE0005401D0F804C1BDE8F0416047002A0020FD
:106AF000A0000020A0010020802B00207047000093
:106B000070B5DFF89C45208B0138208300040AD142
:106B10004FF47A70DFF890252083DFF88805816CC8
:106B2000516100218164DFF88465DFF87C5570785D
:106B300090BB287801282FD10A2004F007FB800899
:106B40006860102004F002FBA6F84E00B6F84E0074
:106B5000FDF789FEC94ACA4BFDF7CDFBC94B0022A0
:106B6000FDF7C9FBC84AC94BFDF71EFBC84AC94B14
:106B7000FDF733FCC84B0022FDF716FBFDF7ADFE19
:106B8000A5F89000013880B2312805D868688008DF
:106B90007C289CBF0120707095F83B00022815D11D
:106BA000E08B0138E083000415D14FF47A70E08364
:106BB000A88E0138A88600B2B0F1FF3F0BDC02209E
:106BC00086F84C00002085F83B0004E04FF47A7012
:106BD000E083688EA88695F84F0080B1012840F0C8
:106BE000C881317995F8880099B1032800F256815F
:106BF000DFE800F00278375795F84E0019E04FF4BF
:106C00007A70608300203071A5F88E0085F84E0000
:106C1000AFE101210328317100F24081DFE800F08B
:106C200002652444FEF792F903D20FF2B442FEF754
:106C300083F9032800F0DC80022800F0A1800128FD
:106C400040F0FD80FEF700F940F02881FEF7F8F8EB
:106C500000F07A81002840F02181A868B5F8B210D0
:106C600006E195F84E0006E0FEF770F903D20FF248
:106C70005042FEF761F9032864D0022853D001285E
:106C800040F08D80FEF7E0F840F00881FEF7D8F87C
:106C900000F03E81002840F00181A868B5F800119D
:106CA000E6E095F84E0006E0FEF750F903D20FF249
:106CB0000042FEF741F9032800F08D80022850D0F1
:106CC000012840F0A280FEF7BFF840F0E780FEF711
:106CD000B7F800F02D81002840F0E080A868B5F8F2
:106CE0002611C5E095F84E0006E0FEF72FF903D215
:106CF0000FF2DC32FEF720F9032800F0948002281E
:106D00005CD0012840F0A880FEF79EF840F0C680D5
:106D1000FEF796F800F01C81002840F0BF80A868BC
:106D2000B5F8DA10A4E0FEF78FF840F0B780FEF770
:106D300087F800F0E180002840F0B080A868B5F83E
:106D4000081195E0FEF780F840F0A880FEF778F88B
:106D500000F0D680002840F0A180A868B5F8101196
:106D600086E0FEF771F840F09980FEF769F800F0D0
:106D7000CB80002840F09280A868B5F82E1177E00B
:106D8000FEF762F840F08A80FEF75AF800F0C480FF
:106D9000002840F08380A868B5F8BA1068E004289D
:106DA0007CD1FEF751F879D1FEF74AF800F09480D3
:106DB000002873D1A868B5F8181159E0FEF744F817
:106DC0006CD1FEF73DF800F0AB80002866D1A868D2
:106DD000B5F8E2104CE0FEF737F85FD1FEF730F877
:106DE00000F0A280002859D1A868B5F836113FE01C
:106DF000FEF72AF852D1FEF723F800F09D80002814
:106E00004CD1A868B5F8C21032E0042846D1FEF78C
:106E10001BF843D1FEF714F862D000283ED1A868D1
:106E2000B5F83E1124E0FEF70FF837D1FEF708F869
:106E300000F0868090BBA868B5F8EA1018E0042836
:106E40002CD1FEF701F829D1FDF7FAFF4CD028BB71
:106E5000A868B5F8CA100BE004281FD1FDF7F4FFAD
:106E60001CD1FDF7EDFF43D0C0B9A868B5F8F2100A
:106E70004A1F90427AD9053172E000BF52B81E8590
:106E8000EB510A400000303F295C8FC2F528F4BF67
:106E900033E197FA7953713F00002E40608B000474
:106EA00067D14FF47A706083B5F88E000138A5F889
:106EB0008E0000B2B0F1FF3F5BDC95F84E10002071
:106EC0003071013185F84E10C9B2052924BFA5F8EB
:106ED0004E00A5F88E004CE0A868B5F81A113AE00B
:106EE000A868B5F8401136E0A868B5F8CC1032E0D3
:106EF000A868B5F8F4102EE0A868B5F80A112AE0E1
:106F0000A868B5F8121126E0A868B5F8301122E09B
:106F1000A868B5F802111EE0A868B5F8BC101AE020
:106F2000A868B5F8E41016E0A868B5F8381112E0C2
:106F3000A868B5F828110EE0A868B5F8C4100AE0F2
:106F4000A868B5F8EC1006E0A868B5F8B41002E03F
:106F5000A868B5F8DC10A1F10A02904206D90A31FE
:106F6000884203D2608B0138608398E74FF47A70CF
:106F7000608395F8530028B395F83900012805D1AE
:106F8000022086F84C00002085F85300A08B0138C1
:106F9000A08300041DD1B5F88C000138A5F88C0041
:106FA00000B2B0F1FF3F09DC002085F85300022059
:106FB00086F84C00B5F88A00A5F88C004FF47A707A
:106FC000A08306E04FF47A70A083B5F88A00A5F894
:106FD0008C00474C2068804794F82500012809D18F
:106FE00094F8240018B1013884F8240002E002204B
:106FF00084F8250094F8340010B1013884F8340086
:1070000094F84900012809D194F8480018B10138D2
:1070100084F8480002E0022084F8490094F85800FF
:1070200010B1013884F858003248417B012906D15B
:10703000017B11B10139017301E002214173017F2C
:1070400009B10139017790F83110012909D190F87F
:10705000301019B1013980F8301002E0022180F8B7
:10706000311090F8401011B1013980F8401090F8BB
:107070005510012909D190F8541019B1013980F83F
:10708000541002E0022180F8551090F8641011B1FC
:10709000013980F864100348C16C0131C16470BDCE
:1070A00000000020A0010020002A0020A0000020F5
:1070B0002C2B0020342B00203C2B0020442B0020C4
:1070C000062B00200E2B0020162B00201E2B00204C
:1070D000E02A0020E82A0020F02A0020F82A0020D8
:1070E000B82A0020C02A0020C82A0020D02A002068
:1070F00010020020700200201848C16941F0805140
:10710000C16117490A7842F004020A70C16921F08E
:107110008051C161016841F0010101600168890786
:10712000FCD5416821F003014160416811F00C0F6A
:10713000FBD101680B4A114001600021416041F61A
:107140001071C1624FF4801101634FF41F0181601F
:1071500005484FF000610160704700BF0010024019
:1071600050700040FFFFF2FE08ED00E02DE9F84FFF
:10717000C74F3868C00700F03381DFF840693078C6
:10718000012840F01881DFF8A896C24D99F8030055
:10719000AA46012808D1DFF85C03BF4D8468294660
:1071A0002046FDF733FB18B9DFF848032C4685600D
:1071B000B9F8525042F6E060854209D3D6E95E0143
:1071C0000025A9F85250013041F10001C6E95E01E5
:1071D00096F84000022810D0012811D196F84C00F2
:1071E000002853D0012840F06F8096F83B00022819
:1071F00060D0002868D1B08B5FE0B18BA9F8541043
:10720000022840F0D58096F85000002840F0D08049
:1072100096F84F00002840D0012840F0C98096F829
:107220004E0099F80210814218BF89F8020096F8C2
:107230005200002800F0BC80DFF8B882B148B24AA2
:107240004FF08041C8E90021C8F8080006F096F820
:1072500096F888107060032900F2E88096F93720CC
:10726000104496F93620851ADFE801F002D2BCC737
:10727000FDF7E7FE00F2DA80DFE810F005001F01FD
:1072800010011901D500B6F8B24018E196F83B009C
:10729000022814D0C0B9B08B14E006F06FF89549FD
:1072A00000220A62CA614A610A6170609248F2650E
:1072B00088607CE0F08DB18B0844323002E0B08B06
:1072C000F18D0844A9F8540096F8390068B196F891
:1072D0004A1051B1012808BF01295FD106F04EF8CC
:1072E0008449FDF7FFFECA6058E096F85200002876
:1072F00054D0BB4606F042F896F937107060B78B51
:10730000084496F93610A0EB010AB9F85400B9F810
:1073100050100FFA80F8B94208D000F04BFB86F805
:10732000370074480021C161A9F850700FFA8AFA39
:1073300008F16400504506DA681C5F46A9F852005F
:107340000020F0652AE0A8F164005F46504505DDA5
:107350006B48F065681CA9F852001FE008F10500B1
:10736000504504DBA8F10500504540F36180002042
:10737000A9F8560089F803004046FDF755FA04467F
:107380005046FDF751FA01462046FDF77FFFFDF715
:1073900076FF0021FDF73AFA0028D1D096F83B009D
:1073A000032805D105F0EAFF5249FDF79BFECA60AC
:1073B00096F83A0028B9F46D00212046FDF726FA28
:1073C00008B90024F4652046FDF773FA78624FF09F
:1073D0008040016841F0010101606FF001003860F8
:1073E000BDE8F88FFDF72DFE20D8DFE800F003455B
:1073F0004B3F1C00B6F8004161E0FDF722FE15D8B6
:10740000DFE800F0034352371100B6F8264156E09A
:10741000FDF717FE0AD8DFE800F003444D320600FE
:10742000B6F8DA404BE00020A6F84E00F06D58E0C8
:10743000B9F856000130A9F8560080B23C28FFF494
:107440009BAF01202D4989F803000020A9F85600C0
:107450002046FDF7E9F8284D04462946FDF7D6F900
:107460000028244814BF8460856085E7B6F8184179
:1074700025E0B6F83E4122E0B6F808411FE0B6F834
:10748000F2401CE0B6F8104119E0B6F82E4116E0C3
:107490001000004000204B4700401C46B6F8C24098
:1074A0000DE0B6F8E2400AE0B6F8364107E0B6F87B
:1074B000CA4004E0B6F8EA4001E0B6F8BA40204617
:1074C00000F078FA86F837002046FDF7B6F9044652
:1074D00028B2FDF7A9F901462046FDF7D7FEFDF7D2
:1074E000CEFE00210024FDF791F900B9F465C8F83B
:1074F00008A05DE70423002000401C460000FAC4F9
:10750000007F3B470080BB450000B443074841680B
:10751000890709D50168890706D5C6498A6C0132F1
:107520008A646FF002014160704700BF0C040040A4
:10753000A0010020BCB5154C2068E06880060DD580
:10754000206880060AD52068606861686B4D05F187
:107550002400FDF7D6FD4FF482702886E0684006CF
:1075600010D5206840060DD5644D6FF040000DF138
:107570000701206005F1340005F0C7FE18B10020B6
:1075800085F84100BCBDFDF725BD00BF004C0040A3
:10759000BCB5154C2068E06880060ED520688006D2
:1075A0000BD5206860686168544D05F14800FDF70F
:1075B000A8FD4FF48270A5F85400E068400610D58D
:1075C000206840060DD54D4D6FF040000DF10701CC
:1075D000206005F1580005F098FE18B1002085F8EC
:1075E0006500BCBDFDF7F6BC00500040BCB5144CB6
:1075F0002068E06880060BD52068800608D56168A1
:10760000264D05F11800FDF77CFD4FF48270A8842B
:10761000E068400610D5206840060DD51F4D6FF07C
:1076200040000DF10701206005F1280005F06DFE16
:1076300018B1002085F83500BCBDFDF7CBBC00BFFC
:1076400000380140BCB5144C2068E06880060CD5B9
:107650002068800609D56168104D05F13C00FDF7F2
:1076600050FD4FF48270A5F84800E068400610D540
:10767000206840060DD5094D6FF040000DF107015F
:10768000206005F14C0005F040FE18B1002085F89F
:107690005900BCBDFDF79EBC004400401002002014
:1076A000BCB5154D2868E86880060DD528688006A9
:1076B0000AD528686868114C6868C1B2204605F090
:1076C00037FE4FF48270A081E86840060FD5286825
:1076D00040060CD5094C6FF040000DF10701286001
:1076E00004F1100005F011FE10B100206077BCBD60
:1076F0009DF807006860BCBD004800407002002093
:10770000FEE710B504464AF25A5024F8820F180AD0
:10771000A071080A6171E371214620718220E07036
:10772000D01C0822A0700220BDE8104006F0A4BBC7
:107730000648BFF34F8F064A016801F4E061114328
:107740000160BFF34F8F00BFFDE700BF0CED00E00D
:107750000400FA0500EB400107221E3902FA01F18C
:10776000044A136819431160916A21F01F0108430C
:10777000906270470C24014002484FF48051016030
:10778000704700BF140C014002484FF48051016063
:10779000704700BF100C0140B0B5C84C94F84200CF
:1077A00001280FD1224D6879DFE800F0032D1A215E
:1077B000130095F84C00022829D0012814BF00209E
:1077C000012025E0FFF7D8FF1948002180F84C1070
:1077D0001FE0FFF7D1FF0020687185F84C0018E02A
:1077E000FFF7D2FF1348FDF758FC143903E01148A6
:1077F000FDF753FC023972F100010AD30021C0E900
:107800001611042004E0FFF7BFFF032000E0022070
:10781000687194F83A0050B105480178013101705F
:10782000C9B2502903D3FDF768FC00210170B0BD37
:10783000A0000020A0010020F0B1E9B1F0B593084C
:1078400001300D461C462CB150F8046B013C36BA91
:1078500040C5F8E712F003020CD0002418250026DA
:10786000A24205D0075D0134AF40083D3E43F7E733
:1078700041F82360BDE8F04070470000034A19B1A9
:1078800008C801391360FAE71068704700300240F9
:10789000F0B532490A68C2F38103314A022B08D09D
:1078A000ABBB0B6D9B0532D5CB6A9B0148BF2E4A03
:1078B0002DE00B688C6A1B0C002C13D40C680D682F
:1078C000C5F34175C4F383440DB90F2C43D12D0189
:1078D00001352C44DB0702D00B689B0300D5214AFD
:1078E000624314E08C6A8D6A8E6ADB071D4BC4F319
:1078F0000314C5F3082506F0070603D00F68BF037D
:1079000058BF134604FA06F26B43B3FBF2F202606F
:1079100016A40B68C3F30313E35C184CDA4042600F
:107920000B68C3F30223E35C22FA03F3C3600B6822
:10793000C3F3C223E35C0424DA4082600B68096865
:1079400004EA9363C1F3813119440DA3595CB2FB7E
:10795000F1F10161F0BD0225BBE700BF0410024058
:1079600000127A0000093D00006CDC0200000000FB
:1079700000000000010203040607080950E00008A7
:1079800002040608020C08107CB5044600204FF6DD
:10799000FF75C6B26C2E09D8301903F0C3FBADF8E1
:1079A0000600B01CBDF80610A942F2D1BDF80600D1
:1079B0007CBD000082B0002165288DF80710ADF86D
:1079C00004108DF8031073D33C4991F822101F293D
:1079D0001BD3002182084A2A8DF8031035D864226F
:1079E000ADF804208DF8071036499DF80720132ABA
:1079F0005BD84DF808EDFDF795FB5DF808EB54D228
:107A00007346FDF7C7F99E46EFE74A1E0021132A89
:107A10004ED88DF8031081084A292ED86421ADF87C
:107A2000041000218DF8071025499DF80720132A1E
:107A300041D84DF808EDFDF775FB5DF808EB34D241
:107A40007346FDF7A7F99E46EFE74FF49671ADF840
:107A5000041014218DF807101A499DF80720272AD1
:107A600023D84DF808EDFDF75DFB5DF808EB1CD25F
:107A70007346FDF78FF99E46EFE74FF49671ADF828
:107A8000041014218DF807100D499DF80720272AAE
:107A90000BD84DF808EDFDF745FB5DF808EB04D277
:107AA0007346FDF777F99E46EFE79DF80700095CFE
:107AB00048B202B070470021FAE700BF002A002058
:107AC00081E0000858E000082DE9F84FDFF8C0BA5F
:107AD0009BF80000012818BFBDE8F88FDFF8B48AD2
:107AE00098F81F00092801F21283DFE810F00A005D
:107AF0007201D700FC0033009901D0015101ED0162
:107B0000900098F82A00DFE810F009000104DA0379
:107B1000E403A0030B041504F70326049BF84D00AF
:107B200098F82B10814240F0B3859BF8540098F8E8
:107B30002D10814240F0A387002801F08B81BBF813
:107B40001E20BBF81C108A4201F08481ABF81E1085
:107B500000F04DBE98F83A00DFE810F010003E0546
:107B60001E052E05F7045205640536057305070545
:107B70006C05E804FF045A05E1042605DFF82C0D26
:107B80009BF840109BF8512043798B4240F044878A
:107B900098F83C30934240F03F879BF8411082793F
:107BA0008A4241F046819BF84210C2798A4241F0F4
:107BB000B0819BF84310027A8A4241F052839BF8CD
:107BC0004A10427A8A4241F09A839BF84410827AA2
:107BD0008A4241F0C3839BF84510C27A8A4241F041
:107BE000C6839BF84610027B8A4241F0C3839BF810
:107BF0004810427B8A4241F0C0839BF84C10827B44
:107C00008A421ABF81730F24002401F0B8BB9BF88D
:107C10004D001A2840F0D78598F845000024DFE889
:107C200010F00C00D005A4058F056905B305D0053B
:107C3000BA05D00599057505810598F8460098F8AC
:107C400047109BF84F40431CDFF8600C4A1C88F833
:107C5000463088F84720017DA14240F050879BF8CC
:107C60004E40457DA54241F03681DFF8440CBBF91A
:107C70008E40858FA54241F0E682DBB20A2BC1F02F
:107C80002483DBF80820C38E002100249A421CBF05
:107C9000C286052488F8461000F093BD98F8350098
:107CA000DFE810F00500AD019901A3018F019BF8F9
:107CB0004D0098F83610814240F064839BF85310D1
:107CC00098F83700884240F0EF84DFF8E40B002991
:107CD000828E01F08D80BBF98C108A4200F088837F
:107CE00089B2818655E398F83800302801F27E8009
:107CF000DFE810F03100C207A107AE076C07E50707
:107D0000FC07B80713088307090862078007F20712
:107D10005907AB074C07DC0706083F08E207EF07E7
:107D20002E08500897078D076B083F075708610812
:107D30001D08D20720085C07420739073C072C07BB
:107D4000680838087607DF0749082207560727081A
:107D5000720836075F079BF84D0098F839209BF8AA
:107D60008810824241F0BD80DFF8400BC2788A4221
:107D700041F06E829BF84110027900248A4201F0A2
:107D80005A8101710A2188F83940C17001F053B954
:107D90009BF84D001A2800F0D380022841F045805E
:107DA00098F83F00012800F05A82002841F03D80F9
:107DB000FDF724F9FCF741FDD0490446FCF734FCFB
:107DC0009BF84C10012918BF2046FCF759FD40BA1A
:107DD000C2E09BF84D001A2800F2D3800121C84A66
:107DE0008140114200F0CD809BF83810002900F04E
:107DF000C180012940F0C5809BF8391011B90122DA
:107E000088F82F209BF83B20002A00F0B081022A3E
:107E100000F0AD81032A40F0B4809BF82410AEE05E
:107E200098F83D100220DFE811F00F006B092603DF
:107E30003103050347035A033C036F031B03650328
:107E4000E50210035103CB02DFF8600A9BF889209A
:107E5000C17B914240F0DD85042900F2B982DFE860
:107E600011F00500330909091E09F4089BF84110B7
:107E7000027C8A4241F026829BF8510098F83E101D
:107E8000814200F0A58288F83E0001F01CBA98F803
:107E90001A000124DFE810F00600EE00BD00C40067
:107EA0000B010A019BF84040012C02D0022C06D1A4
:107EB0001A24DFF8F809FDF769F88BF84D40DFF870
:107EC000EC09FCF7DFFFB3E098F84000DFE810F0C2
:107ED0000800950172017C0164019E01AD018801D9
:107EE00098F844009BF83810441CDFF8C00988F863
:107EF0004440427C8A4240F0AF839BF83B10827C36
:107F00008A4240F09A859BF83A10C27C8A4240F03F
:107F1000938798F8410098F84210814240F0FC871E
:107F2000DBF85C00FCF7ACFC40F25721B0FBF1F051
:107F300098F84310884241F09781002401F0A1B9DC
:107F400098F83F00012800F09981002840F06D87E3
:107F5000FDF754F800BA000CDFF850190E22A1F812
:107F600048003C31022005F087FF98F83F000130BF
:107F700000F05CBF002188F82F109BF82210CBF88E
:107F8000181098F82E10DFE801F004D7BDC6ADE256
:107F9000EB0098F83010814240F0FF819BF83B00E5
:107FA000032800F07385002840F08D8798F834008E
:107FB000012840F06A870020042488F8340000F08B
:107FC00083BFFDF766F800F00682022840F01082B9
:107FD00045F2120101E2FDF75CF800F0018202288F
:107FE00040F0068245F21201FCE1FDF752F800F084
:107FF0000B82022840F0118246F2031106E2FDF7DF
:1080000048F800F00C82022840F0C38146F20311C8
:1080100007E2DFF8A0089BF8513045F23C0105E08B
:10802000DFF8900898F8193045F24901FCF78AFF0B
:10803000012088F81A009BF84D000E2840D19BF8CB
:108040003B00022804D09BF84C10012941F05A80D3
:1080500098F81B10002941F05580012188F81D0077
:10806000002088F81B109BF84C108BF83B0088F818
:108070001C1033E09BF85100002800F0F182DFF87B
:1080800030089BF84D10C28B142904BF0132C28303
:1080900092B2012A08D0142902D1B2F5C87FC7D301
:1080A00000218BF85110C1830220C2E71A24DFF8A7
:1080B000FC07FCF76BFF01208BF84D4088F81A0095
:1080C00098F81B00012841F01D80002098F81D1031
:1080D00088F81B0098F81C008BF83B108BF84C00BC
:1080E00001F010B8DFF8CC0745F2040102220023AA
:1080F000FCF79DFF052400F0E7BE00BF000048C26A
:1081000006000004012800F0D982022840F0F08225
:1081100046F2F301D4E2022800F0D882012840F0B0
:10812000D286DFF89007BBF8183045F20E01FCF755
:1081300048FC062400F0C8BEDFF8780745F20401C9
:10814000022201230224FCF7ADFE00F0BDBE01288F
:1081500000F0C582022840F0CB8246F2F301C0E273
:10816000DFF85007BBF8183045F20C01B4E20129E2
:108170007FF403AF9BF84A1001297FF4FEAE98F814
:108180002F1001297FF4F9AE9BF8561000297FF4D7
:10819000F4AE9BF82510F2E69BF83B000024002883
:1081A00000F04184032800F03D84022839D10124E5
:1081B00000F039BCDFF8FC0645F20501022200237D
:1081C0000024FCF76FFE2CE09BF83810DFF8E40683
:1081D000D0F80441B1FA81F14B0945F202011DE0EA
:1081E000DBF85C00E549FCF7A9FAFCF749FB03461C
:1081F000DFF8C00645F20A010EE0DFF8B80645F2E6
:10820000050102220123D0F8044108E0DFF8A406AA
:108210009BF83A304FF4A041D0F804410222A04725
:10822000002488F8404000F06DBFDBF85C00D349C3
:10823000FCF784FAFCF724FB0346DFF8780645F2E6
:108240000901FCF7BEFB0724EBE7DFF8680645F2FF
:10825000030102220023FCF7EAFE052410E39BF849
:10826000380020B1012840F0E085DBF81800DFF885
:108270003C1681F857004A3100F0D3BD9BF84F00FF
:10828000002800F0A382012840F0CF859BF88800E9
:10829000032800F2CA85DFE810F0040060064606F5
:1082A0005306FCF7E7FE00F2C085DFE810F004009B
:1082B0004D08380844089BF8B64000F0ACBDFCF708
:1082C000E8FE00F08B82022840F09F8346F2C30153
:1082D00086E29BF84D00022800F08B8201285AD1DB
:1082E000DFF8CC0545F207010222038EDFF8C40552
:1082F000FCF79DFE0724C3E2FCF765FC00F07D82DD
:10830000002840F0BC829E4C9E4D78E2DFF8A40528
:1083100045F20301022201230224FCF7C3FDAFE270
:10832000FCF7B7FE00F07E82022840F0708346F230
:10833000C30179E29BF84D00022800F07E820128FB
:1083400029D1DFF87005BBF8083045F20701FCF7CA
:1083500038FB082494E29BF84100002800F0768264
:10836000012840F08C82DFF84C05D0F80441DBF89E
:1083700008008108E82900F24183FCF774FA824A78
:10838000824B71E288F836009BF8530001240028E4
:108390008EE102248EE1002474E2411E012900F2E4
:1083A00090859BF83B10032900F08485002940F05C
:1083B00088850121ABF8561008F1330100F07FBD2C
:1083C000DFF8F0049BF8893045F25401FCF7F9FA24
:1083D000002000F095BE45F20801BBF8263003E00E
:1083E00045F20801BBF88C30DFF8C804FCF7E9FA65
:1083F00000245FE1FCF7E7FB00F05783002840F022
:108400005C83BBF8A43052E346F23301DFF8A404E6
:1084100002224FF6FF73FCF70AFE04244AE146F2FB
:108420003301DFF89004022244F250730224FCF777
:1084300039FD3FE1DFF87C04BBF8963045F21701C7
:10844000FCF7BFFA052000F05BBEDFF86804BBF85C
:10845000A63045F21F01FCF7B4FA0D2000F050BE23
:10846000DFF85004BBF8A03045F21C01FCF7A9FA74
:108470000A2000F045BE9BF84100002800F01F8351
:10848000012840F025830BF1AA001AE3DFF8240449
:10849000BBF8943045F21601FCF793FA042000F083
:1084A0002FBEDFF81004BBF89C3045F21A01FCF730
:1084B00088FA082000F024BEFCF785FB00F00A8350
:1084C000002840F00F83BBF8983005E3DFF8E403A1
:1084D000BBF8A83045F22001FCF773FA9AE2DFF806
:1084E000D403BBF89A3045F21901FCF76AFA072069
:1084F00000F006BEEF48BBF8A23045F21D01FCF7C4
:1085000060FA0B2000F0FCBD9BF84100002800F051
:10851000EB82012840F0F1820BF1AE00E6E2E54883
:10852000BBF8323045F2340100F08EBCDF48002445
:1085300001210922A0F82F1080F8314000F1290113
:10854000022005F099FC00F082BCDFF85C0E9BF87D
:10855000433045F2300100F077BCDFF84C0E9BF859
:10856000483045F2380100F06FBCDFF83C0E9BF854
:108570004A3045F2450100F067BC00BF00C0154419
:108580009999D93F9A999999E17A14AE47E1CA3FEE
:10859000002A0020A0000020DFF80C0E9BF84130DC
:1085A00045F22E0100F050BCDFF8FC0D9BF84C307A
:1085B00045F23E0100F048BCDFF8EC0D9BF842307C
:1085C00045F22F0100F040BCDFF8DC0D9BF846308F
:1085D00045F2320100F038BC9BF840009BF84C108B
:1085E000012808BF012900F08D82012808BF002959
:1085F00000F02584022840F02984022300F020BCEA
:10860000DFF8A40D9BF8443045F2310100F01CBCAA
:10861000FCF7D9FA00F07882002840F08382BBF89A
:108620002E3079E2DFF8800D9BF8453045F24401A9
:1086300000F00ABCDFF8840DFCF724FC0B2400F0EA
:1086400006BC9BF84100002800F06E82012840F033
:10865000FD830BF1200069E24174032400F011BE98
:1086600098F81900012840F0EC81DFF8541D012032
:10867000CA8B531C002A9AB2CB8308BF0320C82A96
:10868000FFF4D7AC002088F81900C8830320D0E499
:10869000411E012905D8002188F82D100121ABF8D1
:1086A000541088F82B00EAE0012488F837100029DC
:1086B00008BF032488F8354000F024BD46F263016A
:1086C000DFF8E40C022243F67F430FE0DFF8D80C1A
:1086D000BBF8183045F21101FCF734FCF3E346F225
:1086E0006301DFF8C40C02224FF6FF73FCF79FFC16
:1086F0000324E9E39BF84E000138C0B2032860D898
:108700000FF6A84151F82000038853E0DFF8980CD9
:1087100046F2930102224FF6FF73FCF788FC0B2010
:1087200088F845009BF84F00002800F09E81012842
:1087300046D1DFF8740CBBF88E3045F241013DE0C4
:10874000DFF8640C9BF84E3045F24301FCF739F931
:10875000042436E0DFF8500C46F29301022244F282
:108760005073FCF764FC0B242BE0DFF83C0C9BF807
:108770004F3045F24201FCF724F99BF84F000A24E0
:10878000012808BF09241CE0DFF81C0CBBF80830E6
:1087900045F23F0112E0DBF808009BF82510BBF81A
:1087A0001820452898BF11469BF83800012818BFAB
:1087B00011468BB2DFF8F00B45F24001FCF7C2FB2B
:1087C000002488F84540002000F09FBCDBF804003E
:1087D0004728C0F017839BF825401CE346F20301AD
:1087E000DFF8C40B02224FF66043FCF720FC0324A1
:1087F00046E0DFF8CC0B038E21E02F4C2F4DDFF845
:10880000C00B008EFCF72FF802460B462846214687
:10881000FBF771FDFCF761F80346DFF88C0BD0F82D
:10882000044128E046F20301DFF87C0B02224FF6F8
:10883000FF73FCF7FCFB062422E0BBF80830DFF8EE
:10884000680B45F21001D0F8044116E0DFF8580B30
:10885000D0F80441DBF8080081087C2900F2CE80C2
:10886000FCF701F8164A174BFBF745FDFCF735F806
:108870000346DFF8340B45F20B010222A047002427
:108880009BF84D001A2888F82A4000F23B84012109
:1088900001FA00F00C49084200F034849BF8414092
:1088A000A4B1012C18D10BF1200011E00000002030
:1088B000A0010020802B002047E1CA3FE17A14AEDE
:1088C0009A9999999999D93F060000040BF11C00D7
:1088D0000088DFF8EC1A08869BF93700DBF804A063
:1088E0009BF936105044401AFBF7A7FF9BF84C1039
:1088F0009BF84090064689F0010081F0010141EAB1
:108900000007E2493046FBF78FFE0546380618BFE0
:108910003546012C2FD0002C40F0F4839BF8390011
:108920009BF84A109BF8434081F0010180F0010060
:1089300040EA01065046FBF780FF002E18BF28468C
:10894000FBF7B7FFBBF89020904288BF0246CBF8F8
:108950000820B9F1010F08BF012C40F0D383BBF808
:108960001C1001F11400824280F0CC83A1F11400AC
:10897000824240D8C6E39BF8390001280BD19BF80E
:108980004A00012807D10AEBCA000521FCF732FB97
:10899000FBF753FF0AE0BE492846FBF79DFEBD49A1
:1089A000FBF7CCFE4FF08441FBF73EFEBBF8901086
:1089B000052201EBC101B1FBF2F101F12004FBF74B
:1089C00078FF844288BF2046CBF80800B9F1010F38
:1089D00040F098839BF84310012940F09383BBF843
:1089E000201001F12402904280F08C83A1F1240236
:1089F000904240F28783CBF8081083E3DFF8A809A0
:108A000045F20B010222C82338E703243AE7062483
:108A100038E7C2730E2073E388F83C2041710124CB
:108A200000F0ADBC0224DFF8800945F2010102220A
:108A30002346FCF737FAFFF7F3BB8174042400F0F8
:108A400020BC9BF84D109BF84000282908BF012846
:108A500000F04482012202284FF0010008BF0520E7
:108A6000282918BF1046FFF7E4BADFF83C0945F2A1
:108A70004101022200230024FCF714FAA1E601249C
:108A800088F82D00002808BF0424F9E698F834007F
:108A9000002800F01C829BF8240098F832108142D4
:108AA00000F0118288F8320022E6BBF8B030DFF81F
:108AB000F80845F21E01FBF784FF0C2020E30BF1C0
:108AC00092000388DFF8E00845F21501FBF779FF13
:108AD000032015E3BBF8AC30DFF8CC0845F21801F1
:108AE000FBF76FFF06200BE30BF19E000388DFF816
:108AF000B80845F21B01FBF764FF092000E3047589
:108B000002245EE600239BE1BBF82E00052100EB6A
:108B1000C000FCF76FFA83B2DFF88C0845F233012E
:108B2000FBF74FFF0E2492E10BF11C000388DFF8E6
:108B3000780845F2350187E1FCF745F800F01A8224
:108B4000002840F07582BBF836315FE2FCF73BF855
:108B500000F01382002840F06B82BBF826313FE220
:108B6000BBF8423118E1BBF81C3115E1BBF81E31EE
:108B700059E0BBF80631F7E0FCF725F800F0008279
:108B8000002840F05582BBF818314CE2FCF71BF886
:108B900000F0F981002840F04B82BBF8E2303CE263
:108BA000BBF83A31C8E0BBF8DE3010E1BBF8163153
:108BB000C9E0BBF8443136E0DFF8EC07BBF8CE3053
:108BC00045F22C01FBF7FDFE0C2434E2FBF7FBFF22
:108BD00000F0DC81002840F0E181BBF8BA30D7E139
:108BE000FBF7F1FF00F0DC81002840F02182BBF8A8
:108BF0002E3112E2BBF8D03015E0DFF8AC07BBF83D
:108C0000C83045F22A01FBF7DCFE0A2413E2FBF729
:108C1000DAFF00F0C881002840F00A82BBF800317A
:108C2000DEE1BBF8F830DFF8800745F22D01FBF7F5
:108C3000C8FE0024FFE1DFF87007BBF8B63045F24C
:108C40002301FBF7BEFE0324F5E1BBF8E0308BE027
:108C5000DFF85407BBF8B83045F22401FBF7B1FE4A
:108C60000424E8E1FBF7AFFF00F0A081002840F00A
:108C7000A581BBF8C2309BE1FBF7A5FF00F0A08106
:108C8000002840F0BC81BBF8B2309BE1000048C234
:108C9000000010410000A040FBF795FF00F09B8111
:108CA000002840F0C581BBF81031AFE1BBF8E630D9
:108CB00083E0BBF8323180E0BBF8EE303CE0DFF817
:108CC000E806BBF8BE3045F22601FBF77AFE062423
:108CD000B1E1BBF8F03036E0FBF775FF00F07E81C4
:108CE000002840F0A581BBF8DA3079E1DFF8B8065A
:108CF000BBF8C03045F22701FBF763FE07249AE179
:108D0000BBF8E83041E0FBF75EFF00F06E81002821
:108D100040F07381BBF8CA3069E1DFF88C06BBF81C
:108D2000C63045F22901FBF74CFE092483E1BBF86C
:108D30000E312AE0BBF81431DFF86C0645F2290148
:108D400074E1BBF83C31DFF8600645F22A016DE1C1
:108D5000FBF739FF00F05581002840F06981BBF82E
:108D6000F23060E1BBF82C31DFF83C0645F224011B
:108D70005CE1FBF728FF00F04781002840F05881B4
:108D8000BBF8EA3042E1BBF83431DFF81C0645F2AB
:108D900027014BE1BBF8F630DFF80C0645F22C0159
:108DA00044E1FBF710FF00F03681002840F04081DD
:108DB000BBF8083131E1BBF80C31DFF8EC0545F2C6
:108DC000260133E1BBF82A3101E0BBF80431DFF8BA
:108DD000D80545F2230129E1FBF7F5FE00F02181DA
:108DE000002840F02581BBF83E311CE104208CE1D5
:108DF000BBF826108A423FF4FBAABBF88C10818690
:108E0000FFF70BBBDFF8A00545F24001022200236B
:108E10000024FCF747F8DFF8A40500F14A0180F8C8
:108E2000574002200E2205F027F8002088F83F0066
:108E300068E181710224A2E2C174052421E20123C8
:108E4000DFF8640545F21401FCF77CF8002488F88B
:108E50003A4057E100287FF412AD98F82C00DFF873
:108E600060150024421CDBF808004B8E88F82C208B
:108E700098423FF405ADD2B20A2AFFF401AD48860C
:108E80000020062488F82C00FAE49BF8560098F895
:108E90003310814240F0D280002800F0FE819BF820
:108EA00022009BF82310814200F0F7818BF8230009
:108EB000FFF71EBC002188F8341008F132010022AF
:108EC0000A7088F83000002488F82E401AE1012446
:108ED00088F83440F8E74475032472E40420FFF76F
:108EE000EDB8072808BF002900F0D581072808BF82
:108EF000012900F00282072808BF022900F02A8217
:108F000000220024032908BF2524072818BF14467F
:108F100021E2C171032432E2022488F842000028D1
:108F200018BF0124ADE1FCF7A5F83FF67EAFDFE8FE
:108F300010F00400F901ED01F0019BF804416AE72B
:108F4000FCF798F83FF671AFDFE810F00400F80185
:108F5000E601F2019BF82A415DE7FCF78BF83FF64A
:108F600064AFDFE810F00400F401E201EE019BF8C9
:108F7000DE4050E7BBF8383148E0BBF828312FE03D
:108F8000BBF81A314FE0BBF8E43046E0BBF8BC3028
:108F9000DFF8140445F22501FBF713FD05244AE030
:108FA000BBF8303139E0BBF8023119E0BBF8C4300E
:108FB000DFF8F40345F22801FBF703FD08243AE04B
:108FC000BBF8B430DFF8E00345F2220102220224AC
:108FD000FBF768FF2FE0BBF8123117E0BBF8DC307D
:108FE000DFF8C40345F2220120E0BBF8CC30DFF803
:108FF000B80345F22B01FBF7E4FC0B241BE0022431
:1090000019E0BBF8F4300EE0BBF8EC30DFF8980361
:1090100045F228010AE0BBF80A31E34845F2250190
:1090200004E0BBF84031E04845F22B01FBF78AFF32
:1090300098F83800441C88F8384063E0012488F828
:109040003300002808BF04243EE7BBF8A400BBF8A7
:109050001C10814251D1BBF8B000BBF820108142F6
:109060004BD19BF82200BBF8A610814245D1BBF83A
:10907000A8003DE0BBF89800BBF81C1081423CD131
:10908000BBF8AC00BBF82010814236D19BF822001F
:10909000BBF89A10814230D1BBF89C0028E0BBF8A5
:1090A0009E00BBF81C10814227D1BBF8AE00BBF874
:1090B0002010814221D19BF82200BBF8A0108142F0
:1090C0001BD1BBF8A20013E0BBF89200BBF81C1048
:1090D000814212D1BBF8AA00BBF8201081420CD10A
:1090E0009BF82200BBF89410814206D1BBF8960091
:1090F000BBF8261081423FF46BA900208BF8890051
:1091000088F83D0098F81F00013088F81F0098F893
:109110001E00002840F09180BBF81C0000EBC0014D
:109120000520B1FBF0F12031ABF82010BBF82E1078
:10913000FBF7A2FEABF83010BBF89210FBF79CFED9
:10914000ABF8AA10BBF89810FBF796FEABF8AC1082
:10915000BBF89E10FBF790FEABF8AE10BBF8A41066
:10916000FBF78AFEABF8B010BBF8B210FBF784FE39
:10917000ABF8B410BBF8BA10FBF77EFEABF8BC102E
:10918000BBF8C210FBF778FEABF8C410BBF8CA10EE
:10919000FBF772FEABF8CC10BBF8DA10FBF76CFEF5
:1091A000ABF8DC10BBF8E210FBF766FEABF8E4109E
:1091B000BBF8EA10FBF760FEABF8EC10BBF8F2105E
:1091C000FBF75AFEABF8F410BBF80011FBF754FEA6
:1091D000ABF80211BBF80811FBF74EFEABF80A1111
:1091E000BBF81011FBF748FEABF81211BBF81811D1
:1091F000FBF742FEABF81A1100218BF88910012110
:1092000088F81E10BBF82611FBF736FEABF82811C4
:10921000BBF82E11FBF730FEABF83011BBF836115E
:10922000FBF72AFEABF83811BBF83E1101EBC10188
:10923000B1FBF0F02030ABF840015B48D0F80811EA
:10924000BDE8F84F0847A1B20B248187FFF7B9BAF0
:10925000C17001EB410000248000042938BF441C88
:10926000E9E6017204248AE0E1B20024102906D361
:109270009BF84D1088F84440012908BF062488F85F
:109280004300DBF814000021632888BF012188F81F
:109290004110FEF7C6BF01245DE09BF8250098F859
:1092A000311081422ED145489BF8381042788A42CD
:1092B00057D19BF8391082788A423FF404AE81700E
:1092C000FFF716BA017401201AE7D2B200240A2A65
:1092D000FFF477AA00297FF474AADBF81810038F33
:1092E0009BF82520994203D1438F93423FF469AA0A
:1092F000428701870724FFF764BA0D242BE04172EF
:1093000009243CE088F83100FFF7F2B99BF81441DA
:1093100081E59BF81C417EE59BF83A417BE59BF893
:10932000C64078E59BF80C4175E59BF8EE4072E588
:109330009BF842416FE59BF8CE406CE59BF83241CB
:1093400069E59BF8F64066E59BF8BE4063E59BF84F
:10935000E64060E5192488F839006CE6817205243E
:109360000DE000244170002908BF0324ACE5C17260
:10937000062404E00173072401E041730C249BF8E8
:109380004D0098F83B1081423FF461AD0C2807D0A6
:109390000E2803D0132808BF0A2402E0082400E0A6
:1093A0000D2488F83B0052E5802B0020B62A0020CF
:1093B000BE2A0020C62A0020CE2A0020000000205D
:1093C000A0010020064907480A7822B94CF6CC4291
:1093D000026001220A704AF6AA210160704700BFAC
:1093E000312300200030004010B5214C226842F0AB
:1093F0000102226001804FF4801000F017F8FBF7A3
:1094000020BF00BF08480168C9071CBF0020704783
:109410000168490744BF012070470068C0064FF04B
:10942000020058BF032070470C200240B0B504462C
:10943000FFF7E8FF0025013C45F1000118B911B123
:10944000FFF7E0FFF7E7B0BD10B5094C216841F028
:10945000020121606060206840F0400020604FF011
:109460008040FFF7E3FF206820F00200206010BD7D
:10947000102002402DE9F04F8FB0DFF8608A98F895
:109480000600032801F22F86DFE810F004003605FD
:109490000C00080598F81300002801F02280012034
:1094A00001F01BB8FB49DFF8384AFB4FDFF8345AAC
:1094B000881D894698F8121011F0010608BFA7F11F
:1094C000D20094F9361089B2A84709F10800002E9D
:1094D00008BFA7F1D000E18DA84709F10A00002ECE
:1094E00008BFA7F1CE00618EA84709F10C00002E3D
:1094F00008BFA7F1CC00B4F88A10A84709F1D00042
:10950000002E08BFA7F1080094F84010A84709F101
:109510000E00002E08BFA7F1CA0094F84110A8471A
:1095200009F11000002E08BFA7F1C80094F84210FE
:10953000A84709F11200002E08BFA7F1C60094F851
:109540004310A84709F11400002E08BFA7F1C4007A
:1095500094F84410A84709F11600002E08BFA7F19F
:10956000C20094F84510A84709F11800002E08BF62
:10957000A7F1C00094F84610A84709F11A00002E80
:1095800008BFA7F1BE0094F84810A84709F11C00D5
:10959000002E08BFA7F1BC0094F84910A84709F1B4
:1095A0001E00002E08BFA7F1BA0094F84B10A84780
:1095B00009F12000002E08BFA7F1B80094F84C1064
:1095C000A84709F12200002E08BFA7F1B600B4F8A1
:1095D0009210A84709F12400002E08BFA7F1B4009B
:1095E000B4F89410A84709F12600002E08BFA7F18F
:1095F000B200B4F89610A84709F12800002E08BF61
:10960000A7F1B000B4F89810A84709F12A00002E7D
:1096100008BFA7F1AE00B4F89A10A84709F12C00D2
:10962000002E08BFA7F1AC00B4F89C10A84709F1C0
:109630002E00002E08BFA7F1AA00B4F89E10A8477C
:1096400009F13000002E08BFA7F1A800B4F8A0105F
:10965000A84709F13200002E08BFA7F1A600B4F810
:10966000A210A84709F13400002E08BFA7F1A400FA
:10967000B4F8A410A84709F13600002E08BFA7F1DE
:10968000A200B4F8A610A84709F13800002E08BFC0
:10969000A7F1A000B4F8A810A84709F13A00002EDD
:1096A00008BFA7F19E00B4F8B210A84709F13C002A
:1096B000002E08BFA7F19C00B4F8B610A84709F126
:1096C0003E00002E08BFA7F19A00B4F8B810A847D2
:1096D00009F14000002E08BFA7F19800B4F8BA10B5
:1096E000A84709F14200002E08BFA7F19600B4F880
:1096F000BE10A84709F14400002E08BFA7F194004E
:10970000B4F8C010A84709F14600002E08BFA7F121
:109710009200B4F8C210A84709F14800002E08BF13
:10972000A7F19000B4F8C610A84709F14A00002E2E
:1097300008BFA7F18E00B4F8C810A84709F14C0083
:10974000002E08BFA7F18C00B4F8CA10A84709F191
:109750004E00002E08BFA7F18A00B4F8CE10A8472B
:1097600009F15000002E08BFA7F18800B4F8D0100E
:10977000A84709F15200002E08BFA7F18600B4F8EF
:10978000D210A84709F15400002E08BFA7F18400A9
:10979000B4F8D610A84709F15600002E08BFA7F16B
:1097A0008200B4F8D810A84709F15800002E08BF6D
:1097B000A7F18000B4F8DA10A84709F15A00002E8A
:1097C00008BFA7F17E00B4F8DE10A84709F15C00DD
:1097D000002E08BFA7F17C00B4F8E010A84709F1FB
:1097E0005E00002E08BFA7F17A00B4F8E210A84787
:1097F00009F16000002E08BFA7F17800B4F8E61068
:10980000A84709F16200002E08BFA7F17600B4F85E
:10981000E810A84709F16400002E08BFA7F1740002
:10982000B4F8EA10A84709F16600002E08BFA7F1B6
:109830007200B4F8EE10A84709F16800002E08BFC6
:10984000A7F17000B4F8F010A84709F16A00002EE3
:1098500008BFA7F16E00B4F8F210A84709F16C0038
:10986000002E08BFA7F16C00B4F8F610A84709F164
:109870006E00002E08BFA7F16A00B4F8F810A847E0
:1098800009F17000002E08BFA7F16800B4F8FA10C3
:1098900000F004B800F40108D8FC0108A84709F159
:1098A0007200002E08BFA7F16600B4F8FC10A847AC
:1098B00009F17400002E08BFA7F16400B4F8FE108F
:1098C000A84709F17600002E08BFA7F16200B4F89E
:1098D0000011A84709F17800002E08BFA7F1600029
:1098E000B4F80411A84709F17A00002E08BFA7F1C7
:1098F0005E00B4F80611A84709F17C00002E08BFED
:10990000A7F15C00B4F80811A84709F17E00002E09
:1099100008BFA7F15A00B4F80C11A84709F180005C
:10992000002E08BFA7F15800B4F80E11A84709F19E
:109930008200002E08BFA7F15600B4F81011A84706
:1099400009F18400002E08BFA7F15400B4F81411E7
:10995000A84709F18600002E08BFA7F15200B4F80D
:109960001611A84709F18800002E08BFA7F1500082
:10997000B4F81811A84709F18A00002E08BFA7F112
:109980004E00B4F81C11A84709F18C00002E08BF46
:10999000A7F14C00B4F81E11A84709F18E00002E63
:1099A00008BFA7F14A00B4F82011A84709F19000B8
:1099B000002E08BFA7F14800B4F82211A84709F10A
:1099C0009200002E08BFA7F14600B4F82411A84762
:1099D00009F19400002E08BFA7F14400B4F8261145
:1099E000A84709F19600002E08BFA7F14200B4F87D
:1099F0002A11A84709F19800002E08BFA7F14000DE
:109A0000B4F82C11A84709F19A00002E08BFA7F15D
:109A10003E00B4F82E11A84709F19C00002E08BFA3
:109A2000A7F13C00B4F83211A84709F19E00002EBE
:109A300008BFA7F13A00B4F83411A84709F1A00013
:109A4000002E08BFA7F13800B4F83611A84709F175
:109A5000A200002E08BFA7F13600B4F83A11A847BB
:109A600009F1A400002E08BFA7F13400B4F83C119E
:109A7000A84709F1A600002E08BFA7F13200B4F8EC
:109A80003E11A84709F1A800002E08BFA7F1300039
:109A9000B4F84211A84709F1AA00002E08BFA7F1A7
:109AA0002E00B4F84411A84709F1AC00002E08BFFD
:109AB000A7F12C00B4F84611A84709F1AE00002E1A
:109AC00008BFA7F12A00B4F84811A84709F1B0006F
:109AD000002E08BFA7F12800B4F84A11A84709F1E1
:109AE000B200002E08BFA7F12600B4F84C11A84719
:109AF00009F1B400002E08BFA7F12400B4F84E11FC
:109B0000A84709F1B600002E08BFA7F12200B4F85B
:109B10005011A84709F1B800002E08BFA7F1200096
:109B2000B4F85211A84709F1BA00002E08BFA7F1F6
:109B30001E00B4F85411A84709F1BC00002E08BF5C
:109B4000A7F11C00B4F85611A84709F1BE00002E79
:109B500008BFA7F11A00B4F85811A84709F1C000CE
:109B6000002E08BFA7F11800B4F85A11A84709F150
:109B7000C200002E08BFA7F11600B4F85C11A84778
:109B800009F1C400002E08BFA7F11400B4F85E115B
:109B9000A84709F1C600002E08BFA7F11200B4F8CB
:109BA0006011A84709F1C800002E08BFA7F11000F6
:109BB000B4F86211A84709F1CA00002E08BFA7F146
:109BC0000E00B4F86411A84709F1CC00002E08BFBC
:109BD000A7F10C00B4F86611A84709F1CE00002ED9
:109BE00008BFA7F10A00B4F86811A84709F1D4002A
:109BF000002E08BF381FB4F87011A84709F1D6002D
:109C0000002E08BFB81EB4F87811A84794F93600A2
:109C100094F8411094F8433094F84220A8F85E007C
:109C2000E08D88F80810D4F8B81088F80A30B4F835
:109C3000B23088F80920D4F8BE20A8F86000608E01
:109C4000A8F86200B4F88A00A8F8640094F840000C
:109C500088F8070094F8440088F80B0094F8450051
:109C600088F80C0094F8460088F80D00B4F8480015
:109C7000A8F80E00B4F84B00A8F81000D4F8920031
:109C8000C8F86600D4F89600C8F86A00D4F89A00BC
:109C9000C8F86E00D4F89E00C8F87200B4F8A200AC
:109CA000A8F87600B4F8A400A8F87800D4F8A600C4
:109CB000C8F87A008C484160B4F8C2100380B4F848
:109CC000B6308260D4F8D8208181B4F8C6104380C1
:109CD000D4F8DE30C261C181B4F8C81003620182D9
:109CE000B4F8CA104182B4F8CE108182D4F8D010F2
:109CF000C0F81610B4F8D6104183B4F8E21081848D
:109D0000B4F8E610C184B4F8E8100185B4F8EA109C
:109D10004185B4F8EE108185B4F8F010C185B4F82F
:109D2000F2100186B4F8F6104186B4F8F810818676
:109D3000B4F8FA10C186B4F8FC100187B4F8FE102C
:109D40004187B4F800118187B4F80411C187B4F8D1
:109D50000611A0F84010B4F80811A0F84210B4F8A9
:109D60000C11A0F84410B4F80E11A0F84610B4F885
:109D70001011A0F84810B4F81411A0F84A10B4F863
:109D80001611A0F84C10B4F81811A0F84E10B4F841
:109D90001C11A0F85010B4F81E11A0F85210B4F81D
:109DA0002011A0F85410B4F82211A0F85610B4F8FD
:109DB0002411A0F85810B4F82611A0F85A10B4F8DD
:109DC0002A11A0F85C10B4F82C11A0F85E10B4F8B9
:109DD0002E11A0F86010B4F83211A0F86210B4F897
:109DE0003411A0F86410B4F83611A0F86610B4F875
:109DF0003A11A0F86810B4F83C11A0F86A10B4F851
:109E00003E11A0F86C10B4F84211A0F86E10B4F82E
:109E10004411A0F87010B4F84611A0F87210B4F80C
:109E20004811A0F87410B4F84A11A0F87610B4F8EC
:109E30004C11A0F87810B4F84E11A0F87A10B4F8CC
:109E40005011A0F87C10B4F8521128480180B4F8E1
:109E500054114180B4F856118180B4F85811C18072
:109E6000B4F85A110181B4F85C114181B4F85E1163
:109E70008181B4F86011C181B4F862110182B4F833
:109E800064114182B4F866118182B4F8681104F556
:109E9000B874C1821ECC60301EC01BE3144898F811
:109EA0001210124CD830C90704BF4FF6D840C0F684
:109EB0000100218BFFF798FA0E48C16841F080013C
:109EC000C160002088F80600208B0130208398F8BC
:109ED0001200013088F8120001F005B9A00000203E
:109EE000002A0020E99300081E010020A0010020A4
:109EF00000F40108042002405FF81C90B8F85810E4
:109F0000B9F81C00814240F0AC8299F82200B8F800
:109F10005A10814240F0A58299F82400B8F85C10EC
:109F2000814240F09E8299F93600B8F85E10814275
:109F300040F09782B9F82E00B8F86010814240F0E6
:109F40009082B9F83200B8F86210814240F08982FC
:109F5000B9F88A00B8F86410814240F0828299F81A
:109F6000400098F80710814240F07B8299F8410048
:109F700098F80810814240F0748299F8420098F8ED
:109F80000910814240F06D8299F8430098F80A1058
:109F9000814240F0668299F8440098F80B108142A3
:109FA00040F05F8299F8450098F80C10814240F02B
:109FB000588299F8460098F80D10814240F051827D
:109FC00099F8480098F80E10814240F04A8299F8BA
:109FD000490098F80F10814240F0438299F84B00F5
:109FE00098F81010814240F03C8299F84C0098F8A3
:109FF0001110814240F03582B9F89200B8F866102D
:10A00000814240F02E82B9F89400B8F8681081427D
:10A0100040F02782B9F89600B8F86A10814240F003
:10A020002082B9F89800B8F86C10814240F019828B
:10A03000B9F89A00B8F86E10814240F01282B9F86F
:10A040009C00B8F87010814240F00B82B9F89E0075
:10A05000B8F87210814240F00482B9F8A000B8F854
:10A060007410814240F0FD81B9F8A200B8F8761072
:10A07000814240F0F681B9F8A400B8F87810814226
:10A0800040F0EF81B9F8A600B8F87A10814240F0AC
:10A09000E881B9F8A800B8F87C10814240F0E1816D
:10A0A0005FF8BC01B9F8B21002888A4240F0D98149
:10A0B000B9F8B61042888A4240F0D381B9F8B81096
:10A0C00082888A4240F0CD81B9F8BA10C2888A42AB
:10A0D00040F0C781B9F8BE1002898A4240F0C181C0
:10A0E000B9F8C01042898A4240F0BB81B9F8C21069
:10A0F00082898A4240F0B581B9F8C610C2898A4285
:10A1000040F0AF81B9F8C810028A8A4240F0A981B4
:10A11000B9F8CA10428A8A4240F0A381B9F8CE1039
:10A12000828A8A4240F09D81B9F8D010C28A8A4260
:10A1300040F09781B9F8D210028B8A4240F09181A9
:10A14000B9F8D610428B8A4240F08B81B9F8D8100A
:10A15000828B8A4240F08581B9F8DA10C28B8A423C
:10A1600040F07F81B9F8DE10028C8A4240F079819C
:10A17000B9F8E010428C8A4240F07381B9F8E210DD
:10A18000828C8A4240F06D81B9F8E610C28C8A4216
:10A1900040F06781B9F8E810028D8A4240F0618191
:10A1A000B9F8EA10428D8A4240F05B81B9F8EE10AE
:10A1B000828D8A4240F05581B9F8F010C28D8A42F2
:10A1C00040F04F81B9F8F210028E8A4240F0498186
:10A1D000B9F8F610428E8A4240F04381B9F8F8107F
:10A1E000828E8A4240F03D81B9F8FA10C28E8A42CE
:10A1F00040F03781B9F8FC10028F8A4240F031817B
:10A20000B9F8FE10428F8A4240F02B81B9F8001154
:10A21000828F8A4240F02581B9F80411C28F8A42A8
:10A2200040F01F81B9F80611B0F840208A4240F092
:10A230001881B9F80811B0F842208A4240F0118123
:10A24000B9F80C11B0F844208A4240F00A81B9F8FC
:10A250000E11B0F846208A4240F00381B9F810117F
:10A26000B0F848208A4240F0FC80B9F81411B0F8E8
:10A270004A208A4240F0F580B9F81611B0F84C2017
:10A280008A4240F0EE80B9F81811B0F84E208A42A8
:10A2900040F0E780B9F81C11B0F850208A4240F035
:10A2A000E080B9F81E11B0F852208A4240F0D980FF
:10A2B000B9F82011B0F854208A4240F0D280B9F8A1
:10A2C0002211B0F856208A4240F0CB80B9F8241110
:10A2D000B0F858208A4240F0C480B9F82611B0F88E
:10A2E0005A208A4240F0BD80B9F82A11B0F85C20AB
:10A2F0008A4240F0B680B9F82C11B0F85E208A424C
:10A3000040F0AF80B9F82E11B0F860208A4240F0DA
:10A31000A880B9F83211B0F862208A4240F0A180DA
:10A32000B9F83411B0F864208A4240F09A80B9F844
:10A330003611B0F866208A4240F09380B9F83A119D
:10A34000B0F868208A4240F08C80B9F83C11B0F82F
:10A350006A208A4240F08580B9F83E11B0F86C203E
:10A360008A427ED1B9F84211B0F86E208A4278D183
:10A37000B9F84411B0F870208A4272D1B9F8461188
:10A38000B0F872208A426CD1B9F84811B0F8742044
:10A390008A4266D1B9F84A11B0F876208A4260D173
:10A3A000B9F84C11B0F878208A425AD1B9F84E1158
:10A3B000B0F87A208A4254D1B9F85011B0F87C0034
:10A3C00088424ED1DFF8240DB9F8521102888A4232
:10A3D00047D1B9F8541142888A4242D1B9F856118E
:10A3E00082888A423DD1B9F85811C2888A4238D150
:10A3F000B9F85A1102898A4233D1B9F85C114289FD
:10A400008A422ED1B9F85E1182898A4229D1B9F8DF
:10A410006011C2898A4224D1B9F86211028A8A4243
:10A420001FD1B9F86411428A8A421AD1B9F866116B
:10A43000828A8A4215D1B9F86811C28A8A4210D13B
:10A44000D9E95C12D0E9183462405940114308D16F
:10A45000D9E95E21D0E91A0359405040084300F081
:10A46000428699F85900002840F03D863B483C4917
:10A470003C4E01603C493446016098F8120010F0EF
:10A48000010708BF04F500642046FEF7DDFFB9F8B8
:10A490001C10DFF85C5C2046A847B01C334C002F32
:10A4A00008BFA4F1D60099F82210A847301D002F4C
:10A4B00008BFA4F1D40099F82410A847B9F81C00EB
:10A4C00099F82410A8F8580099F82200A8F85C1010
:10A4D000A8F85A0098F80600013088F8060000F045
:10A4E00002BE204C2046FDF74FFA4FF6FF75A842FA
:10A4F00017D004F50060FDF747FAA84211D004F127
:10A50000D80000F00FFEDFF8E46B044670831748B4
:10A5100000F008FE8442B0831BD900F027FE34838C
:10A52000EEE02046FDF730FAA84205D000F01EFE0E
:10A53000DFF8B80B418B0AE004F50060FDF724FA60
:10A54000A84215D000F006FFDFF8A00B818B018335
:10A55000D6E0054600F0FEFE3583D1E0042002403F
:10A560002301674500F40108AB89EFCDD8FC010851
:10A57000DFF8CC0F4D4A1E254D4E4E4F4E4C4F49E5
:10A580003C234FF0000A4FF0640C4FF00A0E4FF4DA
:10A59000E17945863225C0F8BE20C0F8E620484A59
:10A5A000C0F8B060474EC0F8A070474FC0F8C64032
:10A5B000464C00F5A67B80F822304FF4BE7380F83D
:10A5C00036A080F824C0A0F88AE0A0F8A490A0F8F3
:10A5D00068E1A0F80891A0F8CAC0C0E95CAAC0E987
:10A5E0005EAAC5854FF001358383A0F89830A0F8A6
:10A5F0003631A0F81031A0F8EA30C0F842500125F9
:10A60000C0F80421C0F82A21314AC0F8DE60314E7A
:10A61000C0F8A670304FC0F8CE40C0F8F640C0F881
:10A620001C412E4CA0F8405080F846504FF4AF75B6
:10A63000A0F892504FF48035C0F83221284AC0F873
:10A640000C61284EC0F8B670C0F8EE70264F8564D5
:10A65000264DC0F84221264AC0F81461C0F83A617C
:10A66000244EC0F8AA50244DABE8D40000F5AE72D9
:10A67000C2C2C0F89450214D4FF482714FF4FA7267
:10A68000FAF76AFCC0F89A504FF43C75A0F82E21F6
:10A690009622A0F8AE504FF4C875A0F8DA204FF417
:10A6A0008C72FAF743FBA0F8C22029E014000300E3
:10A6B0004A03960028001400140004000A00C80091
:10A6C0001E000400280003003C000A0014000500DE
:10A6D0001E0006002800080028000A003C00C800F0
:10A6E0002800050028000400C80032009602CC02B1
:10A6F0006E00140032000A0014000A001E000F0051
:10A70000DFF83C0E818BB1F5FA7F01D8632902D8BE
:10A710004FF4BE71818390F82210C82901D8042912
:10A7200002D83C2180F82210C18D40F2E632642923
:10A7300024BF3221C185418E914200D809B91E2122
:10A74000418690F84010033911F1030F9CBF01219D
:10A7500080F8401090F84110022924BF002180F8B1
:10A76000411090F84210022924BF012180F84210C4
:10A7700090F84310022924BF012180F8431090F87B
:10A780004410032924BF012180F8441090F845109B
:10A79000032924BF012180F8451090F846100329B1
:10A7A00024BF012180F8461090F84810022924BFE8
:10A7B000002180F8481090F8491011B1012180F86B
:10A7C000491090F84A10022924BF012180F84A104C
:10A7D00090F84B10022924BF002180F84B1090F90B
:10A7E0003610642902DC11F1650F02DC002180F8CB
:10A7F0003610B0F88A10CA087C2A01D8642902D819
:10A800000A21A0F88A10B0F89210B1F5FA7F01D8A9
:10A81000632903D84FF4AF71A0F89210B0F89410E8
:10A82000C82901D8042902D81421A0F89410B0F83E
:10A830009610CA087C2A00D811B90A21A0F89610EF
:10A84000B0F89810B1F5FA7F01D8632903D84FF416
:10A85000BE71A0F89810B0F89A10C82901D8042940
:10A8600002D81E21A0F89A10B0F89C10CA087C2AC1
:10A8700000D811B90F21A0F89C10B0F89E10B1F5C6
:10A88000FA7F01D8632903D84FF4C871A0F89E104D
:10A89000B0F8A010C82901D8042902D82821A0F8AE
:10A8A000A010B0F8A210CA087C2A00D811B914214F
:10A8B000A0F8A210B0F8A410B1F5FA7F01D863296E
:10A8C00003D84FF4E171A0F8A410B0F8A610C8297D
:10A8D00001D8042902D83C21A0F8A610B0F8A8108D
:10A8E000CA087C2A00D811B91E21A0F8A810B0F817
:10A8F000B210B1F5FA7F01D8632902D89621A0F8E9
:10A90000B210B0F8B610C82901D8042902D82821FD
:10A91000A0F8B610B0F8B810CA087C2A00D811B94F
:10A920000A21A0F8B810B0F8BA10B1F5FA7F01D832
:10A93000632903D84FF48271A0F8BA10B0F8BE10A2
:10A94000C82901D8042902D81421A0F8BE10B0F8F3
:10A95000C010CA087C2A00D811B90321A0F8C01081
:10A96000B0F8C210B1F5FA7F01D8632903D84FF4CB
:10A970008C71A0F8C210B0F8C610C82901D80429FB
:10A9800002D81421A0F8C610B0F8C820D1087C293C
:10A9900000D812B90422A0F8C820B0F8CA10B1F546
:10A9A000FA7F01D8632902D86421A0F8CA100D915A
:10A9B000B0F8CE10C82901D8042902D81421A0F873
:10A9C000CE10B0F8D0300C91D9087C2900D813B93A
:10A9D0000523A0F8D030B0F8D210B1F5FA7F01D835
:10A9E000632902D89621A0F8D2100A91B0F8D610A7
:10A9F000C82901D8042902D82821A0F8D610B0F817
:10AA0000D8400991E1087C2900D814B90324A0F8A2
:10AA1000D840B0F8DA10B1F5FA7F01D8632902D82E
:10AA20009621A0F8DA100791B0F8DE10C82901D8F5
:10AA3000042902D82821A0F8DE10B0F8E0A0069181
:10AA40004FEADA017C2902D8BAF1000F03D14FF0A6
:10AA5000030AA0F8E0A0B0F8E210B1F5FA7F01D83F
:10AA6000632903D84FF48271A0F8E2100591B0F881
:10AA7000E610C82901D8042902D81421A0F8E6104C
:10AA8000B0F8E8600491F1087C2900D816B90326D3
:10AA9000A0F8E860B0F8EA10B1F5FA7F01D86329B0
:10AAA00003D84FF4BE71A0F8EA100291B0F8EE108E
:10AAB000C82901D8042902D82821A0F8EE10B0F83E
:10AAC000F09001914FEAD9017C2902D8B9F1000F29
:10AAD00003D14FF00A09A0F8F090B0F8F2B0BBF53E
:10AAE000FA7F02D8BBF1630F03D84FF4827BA0F842
:10AAF000F2B0B0F8F6E00396BEF1C80F02D8BEF18E
:10AB0000040F03D84FF0140EA0F8F6E0B0F8F86088
:10AB1000F1087C2900D816B90526A0F8F860B0F82D
:10AB2000FA100894B1F5FA7F01D8632903D84FF4DD
:10AB3000E171A0F8FA10B0F8FC400B930E92C82C0B
:10AB400001D8042C02D82824A0F8FC40B0F8FE203C
:10AB5000D3087C2B00D812B90822A0F8FE20B0F848
:10AB60000021B2F5FA7F01D8632A03D84FF4C872E6
:10AB7000A0F80021B0F80421C82A01D8042A02D87C
:10AB80001E22A0F80421B0F80621D3087C2B00D89F
:10AB900012B90422A0F80621B0F80821B2F5FA7F14
:10ABA00001D8632A03D84FF4E172A0F80821B0F865
:10ABB0000C21C82A01D8042A02D82822A0F80C2186
:10ABC000B0F80E21D3087C2B00D812B90822A0F8C7
:10ABD0000E21B0F81021B2F5FA7F01D8632A03D80C
:10ABE0004FF4BE72A0F81021B0F81421C82A01D881
:10ABF000042A02D82822A0F81421B0F81621B2F5B0
:10AC00007A7F24BF0422A0F81621B0F81821B2F5EB
:10AC1000FA7F01D8632A03D84FF48272A0F8182172
:10AC2000B0F81C21C82A01D8042A02D81422A0F89E
:10AC30001C21B0F81E21D3087C2B00D812B90522A4
:10AC4000A0F81E21B0F82021B2F5FA7F01D8632ABE
:10AC500003D84FF4BE72A0F82021B0F82221C82AF0
:10AC600001D8042A02D82822A0F82221B0F82421F1
:10AC7000D3087C2B00D812B90422A0F82421B0F804
:10AC80002621B2F5FA7F01D8632A03D84FF4C8729F
:10AC9000A0F82621B0F82A21C82A01D8042A02D80F
:10ACA0001E22A0F82A21B0F82C21D3087C2B00D832
:10ACB00012B90422A0F82C21B0F82E21B2F5FA7FA7
:10ACC00001D8632A03D84FF4FA72A0F82E21B0F805
:10ACD0003221C82A01D8042A02D81E22A0F8322123
:10ACE000B0F83421D3087C2B00D812B90622A0F882
:10ACF0003421B0F83621B2F5FA7F01D8632A03D89F
:10AD00004FF4BE72A0F83621B0F83A21C82A01D813
:10AD1000042A02D82822A0F83A21B0F83C21D3080E
:10AD20007C2B00D812B90422A0F83C21B0F83E21B7
:10AD3000B2F5FA7F01D8632A03D84FF48272A0F8E3
:10AD40003E21B0F84221C82A01D8042A02D828227C
:10AD5000A0F84221B0F84421D3087C2B00D812B9C6
:10AD60000522A0F84421B0F84621B2F5FA7F01D8B7
:10AD7000632A02D86422A0F84621B0F84821C82AE4
:10AD800001D8042A02D81422A0F84821B0F84A2198
:10AD9000D3087C2B00D812B93C22A0F84A21B0F885
:10ADA0004C21B2F5FA7F01D8632A02D86422A0F8B8
:10ADB0004C21B0F84E21C82A01D8042A02D8142206
:10ADC000A0F84E21B0F85021D3087C2B00D812B93E
:10ADD0003C22A0F85021B0F85221B2F5FA7F01D8F8
:10ADE000632A02D86422A0F85221B0F85421C82A5C
:10ADF00001D8042A02D81422A0F85421B0F8562110
:10AE0000D3087C2B00D812B93C22A0F85621B0F808
:10AE10005821B2F5FA7F01D8632A02D86422A0F83B
:10AE20005821B0F85A21C82A01D8042A02D814227D
:10AE3000A0F85A21B0F85C21D3087C2B00D812B9B5
:10AE40003C22A0F85C21B0F85E21B2F5FA7F01D86F
:10AE5000632A02D86422A0F85E21B0F86021C82AD3
:10AE600001D8042A02D81422A0F86021B0F8622187
:10AE7000D3087C2B00D812B93C22A0F86221B0F88C
:10AE80006421B2F5FA7F01D8632A02D86422A0F8BF
:10AE90006421B0F86621C82A01D8042A02D81422F5
:10AEA000A0F86621B0F86821D3087C2B00D812B92D
:10AEB0003C22A0F86821828B90F82430D0F896507C
:10AEC00090F842C0D0F89A70A8F8582090F8222044
:10AED000A8F85C30D0F89230C8F86A50D0F8145115
:10AEE00088F809C0C8F86E70A8F85A2090F9362082
:10AEF000C8F86630D0F8C030A8F85E20C28DA8F837
:10AF00006020428EA8F86220B0F88A20A8F8642059
:10AF1000B0F84020A8F80720D0F84320C8F80A204D
:10AF2000B0F84820A8F80E20B0F84B20A8F8102060
:10AF3000D0F89E20C8F87220B0F8A220A8F8762099
:10AF4000B0F8A420A8F878206A4AD1860199C2F8FE
:10AF50000A30D0F806311487D0F80E41C2F84A50B2
:10AF6000D0F832519686A2F832E0A2F830B0A2F8BA
:10AF70002E90A2F822A0918502991364C2F846404F
:10AF8000D0F82C41C2F8625000F5B875518503998C
:10AF9000C2F85E4011850499D1840599918406997F
:10AFA00011840799D18308999183099951830A994A
:10AFB00011830B99D1820C9991820D9951820E992E
:10AFC0001182B0F8A610A8F87A10B0F8A810A8F866
:10AFD0007C10B0F8B2101180B0F8B6105180D0F8E3
:10AFE000B8105160B0F8BE101181B0F8C610D18110
:10AFF000D0F8FE10C2F83A10B0F80411D187B0F8BA
:10B000000C11A2F84410B0F81811A2F84E10B0F8C4
:10B010001C11A2F85010B0F81E11A2F85210D0E97D
:10B0200048135165B0F82A119365A2F85C10B0F886
:10B030003611A2F86610B0F83A11A2F86810B0F80C
:10B040003C11A2F86A10B0F83E11A2F86C10B0F8EA
:10B050004211A2F86E10B0F84411A2F87010B0F8C6
:10B060004611A2F87210B0F84811A2F87410B0F8A6
:10B070004A11A2F87610B0F84C11A2F87810B0F886
:10B080004E11A2F87A10B0F85011A2F87C10B0F866
:10B09000522116490A80B0F854214A80B0F856214E
:10B0A0008A80B0F85821CA80B0F85A210A81B0F8D5
:10B0B0005C214A81B0F85E218A81B0F86021CA81A2
:10B0C000B0F862210A82B0F864214A82B0F86621A1
:10B0D0008A82B0F86821CA823CCD60313CC101212E
:10B0E00088F8131001700FB0BDE8F08FA0010020A8
:10B0F000E99300081E01002010B5074C084920689C
:10B1000040F001002060054801604FF48010FEF718
:10B110008DF9FAF796B800BF1020024000380008F9
:10B12000384B544181B00168D0F801008DF800100F
:10B130008DF801009DF801009DF8001041EA002003
:10B14000ADF80200BDF8020001B0704780B5FCF711
:10B1500001FB0548816841F480018160016889072D
:10B16000FCD5C06C80B280BD00240140F8B5784C9D
:10B17000F24DA4F1B400A847F14EB083A4F1B2009F
:10B18000A847F9F71CFEF9F715FEF9F70EFEF08552
:10B19000A4F1AA00A847708604F11C00A847F9F79B
:10B1A000F4FDF9F7EDFDF9F7E6FDF9F7DFFDF9F745
:10B1B000D8FDF9F7D1FDF9F7CAFDF9F7C3FDF9F7A5
:10B1C000BCFDF9F7A7FDF9F7A0FDF9F7FDFDF9F7CB
:10B1D00097FDF9F790FDF9F789FDF9F782FDF9F789
:10B1E0007BFDF9F774FDF9F76DFDF9F766FDF9F7E9
:10B1F00056FDF9F74FFDF9F748FDF9F741FDF9F76D
:10B200003AFDF9F733FDF9F72CFDF9F725FDF9F7CC
:10B210001EFDF9F717FDF9F707FDF9F700FDF9F73E
:10B22000F9FCF9F7F2FCF9F7EBFCF9F7E4FCF9F7B4
:10B23000DDFCF9F7D6FCF9F7CFFCF9F7C8FCF9F714
:10B24000BDFCF9F7B6FCF9F7AFFCF9F7A8FCF9F784
:10B25000A1FCF9F79AFCF9F793FCF9F78CFCF9F7E4
:10B2600081FCF9F772FCF9F764FCF9F75DFCF9F77A
:10B2700056FCF9F74FFCF9F748FCF9F741FCF9F7F0
:10B2800021FCF9F71AFCF9F713FCF9F70CFCF9F7B4
:10B2900005FCF9F7FEFBF9F7F2FBF9F7EBFBF9F721
:10B2A000E4FBF9F7D2FBF9F7CBFBF9F7C4FBF9F7AD
:10B2B000BDFBF9F7B6FBF9F7AFFBF9F7A8FBF9F718
:10B2C000A1FBF9F79AFBF9F793FBF9F7D3FFF9F72D
:10B2D000CCFFF9F7C5FFF9F7BEFFF9F7B7FFF9F7AC
:10B2E000ABFFA6F84601A01FA847A6F84801201FFB
:10B2F000A847A6F84A012046A847A6F84C012046D0
:10B30000A847A6F84E01A01CA847A6F85001201D8A
:10B31000A847A6F85201A01DA847F9F785FFF9F73D
:10B320005AFFF9F753FFF9F74CFFF9F745FFF9F723
:10B330003EFFF9F737FFF9F730FFF9F729FFF9F783
:10B3400022FFF9F71BFFF9F7C7FEC6E95E07F8BD54
:10B35000B4F40108F8B5784C784DA4F1B400A847CE
:10B36000774EB083A4F1B200A847F9F728FDF9F7AA
:10B3700021FDF9F71AFDF085A4F1AA00A84770860F
:10B3800004F11C00A847F9F700FDF9F7F9FCF9F7FB
:10B39000F2FCF9F7EBFCF9F7E4FCF9F7DDFCF9F75F
:10B3A000D6FCF9F7CFFCF9F7C8FCF9F7B3FCF9F7CD
:10B3B000ACFCF9F709FDF9F7A3FCF9F79CFCF9F7E8
:10B3C00095FCF9F78EFCF9F787FCF9F780FCF9F7A3
:10B3D00079FCF9F772FCF9F762FCF9F75BFCF9F715
:10B3E00054FCF9F74DFCF9F746FCF9F73FFCF9F787
:10B3F00038FCF9F731FCF9F72AFCF9F723FCF9F7E7
:10B4000013FCF9F70CFCF9F705FCF9F7FEFBF9F76B
:10B41000F7FBF9F7F0FBF9F7E9FBF9F7E2FBF9F7CE
:10B42000DBFBF9F7D4FBF9F7C9FBF9F7C2FBF9F736
:10B43000BBFBF9F7B4FBF9F7ADFBF9F7A6FBF9F79E
:10B440009FFBF9F798FBF9F78DFBF9F77EFBF9F70E
:10B4500070FBF9F769FBF9F762FBF9F75BFBF9F7AA
:10B4600054FBF9F74DFBF9F72DFBF9F726FBF9F73C
:10B470001FFBF9F718FBF9F711FBF9F70AFBF9F7CE
:10B48000FEFAF9F7F7FAF9F7F0FAF9F7DEFAF9F751
:10B49000D7FAF9F7D0FAF9F7C9FAF9F7C2FAF9F7D2
:10B4A000BBFAF9F7B4FAF9F7ADFAF9F7A6FAF9F732
:10B4B0009FFAF9F7DFFEF9F7D8FEF9F7D1FEF9F7B1
:10B4C000CAFEF9F7C3FEF9F7B7FEA6F84601A01FBA
:10B4D000A847A6F84801201FA847A6F84A01204619
:10B4E000A847A6F84C012046A847A6F84E01A01C84
:10B4F000A847A6F85001201DA847A6F85201A01D94
:10B50000A847F9F791FEF9F766FEF9F75FFEF9F73C
:10B5100058FEF9F751FEF9F74AFEF9F743FEF9F73D
:10B520003CFEF9F735FEF9F72EFEF9F727FEF9F79D
:10B53000D3FDC6E95E07F8BDB4FC010825B10008DB
:10B54000002A002008480121006821EA50007047C5
:10B5500005480121006821EA0000704702480121E6
:10B56000006821EA90007047080C01400248012160
:10B57000006821EA5010704708100140F0B58B793F
:10B580000A88032B0AD05BB94979282913D01829D6
:10B5900012BF01F00F01026108210EE000210CE052
:10B5A0000C79C97903F0080304F0040401F00301E5
:10B5B0002344194401E042610821130616D00023F8
:10B5C0000F240025082D11D022FA05F6F6070AD01F
:10B5D000076804FA03F627EA0606066001FA03F68E
:10B5E00007683E43066004330135EBE7B2F5807F20
:10B5F00017D3120A00230F240025082D11D022FA98
:10B6000005F6F6070AD0476804FA03F627EA0606A5
:10B61000466001FA03F647683E434660043301354D
:10B62000EBE7F0BD0B4890F84D00022818BF7047BB
:10B6300010B5094C09482060094820600948FDF709
:10B6400003FFFFF759FDE06840F08000E06001F083
:10B650000DFC00BFA000002004200240230167452C
:10B66000AB89EFCD00380008B0B504460078032858
:10B670003DD8DFE800F002241017E068002565607F
:10B680008047012807BF012020701A4804211CBFF1
:10B69000017025702BE00A210020A160154920705F
:10B6A000087024E0E0688047012819BF002020705E
:10B6B0000320207002BF0F480221017017E0E068EC
:10B6C0008047012802D1606801306060E0688047EF
:10B6D00008B902202070A0680138A06007D10A20B4
:10B6E000A06060680A28B4BF0220032020700148CF
:10B6F0000078B0BD5A000020D848D0F80014890660
:10B7000005D50168C90702D00168890710D4DFF8A0
:10B710007C1A91F83820012A08D04AB991F84D20B6
:10B72000022A1CBF012281F8382001E000220A858C
:10B73000D0F80014890615D50168C90712D0016830
:10B7400089070FD5DFF8441A91F8592052B191F8C2
:10B750005A20013281F85A20D2B21E2A24BF002278
:10B76000A1F85920D0F80014890609D50168C90745
:10B7700006D00068800703D5DFF8140A00210175A0
:10B780002DE9F041DFF80C4ADFF80C6A2046B0479B
:10B79000DFF8FC59E87504F11000B047287604F191
:10B7A0002000B047DFF8E41991F8542082B191F8F5
:10B7B00055200027013281F85520D2B2442A0AD3FD
:10B7C00091F84720A1F8547012B9022281F847205D
:10B7D0000024012700E0012491F856208AB191F855
:10B7E00057200026013281F85720D2B2442A0CD3C8
:10B7F00091F84720A1F85660012A04BF022281F87F
:10B8000047204FF00008012601E04FF001086A7D53
:10B81000012A0AD1AA7D0132AA75D2B2442A26BFD2
:10B820000023A5F81530012300E0002391F8402003
:10B83000022A3DD0012A40F066812A7D002A40F08C
:10B84000628195F817C0BCF1000F49D000285ED086
:10B850002A7E002A40F0BE8091F83B204FF0010E76
:10B86000A1F859E0032A00F0AF80002A40F0B2802E
:10B87000002F00F0D68291F84740A21EB2FA82F261
:10B8800052093240012A40F0348391F84660022E7A
:10B8900000F01584012E00F00884002E40F036845C
:10B8A0004FF001080024002681F8568000F031BCDA
:10B8B000287D002840F0278191F85000EA7D104350
:10B8C00040F0218191F84F0000285FD0012861D11C
:10B8D000002081F84F00B1F8B800A1F88E0059E0BF
:10B8E0000122A1F85920DFB356EA030239D191F8B9
:10B8F000462000240126002A00F0B280012A06BF5B
:10B9000081F856404FF000084FF00108B0E091F880
:10B910003B204FF0010EA1F859E0032A4ED0002A37
:10B9200058D1002F00F0978091F84740A21EB2FA3C
:10B9300082F252093240012A40F0758291F8466045
:10B94000022E00F06A83012E00F05E83002E40F08C
:10B950007E834FF001080024002681F8568079E3A9
:10B96000D3B191F84560002E6AD0022E5BD0012E33
:10B9700040F0838091F83B20002A7ED1DFF81C281C
:10B9800001230A26A5F81530167062E040F2011076
:10B99000A1F84E000120B2E091F8462000244AB1FF
:10B9A000012A40F0A4804FF00108002281F856805F
:10B9B00081F8232081F85440012659E0DFF8DC2784
:10B9C00085F814E0062604E0DFF8D027042685F881
:10B9D00014E01670BCF1020F4FD191F84400C8B1C9
:10B9E00002280AD0012840F08E8091F83B00002800
:10B9F00000F08180032814D080E091F84D000138D8
:10BA0000012800F2808091F8530080F0010081F855
:10BA1000530073E091F83B200220002A6CD0022AE8
:10BA20006DD1002068E091F84D20013A012A24D818
:10BA300091F85320022682F0010281F8532018E089
:10BA400091F83B20022612B1022A12D1002681F879
:10BA50003B6002260DE00124ECE200BF080C01402F
:10BA600081F85640CC834FF00008012481F85460DF
:10BA70000023012285F84C602A75022815D1F9F7B8
:10BA800031F82AD000283ED154EA080040F0E08185
:10BA900091F84600012800F0D281002840F0D581BD
:10BAA0004FF0010881F85680D1E1287E02282AD182
:10BAB000F9F718F816D030BB54EA080040F03B8282
:10BAC00091F84600012800F02D82002840F03082D5
:10BAD0004FF0010881F856802CE2DFF8C0060722FB
:10BAE000027072E0DFF8B406052202707CE00023E9
:10BAF00001260124BDE7032081F83B00022001223A
:10BB000085F84C002A75DFF8940600780A2800F2C0
:10BB10006D82DFE810F00B001F024500AD011A0036
:10BB200061006F005200A10029007E00F9F7F2F9D0
:10BB300000F0CF80002840F05382888B4FF4FA72D7
:10BB4000B0F5FA7F38BF421C10E291F83B000328A1
:10BB500000F0A880002840F04382F9F780FAC82856
:10BB600080F03982013039E2F9F7A7F991F84120E4
:10BB7000013898BF0120002A81F8890000F09880E0
:10BB8000012A40F02D824FF0FF3252FA80F0032854
:10BB900000F22682DFE810F081000C01F9000701B5
:10BBA000F9F7B8F900F08F80002840F01982888BEF
:10BBB0006422642888BF421E65E191F83B0000289A
:10BBC00000F08D81032840F00B8291F824000A28B0
:10BBD00040F28E800538D5E091F83B00002800F057
:10BBE000F681032840F0FC8191F82400C8285DD23A
:10BBF0000530C7E091F83B00032800F0758000286D
:10BC000040F0EE81F9F72BFA05288CBF01380520AA
:10BC1000E4E1F9F752F9421C032888BF012281F8B8
:10BC20008920501E032800F2DB81DFE800F0029635
:10BC3000748591F8413001F1960001F19402002BD6
:10BC400000F0DB80012B40F0E680B1F8AA30F9F774
:10BC5000D7F8A1F8923090E000204FF0012291F83F
:10BC60008930C1F8532081F8570081F82300C88338
:10BC7000042091F84120042B38BF581C81F889001A
:10BC8000002A37D0012A40F0AB810138032800F2A6
:10BC9000A781DFE800F0028D7A88B1F8AA00F8F7F2
:10BCA000C8FF33E091F82400C82868D3C82069E0B1
:10BCB0004FF0FF3252FA80F0032800F29181DFE862
:10BCC00000F02185697C088CD422D42888BF421ECC
:10BCD000E5E0088C4FF46972B0F5697F38BF421C0B
:10BCE0000A8402EB8200DFE091F82400052848D89E
:10BCF000052047E00138032800F27281DFE800F0F8
:10BD000002664A5DB1F89200F8F7CEFF01F19600A5
:10BD100001F194027FE091F8413001F1A20001F1BC
:10BD2000A002002B5BD0012B75D1B1F8AE30F9F732
:10BD300067F8A1F89E3020E091F8413001F1A800A9
:10BD400001F1A602002B51D0012B64D1B1F8B03023
:10BD5000F9F756F8A1F8A4300FE091F8413001F15D
:10BD60009C0001F19A02002B4ED0012B53D1B1F867
:10BD7000AC30F9F745F8A1F898308B834BE00130EF
:10BD800000E0013881F824002AE1B1F8AE00F8F7AC
:10BD900050FF03E0B1F89E00F8F786FF01F1A20022
:10BDA00001F1A00237E0B1F8B000F8F742FF08E077
:10BDB000B1F8AC00F8F73DFF0CE0B1F8A400F8F7DB
:10BDC00073FF01F1A80001F1A60224E0B1F8980088
:10BDD000F8F76AFF01F19C0001F19A021BE0B1F84B
:10BDE0009E30F8F7F6FFA1F8AE3013E0B1F8A430BA
:10BDF000F8F7EFFFA1F8B0300CE0B1F89230F8F7A7
:10BE0000E8FFA1F8AA3005E0B1F89830F8F7E1FFB3
:10BE1000A1F8AC300B841278008881F82220C88405
:10BE2000DEE0012458E1621EB2FA82F25209324089
:10BE3000012A6AD14FF0010881F85680F9E0F8F73D
:10BE400058FE37D0A5F8158009E04FF0000800240F
:10BE50007BB3F8F773FE37D0012A7FF454AE00208D
:10BE6000032281F856000120A1F85400CB4802704B
:10BE7000F9F750F80DD0002840F0B280888B421FAF
:10BE80006A2838BF642290B28A83C00010FA82F018
:10BE90006FE0088CA0F12602FB2838BFD42290B2B4
:10BEA0000A84800010FA82F0A038092290FBF2F098
:10BEB00075E02CB10020032281F85500B7480270CC
:10BEC000B8F1000F05D11EE6012281F8540081F877
:10BED00056200020072281F85700B048027091F8E0
:10BEE00022000A2887BF053881F8220005204884EF
:10BEF00076E0621EB2FA82F252093240012A77D10C
:10BF00004FF0010881F85680E5E0B4FA84F2520956
:10BF10003240012A40F08D8001244FF0000881F862
:10BF2000544087E0F8F7E5FD3CD0A5F8158009E01E
:10BF30004FF000080024A3B3F8F700FE3CD0012A1C
:10BF40007FF4E1AD0020954A81F856000120A1F868
:10BF500054001070F8F7DEFF11D0002840D1888B14
:10BF6000421DB0F5F77F88BF4FF4FA7202EBC200B2
:10BF70008A830522B0FBF2F02030088430E0088C80
:10BF800040F27D3300F12602984288BF4FF4697277
:10BF900002EB82000A84A0380922B0FBF2F0888309
:10BFA0001EE02CB10020012281F855007B48027070
:10BFB000B8F1000F05D1A6E5012281F8540081F8FF
:10BFC00056200020052281F8570074480270F9F7C6
:10BFD00046F8C32801D3C82000E0053081F82200CC
:10BFE0006E480D210170012085F84C00BDE8F081FC
:10BFF000B4FA84F252093240012A6CD101244FF084
:10C00000000881F8544067E001224FF0000881F8F1
:10C01000542093B3A5F8158024E091F84D20013AFF
:10C02000012A6ED8012209244FF000082A755B4AC4
:10C030001470002491F84660022E0BD191F84D2027
:10C04000013A012A3FF6C6AC0022092350E04FF026
:10C050000008002483B10023A5F8153006B3012E93
:10C060007FF4B8AC4D4A00230124022681F85630F3
:10C07000A1F8544016705CE044B1484A0223012400
:10C080002C751370002281F8552000E00024002355
:10C09000B8F1000F68D0414A4FF0010806265CE075
:10C0A0003E4A062481F8543066E001224FF0000831
:10C0B000002B81F854203FD0A5F8158031E091F88D
:10C0C0004D20013A012A1CD8012208244FF0000813
:10C0D0002A75324A1470002491F84660022E18D155
:10C0E00091F84D20013A012A3FF674AC0022082352
:10C0F000AA752A4A137040F201120123AA82FFF79F
:10C1000069BC4FF000080024FFF764BC4FF0000842
:10C11000002483B10023A5F815304EB3012E7FF41F
:10C1200059AC1E4A0023012481F85630A1F854402E
:10C1300013702C7518E03CB1184A012400232C75AB
:10C1400081F85530137000E000240023B8F1000F8F
:10C150000AD04FF00108114A042685F814801670A1
:10C1600081F85730FFF736BC4FF00008FFF732BCBC
:10C170000A4A81F8543004244FF001081470002456
:10C1800085F81480A1F85680FFF724BC002A00200F
:10C19000A00000205C00002069B60008000000201C
:10C1A0008AB05848584C00F50061584840F8041CC3
:10C1B000216841F00101216021688907FCD561688F
:10C1C00021F003016160616811F00C0FFBD121685F
:10C1D0004F4A11404F4A21600021616041F61071C1
:10C1E000E1624FF4801121634FF41F01A16014211B
:10C1F0001160616A41F001016162616A8907FCD5E1
:10C20000216841F48031216000212268920304D426
:10C210004A1CB1F5405F1146F7D3216889034FF0FE
:10C220000001F2D5216841F00101216021688907F0
:10C23000FCD56168962221F480316160216B41F068
:10C2400000712163E16A62F310210122E162E16A77
:10C2500062F307110222E162E16A62F30201E16224
:10C26000E16A41F00041E162216841F080712160A2
:10C2700021688901FCD56168042221F0F001616028
:10C28000616862F3CD216160616862F30A21022274
:10C290006160616D41F030016165616862F30101C7
:10C2A000616000BF00BF00BF00BF00BF00BF00BF94
:10C2B00000BF00BF00BF00BF00BF00BF00BF00BF86
:10C2C00000BF00BF00BF00BF00BF616801F00C01EC
:10C2D0000829FAD1616D21F0300161656168C1F30F
:10C2E0008101022905D0E9B9616D890548BF216B3B
:10C2F00018E06168E26A090C002A0DD4626862687D
:10C300000DE000BF00380008001002400CED00E016
:10C31000FFFFF2FE00200240E26AE26AE26AC90719
:10C3200018BF61686168A34B02220026A24F6169B1
:10C33000994641F001016161616941F0400161612B
:10C34000A16941F00101A161A16941F00401A1616C
:10C35000A16941F00801A161A16941F01001A16149
:10C36000A16941F02001A161A16941F08001A161B1
:10C37000A16941F40071A161A16941F48051A161F9
:10C38000A16941F48041A161A16941F40021A16149
:10C39000E16941F00101E161E16941F00201E1611E
:10C3A000E16941F40031E161E16941F48021E16139
:10C3B000E16941F40021E161E16941F48011E16149
:10C3C000196962F312414FF6FF0219614FF0FF3312
:10C3D00001681140794A11430160016806730168E0
:10C3E0004673016886730168C67401680675016842
:10C3F00086750168C1F30221CA1E81F0070138BFAA
:10C4000032460425042928BF294603FA01F1C9430D
:10C4100091404FF080520901C175016868490E7062
:10C42000C7F8F02002684E704FF00052C7F8F020B5
:10C4300002684E722022C7F8F42002688E724022F1
:10C44000C7F8F4200268CE728022C7F8F420026890
:10C450000E764FF48012C7F8F42000684E764FF441
:10C460000010C7F8F40003A8FBF712FA3868DFF8E9
:10C47000008920F0040038604FF4FA500499B1FBB1
:10C48000F0F001387860BE60386840F00300386032
:10C490004C480490302003904B4803AE314682460E
:10C4A000C0470320494F314603901820ADF81100D2
:10C4B0003846C0474649102009F5FC6978503D616F
:10C4C000444D4FF4A04179613146CDE9030548461A
:10C4D000C04745F204003146CDE903053846C04760
:10C4E0004EF68E704FF44175314603905046ADF8CC
:10C4F0001150C04749F60210F8F7C6FA4846C0473F
:10C5000042F2F830F8F7C0FA3846C047C020F8F7D2
:10C51000BBFA0AF540600090C0472F4801250395FB
:10C52000049003A95046C047E06840F40070E06002
:10C53000E06820F40070E060606865F38F30606050
:10C54000606820F080506060244C206840F4000057
:10C55000206054F8040C20F4807044F8040C206827
:10C5600020F002002060206820F400602060606AF3
:10C5700020F4700060620A20FBF7ECF8206820F0DD
:10C5800000702060206840F460202060206840F443
:10C590008010206054F8040C20F4006044F8040C6F
:10C5A000206840F001002060206840F00800206012
:10C5B00016E000BF2000014010E000E00003FA0593
:10C5C0001CE400E00018000100100140000C0140D4
:10C5D00014FCFFFF000410020004030108240140C2
:10C5E00020680007FCD4206840F004002060206828
:10C5F0004007FCD420684BF6EF7240F480002060C6
:10C60000FC480024016821F00101016004604460DD
:10C610008460C46050F8041C41F00F0140F8041C11
:10C62000016811400160016841F4804101600168C6
:10C6300021F440510160016821F44061016001680A
:10C6400021F440710160016841F0800101600168DE
:10C6500041F040010160016821F020010160446067
:10C660008460C46044608460C460016821F001019A
:10C6700001604FF400700390DF48049003AE8246DF
:10C6800048463146C0474FF4806031460390DB484E
:10C69000049083464846C047D94DDFF8D87605F563
:10C6A00000600290B847D748F8F743FD0420CDE971
:10C6B000030A03AE48463146C04708203146CDE95B
:10C6C000030B4846C047D04800F5A0500190B8473A
:10C6D000CE48CF4ECF4A315841F008013150315841
:10C6E00041F004013150315821F40071315031587A
:10C6F00021F480613150B15821F48071B150B158AA
:10C7000021F40071B150315841F0200131503158BD
:10C7100041F040013150315841F4005131504FF453
:10C720008060CDE9030A03AFBB4839468246C04763
:10C730004FF400603946CDE9030B5046C047DFF89F
:10C7400034B63046D847F068F8F74AFD1020039019
:10C75000A948049003AF009E39463046C0472020C8
:10C7600039460390A548824604903046C047AB4AFC
:10C770000121AB4ED06861F31F70D0603046D847BE
:10C78000F0680DF10C0B5946F8F72AFD4FF4805074
:10C79000039099480490A3480746C047042059468F
:10C7A000CDE9030A07F58060C047DFF8C81506F534
:10C7B0008060009088479C48F8F7BBFC20200390DD
:10C7C0008D48049003AF824648463946C047402012
:10C7D00039460390894804904846C047802039462E
:10C7E000CDE9030A4846C047E8690121C3464FF036
:10C7F000010820F40060E861286820F40040286007
:10C80000286820F480402860286820F48060286030
:10C81000286840F400702860286840F48070286020
:10C82000286840F004002860686820F48070686020
:10C83000286861F3C5002860286820F0800028601F
:10C84000286820F400602860286840F00200286012
:10C85000286840F001002860286840F04000286007
:10C860000391CDF810A003A94846D8474FF0804661
:10C870004FF002096D4D06270DF1210200213068AD
:10C8800020F070003060306869F309203060306853
:10C8900020F0800030604EF65F20A8625020686271
:10C8A000286940F001002861686820F08000686015
:10C8B000286820F070002860306840F00800306080
:10C8C0004FF08040F8F76AFB686920F00800686163
:10C8D0002C63686940F004006861306840F0010032
:10C8E0003060A86840F00100A860402003905048E4
:10C8F00004904C4803A9D847484E0321706861F35F
:10C900000B2043F697217060D5F8FC0320F07000EF
:10C91000C5F8FC03D5F8FC0320F44070C5F8FC030F
:10C92000D5F8FC0320F08000C5F8FC0341484162C3
:10C9300040F2CF710162C16841F00101C16001683C
:10C9400021F080010160D5F8001421F07001C5F8D4
:10C950000014816921F001018161816921F00201E6
:10C960008161816921F008018161016968F3010138
:10C970000161016921F0F0010161016921F00C01FF
:10C980000161816941F001018161D5F8FC1341F039
:10C990000101C5F8FC13416841F0020141604FF408
:10C9A0000040CDE9030A1C4803A9D8473068224D4E
:10C9B0000DF12102022169F303003060286820F0A4
:10C9C00070002860286820F440702860286820F0F3
:10C9D00080002860FF20E8621320A862686940F0A8
:10C9E000010068612846F8F7D9FAA8694FF0FF31CD
:10C9F00000F024B80800024000040802000400020D
:10CA0000003001400C380140003000400CFCFFFFBA
:10CA10000048004014FCFFFF000C014020000140D2
:10CA2000004C0040001001400C5000400400004049
:10CA30000004000108040040004C0140DFF850C32E
:10CA4000D44AD54BD64FD84E20F40060A861A869CF
:10CA500020F48060A861AC63286840F00100286081
:10CA6000C848CE4D8160016821F018010160C649B7
:10CA7000C160016821F060010160016821F080015E
:10CA80000160016841F001010160BB4945F2555068
:10CA90000860486868F30200486040F69F7088604C
:10CAA0004AF6AA200860B948BE49C6E90253C6E959
:10CAB000042C80F8C040C0E90071C0E90253C0E90D
:10CAC000042CBA48C6E90071D221A847B268B84818
:10CAD0001E219047B268B74814219047B268B64803
:10CAE00001219047B268B5480A214FF00A089047E3
:10CAF000B268B34832219047B268B2484FF4C87167
:10CB00009047B268B04805219047B268AF48052108
:10CB10009047B268AE4805219047B268AD484EF6DE
:10CB200060219047B268AC480A219047AB48282161
:10CB3000AB4A4FF48033AB4D4FF00117C1844FF037
:10CB40003211C0E912320122C0E91075A84FA74B7B
:10CB5000A94DC4850484C0E904444460047084621F
:10CB600080F82C40C0F83240C48680F85040C0F8AD
:10CB70008E40C0F88A80A0F8884080F85340A0F822
:10CB80005140C0F82210C821826380F8562080F8F6
:10CB90005420954AC161A0F83E11A0F83611A0F8C2
:10CBA0002E11A0F81811A0F81011A0F80811A0F883
:10CBB000F210A0F8EA10A0F8E210A0F8D210A0F845
:10CBC000CA10A0F8C210A0F8BA108C49C0F862319F
:10CBD000C0F85631874BC0F84A51C0F82451C0F80C
:10CBE000FE506425C0F85E71C0F85271C0F84671FD
:10CBF000C0F8FA70C0F86621C0F85A21C0F8422186
:10CC0000C0F83A21C0F83221C0E94727C0F8142102
:10CC1000C0F80C21C0F8F620C0F8EE20C0F8E620DD
:10CC2000C0F8D620C0F8CE20C0F8C620C0F8BE207C
:10CC3000784AA0F8DA50A0F8B250C0F8A6107049AF
:10CC4000C0F84E31C0F82A31C0F80431C0F8DE30E7
:10CC5000C0F8B63042670266714AC0F8A21069494E
:10CC6000C0F89E106849C0F89A106849C0F896103C
:10CC70006749C0F89210302180F8781080F864106D
:10CC800065486649C0E9412100210470802905D02A
:10CC900042180131547082F88240F7E76149624BD3
:10CCA0000022634D4FF081440A62CA614A610A6101
:10CCB000CA604B625D4B80F881205E48C1E9005438
:10CCC0008B60886228485C4902688A420AD15B49C5
:10CCD000264C61605A496160FCF7B6FB206940F060
:10CCE000800020615749584C06F11800A047574969
:10CCF00006F12800A04702985549B06306F13C00B0
:10CD0000A047544906F14C00A0470198534F524D9B
:10CD1000F06528463946A04705F110003946A0477E
:10CD200016484F4F286205F124003946A04705F107
:10CD300034003946A04712484A4F686405F148005C
:10CD40003946A04705F158003946A047009840F6FB
:10CD5000B932A8664448C16CC36C5B1A9342FBD3DA
:10CD600070688047FCE700BF0038000800200240E0
:10CD70007DB50008D1DD00080030004000480040CB
:10CD8000004C004008300240B71DC104342300208D
:10CD900061D500088DD50008D1D40008A5D40008BD
:10CDA000BDD500082DD500081002002025B60008CA
:10CDB000F9B6000899770008C97A0008D1DE0008A2
:10CDC00071CE0008C5930008E5D00008DDD5000845
:10CDD000D1D9000865D3000875940008002A002006
:10CDE000000101000100000232000A000A00C80030
:10CDF000C800320014003C000A00640050003C00EF
:10CE000032007C015E013C00320028001E0040011F
:10CE10002C012800312E302E802B00205953000881
:10CE2000037700080423002000B8084700204B4780
:10CE300000007A44007F3B47384B5441230167454B
:10CE4000AB89EFCD040F0020EDD2000804130020C1
:10CE500004170020041B002070020020041F002083
:10CE600004070020040B0020A0010020FAF760FC5A
:10CE700010B5924C2078012840F0978094F840003B
:10CE800094F83A10012808BF002908D0022808BFEA
:10CE9000002922D0002900F08180FF207AE094F858
:10CEA0003B00032826D0002840F07E8094F83810FC
:10CEB00000293CD094F8392094F84A00012908BF91
:10CEC000012A3CD001290CBF002A00286AD17C48E5
:10CED0000121017094F8220050E094F8500078B1DC
:10CEE0007749012008706068FA283BD3642084F8F1
:10CEF0002500D2E772480121017094F824003DE03A
:10CF000094F84F0018B3012859D194F888000328E9
:10CF100050D8DFE800F002A38F99F8F7A6F849D8B7
:10CF2000DFE800F002C5B0BCB4F8B60026E06068E7
:10CF300063493C380A78092875D89AB371E001280A
:10CF4000C0D16068FA2808D246280DD22AE05C4990
:10CF5000012008706068FA2804D3642084F8250052
:10CF60008F2017E046285AD3F7F77DFC554A564BD9
:10CF7000F7F7C1F9F7F7B1FC84F82500F7F773FC70
:10CF8000524A534BF7F7B7F9524B0022F7F70CF917
:10CF9000F7F7C2FC5049086094F84000022805D019
:10CFA000012802D194F83B0078B110BD94F84F00ED
:10CFB000012804D194F83A10484831BB12E0002807
:10CFC000F3D1606845281FD9EFE794F83800D8B14D
:10CFD00094F83A10C1B90128E7D194F83900002833
:10CFE000E3D13E484FF4804101603D4894F852201F
:10CFF00001880AB9013901800904D6D1012184F8D8
:10D0000052100A21018010BD34484FF48041416024
:10D0100033480A210180002084F8520010BD3B28CB
:10D0200005D93420B6E70020002AB3D000E0002064
:10D030000870AFE7F8F719F8BCD8DFE800F002266F
:10D040001A1DB4F8040199E7F8F70FF8B2D8DFE831
:10D0500000F002281622B4F82A018FE7F8F705F845
:10D060003FF6A8AFDFE800F002261420B4F8DE0097
:10D0700084E7B4F8140181E7B4F81C017EE7B4F842
:10D080003A017BE7B4F8C60078E7B4F80C0175E71D
:10D09000B4F8EE0072E7B4F842016FE7B4F8CE00DE
:10D0A0006CE7B4F8320169E7B4F8F60066E7B4F863
:10D0B000BE0063E7B4F8E60060E700BF002A002086
:10D0C000302300209A9999999999D93F14AE47E154
:10D0D0007A14F23F00003E40384C0140100C0140F1
:10D0E000580000202DE9F041BC4EF08F411CB6F8ED
:10D0F0004000F18789B201300529A6F840004ED3DF
:10D10000DFF8188F98F8481001293FD0002944D142
:10D11000714F01204FF4807187F80C014FF40170BA
:10D1200007F50175A7F80A016C48C7F806016C48B5
:10D13000C7F80201F7F7DEFF002007F581742946E2
:10D140001022A7F81101C7F80D012046FAF774FB69
:10D15000F7F78EFE63490A6842F001020A60010E89
:10D1600087F81601162287F81311010C87F814119D
:10D17000010AF02087F8151187F817010020F8F749
:10D1800058F8B6F8400008F1480104E0022188F898
:10D19000481008F14D0102220A700021F18780B287
:10D1A000642844D34C4F06204FF0000887F808014C
:10D1B000012007F50175A7F80D81A7F806014A4877
:10D1C000C7F802016C48816987F80B1190F841108B
:10D1D000008900BA87F80C114FF48071000CA7F891
:10D1E0000901F7F787FF07F5817429460C222046CD
:10D1F000FAF722FB28460321FAF740FB39490A686F
:10D2000042F001020A60010E87F81201122287F82B
:10D210000F11010C87F81011010AF02087F8111185
:10D2200087F813010020F8F704F8A6F840802A4E8A
:10D230000020741C214600F001FE86F80101C0B2F6
:10D24000162844D17078D1283ED1B07DF0283BD14A
:10D2500006F501754FF48071F7F74CFF204629461B
:10D260001022FAF7E9FAF7F703FE1E490A6842F0BE
:10D2700001020A60B17CB1EB106F25D1F27CC0F3E2
:10D2800007418A4220D1317DC0F3072291421BD150
:10D29000717DC0B2814217D1B278F1787079012ADC
:10D2A00008BF012905D0022A08BF012906D000BF06
:10D2B0000AE00028F7D10748002103E00028F6D152
:10D2C0000448012180F84810002086F80101BDE8DB
:10D2D000F08100BFA0000020F823002001000A0117
:10D2E000D101010008300240D1010200816000211B
:10D2F0004FF480630022016083809A4228BF704708
:10D300008368995401328388F7E7428803889342FF
:10D3100004BF0220704783689A5C0A704288818843
:10D320000132B2FBF1F303FB112141800020704771
:10D33000B0B502888388541CB4FBF3F505FB134396
:10D340004488A34204BF0120B0BD83689954028879
:10D3500081880132B2FBF1F303FB1121018000202F
:10D36000B0BD00000448D0E95C12013142F1000276
:10D37000C0E95C12704700BF002A0020B0B5174C0E
:10D38000B4F8440009280FD80A20FDF7DFFEB4F8EE
:10D390004410B4F8422010440131A4F8441082B281
:10D3A00089B2B2FBF1F110E0B4F842000A25B0FBFB
:10D3B000F5F1401AA4F842000A20FDF7C7FEB4F8C0
:10D3C0004210084481B2B1FBF5F1A4F842000A0909
:10D3D0008808FE2A88BF4FF47F70B0BDA0010020EE
:10D3E00070B54FF400735578947846688B4026EA00
:10D3F0000303436001F1090304FA03F344689BB299
:10D40000234343604FF4807344688B4024EA030352
:10D41000052443604B00066A9C4026EA040401F19F
:10D4200008060462B5404668ADB23543022945603E
:10D430000AD0B1B9816921F0030181611178856950
:10D4400061F3061585610CE0816921F44071816109
:10D450001178856901F0070125F4E04545EA0131BD
:10D46000816108211679D578994024EA0101DC1CF4
:10D4700006FA04F44FF6FE7634400126214343F0C9
:10D480000104A64005FA04F4B143A4B221430162A9
:10D49000547992799C4002339A40224392B21143CC
:10D4A000016270BD4C4A92F8C0300D2B84BF012040
:10D4B000704710B55C1C03EB430382F8C04002EBDD
:10D4C000830290610020D183918382F8200010BDF7
:10D4D00070B5414A144992F8C0300BB3042402F1EC
:10D4E00018060C6000248C605C1C013C18D006F10E
:10D4F0000C05366886422E46F7D1581EC3B282F814
:10D50000C0005B0053FA80F002EB8000D0E90623F4
:10D5100045E9032390F8200005F8040C002000E002
:10D52000012004220A6070BD10E000E070B52A4CB2
:10D53000002694F8C00004F11805864228BF70BD8B
:10D54000A98849B9297A012906D0E988A9802968DA
:10D5500011B1884794F8C0000C350136EDE700BFE3
:10D5600010B51D4A02F1180392F8C0200132013AA9
:10D5700004BF012010BD03F10C041B688342234645
:10D58000F5D1002004F8041C10BD00BF10B5124AEC
:10D5900002F1180392F8C0200132013A04BF0120C1
:10D5A00010BD03F10C041B6883422346F5D1002013
:10D5B00024F8061C24F8081C10BD00BF064901F120
:10D5C0001C0091F8C01031B102880AB1013A028002
:10D5D00001390C30F7E7704734230020F8B5DFF845
:10D5E000CC7303207C1C214600F028FC87F8010145
:10D5F000C0B216284AD17878D12840F0A681B87DEB
:10D60000F02840F0A281F7F715FDF7F731FCC94982
:10D61000F7F75AFD40F09981FA7CC0F307418A423E
:10D6200040F09381397DC0F30722914240F08D8113
:10D63000797DC0B2814240F08881B978F8780129BB
:10D6400008BF062809D001291ED1002840F07D819D
:10D65000DFF860070F21817577E17879062800F0FF
:10D660006081072840F07181F87B0138082800F2BA
:10D670006C81DFE810F06E017D01710180017401A1
:10D680007A0183017701860100BF5EE1DFF824673C
:10D69000B07D0F2800F24381DFE810F010004E004B
:10D6A0008A002F00A900CD009B00E3004800DB00AA
:10D6B00028003E00C50023003C016400C248F7F783
:10D6C00006FA00F00B81002940F01681818B4A0890
:10D6D0000A31F42A88BF4FF4FA71818301EBC1014A
:10D6E0003AE0B848F7F772FCB748A1E00224F7F730
:10D6F00031FAB448F7F76AFC14E0B348F7F76CF96D
:10D7000000F0D280002940F0F78090F822100F2915
:10D710008CBF0A39052159E00124F7F71BFAA94803
:10D7200080F84C40A84880F84D40F6E0A548F7F74F
:10D73000E4FCA548002191E0A348F7F7C8F900F000
:10D74000BA80002940F0D880818BA1F10A026F29AC
:10D7500038BF6422F7F765FC0522B1FBF2F12031F6
:10D760000184C9E04FF48171002007F5817407F549
:10D7700001751022A7F80A118F49C7F80C01C7F8E4
:10D780000F012046C7F806118C49C7F80211294637
:10D79000FAF752F8F7F76CFB894908658448F7F700
:10D7A00055FC086DF7F7AAFB0320F7F742FDB4E03C
:10D7B0008548F7F711F900F08880002940F09C8037
:10D7C00090F82210BE2934BF0A31C82180F82210F7
:10D7D00092E07D48F7F769FC5BD2B0F89E2090F8A4
:10D7E000A0400323F7F761FBB0F8A24046E076487B
:10D7F000F7F7BDFB4DD2B0F8922090F8944080F836
:10D800008930828390F8382080F82240B0F8964022
:10D81000012AA0F88A403FD0002A3FD1022918BF30
:10D8200080F838303AE06748F7F7D0FB66480021C7
:10D8300080F8411071E06448F7F737FC29D2B0F85E
:10D84000982090F89A400223F7F72FFBB0F89C40FD
:10D8500014E05C48F7F751FC5B48032180F83B106B
:10D860005BE05948F7F721FC13D2B0F8A42090F8F8
:10D87000A6400423F7F719FBB0F8A840012AA0F846
:10D880008A4009D052B902291CBF012180F8381002
:10D8900004E090F8893001E0002101854B4845F211
:10D8A0005401F7F78EF835E090F824100F298CBF5B
:10D8B0000A3905210FE0018CA1F13202B1F5837F15
:10D8C00098BFD422F7F727FC12E090F82410BE2965
:10D8D00034BF0A31C82180F824100DE0F7F714FC9A
:10D8E00088BF4FF4697202EB82010284A03989B2C9
:10D8F0000922B1FBF2F1818390F83810012907D099
:10D9000041B9F7F7DDFB1CBF012180F8381001E0B9
:10D91000002101852B48F7F759FB1020B07500BF97
:10D92000F8BDF87B013811280FD80FF20C01D1E8AF
:10D9300000F000BF08300240101F1322161C2519EA
:10D940003A370C0C0C2E34312B28002087F80101BB
:10D950009CE6184804217EE6164806217BE6154819
:10D96000002178E61348032175E61248012172E68A
:10D97000104805216FE60F4807216CE60D4802218B
:10D9800069E60C480E2166E60A480C2163E6094860
:10D990000A2160E607480D215DE606480B215AE69C
:10D9A0000448082157E60348092154E6DC02002018
:10D9B000083002400000002001000A01D1010100EE
:10D9C000A0010020A0000020002A0020802B0020C1
:10D9D000F8B5DFF8D87304207C1C214600F02EFA3D
:10D9E00087F80101C0B216284AD17878D12840F0D2
:10D9F000AC81B87DF02840F0A881F7F71BFBF7F762
:10DA000037FACC49F7F760FB40F09F81FA7CC0F30E
:10DA100007418A4240F09981397DC0F30722914243
:10DA200040F09381797DC0B2814240F08E81B97817
:10DA3000F878012908BF062809D001291ED100283D
:10DA400040F08381DFF86C030F21C1757DE17879A7
:10DA5000062800F06681072840F07781F87B0138BE
:10DA6000082800F27281DFE810F074018301770169
:10DA700086017A01800189017D018C0100BF64E18A
:10DA8000DFF83063F07D0F2800F24981DFE810F005
:10DA900010004F008F003000AE00D000A000E60064
:10DAA0004900DE0029003F00C80024004201650053
:10DAB000DFF86405F7F70BF800F01081002940F05B
:10DAC0001B81818B4A080A31F42A88BF4FF4FA710E
:10DAD000818301EBC1013AE0BA48F7F777FABA4817
:10DAE000A3E00224F7F736F8B648F7F76FFA14E028
:10DAF000B548F6F771FF00F0D780002940F0FC80B0
:10DB000090F822100F298CBF0A3905215DE001240D
:10DB1000F7F720F8AB4880F84C40AB4880F84D4010
:10DB2000FBE0A848F7F7E9FAA748002193E0A648E8
:10DB3000F6F7CDFF00F0BF80002940F0DD80818B3B
:10DB4000A1F10A026F2938BF6422F7F76AFA0522A9
:10DB5000B1FBF2F120310184CEE04FF4817007F582
:10DB600001754FF48071A7F80A019348C7F80601C0
:10DB70009248C7F80201F7F7BDFA002007F5817453
:10DB800029461022C7F80F01C7F80C012046F9F703
:10DB900053FEF7F76DF98A4948658548F7F756FA55
:10DBA000486DF7F7ABF90420F7F743FBB5E086487B
:10DBB000F6F712FF00F08980002940F09D8090F870
:10DBC0002210BE2934BF0A31C82180F8221093E008
:10DBD0007D48F7F76AFA5CD2B0F8A220032390F8E8
:10DBE000A040F7F719FAB0F89E2044E07648F7F71E
:10DBF000BEF94ED2B0F8962090F89440F7F70CFAA0
:10DC0000B0F8922080F82240828390F83820012AD0
:10DC100042D0002A42D1022918BF80F838303DE0B6
:10DC20006848F7F7D3F9FC48002180F8411074E008
:10DC3000F948F7F73AFA2CD2B0F89C2090F89A40BD
:10DC40000223F7F7E9F9B0F8982014E0F348F7F762
:10DC500054FAF148032180F83B105EE0EE48F7F7F4
:10DC600024FA16D2B0F8A820042390F8A640F7F7BB
:10DC7000D3F9B0F8A420828390F83820012A80F8E4
:10DC8000224009D052B902291CBF012180F8381066
:10DC900004E090F8893001E0002101854B4845F20D
:10DCA0005401F6F78EFE35E090F824100F298CBF52
:10DCB0000A3905210FE0018CA1F13202B1F5837F11
:10DCC00098BFD422F7F727FA12E090F82410BE2963
:10DCD00034BF0A31C82180F824100DE0F7F714FA98
:10DCE00088BF4FF4697202EB82010284A03989B2C5
:10DCF0000922B1FBF2F1818390F83810012907D095
:10DD000041B9F7F7DDF91CBF012180F8381001E0B7
:10DD100000210185C148F7F759F91020F07500BFBF
:10DD2000F8BDF87B013811280FD80FF20C01D1E8AB
:10DD300000F000BF08300240101F1322161C2519E6
:10DD40003A370C0C0C2E34312B28002087F80101B7
:10DD500096E61848042178E61648062175E6154827
:10DD6000002172E6134803216FE6124801216CE698
:10DD70001048052169E60F48072166E60D48022193
:10DD800063E60C480E2160E60A480C215DE609486E
:10DD90000A215AE607480D2157E606480B2154E6AA
:10DDA0000448082151E6034809214EE6F00400200A
:10DDB000083002400000002001000A01D1010100EA
:10DDC000A0010020A0000020002A0020802B0020BD
:10DDD000B0B586B001AD04462846F9F759FD15499E
:10DDE00005F10C00144A8C4208BF05F108004FF4FD
:10DDF000E131006800EB80004000B0FBF1F1B0FBC6
:10DE0000F2F000EB8002524201EB42014FF6FF724A
:10DE1000042988BF0130A16891430844A060E068EC
:10DE200020F48050E060206920F44050206106B06A
:10DE3000B0BD00BF003801400094110070B501383A
:10DE40000C46C0B2032899BF204951F820501E4803
:10DE500000F11805687B002602280BD128462146D0
:10DE6000FFF753FA002804BF013601340228F5D128
:10DE700000206873B0B270BDF8B5013814460D4685
:10DE8000C0B2032899BF114951F820700E4800F123
:10DE9000180707F110063CB129783046FFF748FA19
:10DEA00080B9013C0135F6E7787F01280AD00DF1F1
:10DEB00003013046FFF729FA386A9DF803104160E4
:10DEC00001207877F8BD00BF1002002040E0000874
:10DED00010B550480068C0F300124F4882F00101AD
:10DEE00090F8403080F83910012B0CD190F8383080
:10DEF000012B36D0002B40F08B80002180F8382099
:10DF000080F82C1077E0022B40F0828090F84F20B0
:10DF1000012A7DD190F85020002A79D142682E2A1A
:10DF200006D340F289239A4202D84369952B61D8DF
:10DF300000295FD1418D01318BB241854B2B67D3D5
:10DF400040F28A244169A24228BF96294CD240F26D
:10DF5000EE24A3425CD32D2A50D895294ED9022114
:10DF60004FE090F83B2042F00203022B50D1022AEE
:10DF700005D121B1002280F83B2042681CE04268B4
:10DF80002E2A03D340F28A239A4215D3A1B9438D96
:10DF900040F28A2401334385A2429BB228BF4B2B17
:10DFA00022D240F2EE24A34208D32D2A25D8012103
:10DFB00080F82C1002211BE00023438541B390F828
:10DFC0004A10012924D1462A22D8018D0131018528
:10DFD00089B2C9291CD300210222018580F838109A
:10DFE0000E4981F84C2010E0012180F82C1003210B
:10DFF00080F83A100021418510BD4169952902D869
:10E00000012180F83A1000214185012180F82C106F
:10E0100010BD00BF08100140002A0020A000002011
:10E0200002E008C8121F08C1002AFAD170477047E1
:10E03000002001E001C1121F002AFBD1704700003F
:10E040004C0200207002002094020020B802002040
:10E05000000000000102030408020706060505048B
:10E06000040403030302020202020101020201018D
:10E070000100FFFFFFFEFEFEFEFCFBFBFAF9F8F7D6
:10E08000F10C0707060404030200FFFEFDFCFDFD82
:10E09000FDFCFCFCFCFBF7F5F5F5F3F2F0EEEDEB27
:10E0A000EAE9E8E8E8E7E5E2DFDE0000D0E00008C2
:10E0B00000000020A000000020E0000870E100083F
:10E0C000A0000020F02F000030E000080000000059
:10E0D0000D0A0A0A0A0A0A0A0A0A0A0A0A0A0A0A9D
:10E0E0000A0A0A0A0A0A1010E803E803E803E80328
:10E0F0005AA5068250390000005AA50682504700F2
:10E1000000005AA5078200845A0100015AA50B821B
:10E1100003105AA50100000100005AA50B8203104C
:10E120005AA50100010100000A00040000000000DF
:10E13000000000000A00000045B5000800000000D3
:10E14000000000000A0000006DB50008000000009B
:10E15000000000000A00000051B5000800000000A7
:10E16000000000000A0000005DB50008000000008B
:04000005080041713D
:00000001FF
